{"type":"FeatureCollection","features":[{"type":"Feature","properties":{"route_id":"1","shape_id":"10008","route_short_name":"1","route_long_name":"Mt. Adams","route_color":"#2A75B0","route_text_color":"#000000"},"geometry":{"type":"LineString","coordinates":[[-84.509974,39.1015],[-84.509469,39.10169],[-84.503956,39.102483],[-84.502651,39.101258],[-84.500256,39.102711],[-84.498933,39.103257],[-84.493486,39.107009],[-84.493317,39.107401],[-84.493566,39.108408],[-84.49297,39.109654],[-84.492988,39.110353],[-84.497116,39.110635],[-84.497251,39.109956],[-84.499034,39.110251],[-84.499234,39.108603],[-84.5001,39.107234],[-84.49994,39.107178],[-84.499831,39.10779],[-84.499234,39.108603],[-84.498862,39.111773],[-84.497593,39.112137],[-84.49741,39.112828],[-84.497213,39.11301],[-84.495359,39.11313],[-84.49552,39.114424],[-84.49539,39.114743],[-84.494672,39.114428],[-84.493505,39.11456],[-84.493465,39.113612],[-84.4928,39.112955],[-84.492366,39.112899],[-84.491609,39.113366],[-84.491252,39.114851],[-84.489735,39.116328],[-84.488968,39.117394],[-84.487999,39.11826],[-84.486778,39.12015],[-84.485898,39.128889],[-84.484237,39.1288],[-84.48427,39.127933]]}},{"type":"Feature","properties":{"route_id":"1","shape_id":"10007","route_short_name":"1","route_long_name":"Mt. Adams","route_color":"#2A75B0","route_text_color":"#000000"},"geometry":{"type":"LineString","coordinates":[[-84.48427,39.127933],[-84.484368,39.127092],[-84.489496,39.127443],[-84.490355,39.125948],[-84.486237,39.125661],[-84.486778,39.12015],[-84.487999,39.11826],[-84.488968,39.117394],[-84.489735,39.116328],[-84.491252,39.114851],[-84.491609,39.113366],[-84.492366,39.112899],[-84.4928,39.112955],[-84.493247,39.113285],[-84.493498,39.113719],[-84.493306,39.114817],[-84.494527,39.114419],[-84.49539,39.114743],[-84.49552,39.114424],[-84.495359,39.11313],[-84.497213,39.11301],[-84.49741,39.112828],[-84.497593,39.112137],[-84.498862,39.111773],[-84.499234,39.108603],[-84.5001,39.107234],[-84.49994,39.107178],[-84.499831,39.10779],[-84.499234,39.108603],[-84.499034,39.110251],[-84.497251,39.109956],[-84.497116,39.110635],[-84.492988,39.110353],[-84.49297,39.109654],[-84.49353,39.108543],[-84.493598,39.107994],[-84.494584,39.106497],[-84.498591,39.103917],[-84.503266,39.102931],[-84.503956,39.102483],[-84.503635,39.102177],[-84.50369,39.101833],[-84.504857,39.10112],[-84.512678,39.099958],[-84.512967,39.101111],[-84.509974,39.1015]]}},{"type":"Feature","properties":{"route_id":"10","shape_id":"100011","route_short_name":"10","route_long_name":"Madison Rd/ Erie Ave","route_color":"#FF8000","route_text_color":"#000000"},"geometry":{"type":"LineString","coordinates":[[-84.385745,39.160814],[-84.385492,39.163066],[-84.387364,39.163204],[-84.38749,39.162208],[-84.385604,39.162074],[-84.385818,39.160102],[-84.382258,39.159843],[-84.381459,39.159249],[-84.380675,39.154822],[-84.37971,39.150817],[-84.400901,39.152316],[-84.403517,39.150309],[-84.406264,39.149971],[-84.407186,39.150112],[-84.408361,39.151106],[-84.408589,39.151622],[-84.408532,39.152548],[-84.408687,39.152979],[-84.413364,39.154354],[-84.416452,39.154439],[-84.418239,39.154178],[-84.42298,39.153885],[-84.422834,39.154787],[-84.421499,39.1566],[-84.420863,39.160747],[-84.42477,39.160822],[-84.424616,39.162778],[-84.420765,39.162536],[-84.420735,39.161976],[-84.421499,39.1566],[-84.422759,39.154919],[-84.422961,39.154172],[-84.422948,39.152934],[-84.422229,39.151902],[-84.421451,39.149772],[-84.422287,39.141303],[-84.424465,39.141428],[-84.424894,39.141261],[-84.425007,39.140716],[-84.42431,39.140034],[-84.424208,39.13958],[-84.424344,39.13928],[-84.425448,39.138283],[-84.426738,39.137955],[-84.450965,39.140564],[-84.456494,39.137222],[-84.45898,39.133442],[-84.459546,39.133036],[-84.461192,39.132298],[-84.463742,39.131856],[-84.466298,39.130651],[-84.468128,39.130233],[-84.476631,39.129579],[-84.476759,39.1296],[-84.476694,39.130317],[-84.475997,39.135629],[-84.46834,39.135126],[-84.468902,39.130152],[-84.476759,39.1296],[-84.476964,39.129083],[-84.478672,39.127183],[-84.479438,39.127046],[-84.482285,39.127291],[-84.483264,39.127021],[-84.489496,39.127443],[-84.492028,39.123039],[-84.498659,39.115752],[-84.500145,39.112888],[-84.501851,39.111142],[-84.503902,39.107419],[-84.505252,39.105807],[-84.506335,39.105307],[-84.507606,39.10535],[-84.512195,39.104676],[-84.511391,39.10149],[-84.511011,39.101548]]}},{"type":"Feature","properties":{"route_id":"10","shape_id":"100012","route_short_name":"10","route_long_name":"Madison Rd/ Erie Ave","route_color":"#FF8000","route_text_color":"#000000"},"geometry":{"type":"LineString","coordinates":[[-84.511011,39.101548],[-84.509787,39.101735],[-84.510401,39.104175],[-84.506268,39.104849],[-84.505535,39.105261],[-84.503456,39.107932],[-84.501696,39.111129],[-84.499927,39.113167],[-84.498541,39.115714],[-84.491961,39.12297],[-84.490355,39.125948],[-84.480684,39.125248],[-84.480321,39.12542],[-84.478762,39.127082],[-84.476964,39.129083],[-84.476759,39.1296],[-84.468128,39.130233],[-84.466298,39.130651],[-84.463742,39.131856],[-84.460836,39.132288],[-84.45898,39.133442],[-84.456494,39.137222],[-84.450965,39.140564],[-84.443347,39.139708],[-84.44274,39.139519],[-84.441656,39.139516],[-84.426738,39.137955],[-84.425448,39.138283],[-84.424344,39.13928],[-84.424208,39.13958],[-84.42431,39.140034],[-84.425007,39.140716],[-84.424894,39.141261],[-84.424465,39.141428],[-84.422287,39.141303],[-84.421451,39.149772],[-84.422229,39.151902],[-84.422948,39.152934],[-84.422961,39.154172],[-84.422759,39.154919],[-84.421499,39.1566],[-84.420863,39.160747],[-84.42477,39.160822],[-84.424616,39.162778],[-84.420765,39.162536],[-84.420734,39.162425],[-84.420918,39.160177],[-84.421263,39.158683],[-84.421462,39.156734],[-84.422834,39.154787],[-84.42298,39.153885],[-84.418239,39.154178],[-84.416452,39.154439],[-84.413364,39.154354],[-84.408687,39.152979],[-84.408438,39.151216],[-84.407561,39.150366],[-84.406704,39.149898],[-84.403697,39.150236],[-84.401089,39.15217],[-84.400727,39.152276],[-84.37971,39.150817],[-84.380976,39.156437],[-84.381459,39.159249],[-84.381316,39.159779],[-84.385818,39.160102],[-84.385745,39.160814]]}},{"type":"Feature","properties":{"route_id":"10","shape_id":"100013","route_short_name":"10","route_long_name":"Madison Rd/ Erie Ave","route_color":"#FF8000","route_text_color":"#000000"},"geometry":{"type":"LineString","coordinates":[[-84.511011,39.101548],[-84.509787,39.101735],[-84.510401,39.104175],[-84.506268,39.104849],[-84.505535,39.105261],[-84.503456,39.107932],[-84.501696,39.111129],[-84.499927,39.113167],[-84.498541,39.115714],[-84.491961,39.12297],[-84.490355,39.125948],[-84.48102,39.125225],[-84.480321,39.12542],[-84.476816,39.129278],[-84.475997,39.135629],[-84.46834,39.135126],[-84.468902,39.130152],[-84.466298,39.130651],[-84.463742,39.131856],[-84.460836,39.132288],[-84.459395,39.133116],[-84.45892,39.133523],[-84.456594,39.137136],[-84.450965,39.140564],[-84.443347,39.139708],[-84.44274,39.139519],[-84.441656,39.139516],[-84.426738,39.137955],[-84.425448,39.138283],[-84.424344,39.13928],[-84.424208,39.13958],[-84.42431,39.140034],[-84.425007,39.140716],[-84.424894,39.141261],[-84.424465,39.141428],[-84.422287,39.141303],[-84.421451,39.149772],[-84.422229,39.151902],[-84.422948,39.152934],[-84.422961,39.154172],[-84.422759,39.154919],[-84.421499,39.1566],[-84.420863,39.160747],[-84.42477,39.160822],[-84.424616,39.162778],[-84.420765,39.162536],[-84.420734,39.162425],[-84.420918,39.160177],[-84.421263,39.158683],[-84.421462,39.156734],[-84.422834,39.154787],[-84.42298,39.153885],[-84.418239,39.154178],[-84.416452,39.154439],[-84.413364,39.154354],[-84.408687,39.152979],[-84.408438,39.151216],[-84.407561,39.150366],[-84.406704,39.149898],[-84.403697,39.150236],[-84.401089,39.15217],[-84.400727,39.152276],[-84.37971,39.150817],[-84.380976,39.156437],[-84.381459,39.159249],[-84.381316,39.159779],[-84.385818,39.160102],[-84.385745,39.160814]]}},{"type":"Feature","properties":{"route_id":"10","shape_id":"100010","route_short_name":"10","route_long_name":"Madison Rd/ Erie Ave","route_color":"#FF8000","route_text_color":"#000000"},"geometry":{"type":"LineString","coordinates":[[-84.385745,39.160814],[-84.385492,39.163066],[-84.387364,39.163204],[-84.38749,39.162208],[-84.385604,39.162074],[-84.385818,39.160102],[-84.382258,39.159843],[-84.381459,39.159249],[-84.380675,39.154822],[-84.37971,39.150817],[-84.400901,39.152316],[-84.403517,39.150309],[-84.406264,39.149971],[-84.407186,39.150112],[-84.408361,39.151106],[-84.408589,39.151622],[-84.408532,39.152548],[-84.408687,39.152979],[-84.413364,39.154354],[-84.416452,39.154439],[-84.418239,39.154178],[-84.42298,39.153885],[-84.422834,39.154787],[-84.421499,39.1566],[-84.420863,39.160747],[-84.42477,39.160822],[-84.424616,39.162778],[-84.420765,39.162536],[-84.420735,39.161976],[-84.421499,39.1566],[-84.422759,39.154919],[-84.422961,39.154172],[-84.422948,39.152934],[-84.422229,39.151902],[-84.421451,39.149772],[-84.422287,39.141303],[-84.424465,39.141428],[-84.424894,39.141261],[-84.425007,39.140716],[-84.42431,39.140034],[-84.424208,39.13958],[-84.424344,39.13928],[-84.425448,39.138283],[-84.426738,39.137955],[-84.450965,39.140564],[-84.456494,39.137222],[-84.45898,39.133442],[-84.459546,39.133036],[-84.461192,39.132298],[-84.463742,39.131856],[-84.466298,39.130651],[-84.468128,39.130233],[-84.476759,39.1296],[-84.476964,39.129083],[-84.478672,39.127183],[-84.479438,39.127046],[-84.482285,39.127291],[-84.483264,39.127021],[-84.489496,39.127443],[-84.492028,39.123039],[-84.498659,39.115752],[-84.500145,39.112888],[-84.501851,39.111142],[-84.503902,39.107419],[-84.505252,39.105807],[-84.506335,39.105307],[-84.507606,39.10535],[-84.512195,39.104676],[-84.511391,39.10149],[-84.511011,39.101548]]}},{"type":"Feature","properties":{"route_id":"100","shape_id":"1000002","route_short_name":"100","route_long_name":"Streetcar - OTR - Banks","route_color":"#68C9F2","route_text_color":"#000000"},"geometry":{"type":"LineString","coordinates":[[-84.518309,39.11568],[-84.516081,39.106805],[-84.512852,39.107286],[-84.510542,39.098199],[-84.508948,39.098446],[-84.511553,39.108786],[-84.517997,39.107824],[-84.520463,39.117518]]}},{"type":"Feature","properties":{"route_id":"100","shape_id":"1000001","route_short_name":"100","route_long_name":"Streetcar - OTR - Banks","route_color":"#68C9F2","route_text_color":"#000000"},"geometry":{"type":"LineString","coordinates":[[-84.520463,39.117518],[-84.520499,39.117671],[-84.51888,39.117909],[-84.516081,39.106805],[-84.512852,39.107286],[-84.510542,39.098199],[-84.508948,39.098446],[-84.511553,39.108786],[-84.517997,39.107824],[-84.520463,39.117518]]}},{"type":"Feature","properties":{"route_id":"11","shape_id":"110021","route_short_name":"11","route_long_name":"Madison Road","route_color":"#F68923","route_text_color":"#000000"},"geometry":{"type":"LineString","coordinates":[[-84.511011,39.101548],[-84.509787,39.101735],[-84.510401,39.104175],[-84.506268,39.104849],[-84.505535,39.105261],[-84.503456,39.107932],[-84.501696,39.111129],[-84.499927,39.113167],[-84.498541,39.115714],[-84.491961,39.12297],[-84.490355,39.125948],[-84.480684,39.125248],[-84.480321,39.12542],[-84.478762,39.127082],[-84.476964,39.129083],[-84.476759,39.1296],[-84.468128,39.130233],[-84.466298,39.130651],[-84.463742,39.131856],[-84.460836,39.132288],[-84.45898,39.133442],[-84.457276,39.135936],[-84.456728,39.136986],[-84.456267,39.137378],[-84.4419,39.146005],[-84.440054,39.146557],[-84.434206,39.150541],[-84.433124,39.151101],[-84.431987,39.151996],[-84.422772,39.157626],[-84.423397,39.158063],[-84.425073,39.158172],[-84.42477,39.160822],[-84.418835,39.160629],[-84.418498,39.15975],[-84.412599,39.161974],[-84.393099,39.160603],[-84.392738,39.163581],[-84.385492,39.163066],[-84.385794,39.160338],[-84.385421,39.160528]]}},{"type":"Feature","properties":{"route_id":"11","shape_id":"110022","route_short_name":"11","route_long_name":"Madison Road","route_color":"#F68923","route_text_color":"#000000"},"geometry":{"type":"LineString","coordinates":[[-84.385421,39.160528],[-84.385137,39.160776],[-84.385351,39.16081],[-84.385469,39.160507],[-84.385794,39.160338],[-84.385492,39.163066],[-84.392738,39.163581],[-84.393099,39.160603],[-84.401598,39.161217],[-84.401617,39.161642],[-84.402053,39.162243],[-84.40198,39.163103],[-84.402344,39.16348],[-84.405141,39.164461],[-84.407613,39.164682],[-84.407143,39.168656],[-84.409602,39.168845],[-84.410168,39.16484],[-84.415057,39.165198],[-84.413186,39.162368],[-84.413015,39.161899],[-84.418498,39.15975],[-84.418835,39.160629],[-84.42477,39.160822],[-84.425073,39.158172],[-84.423397,39.158063],[-84.422772,39.157626],[-84.431206,39.152457],[-84.433339,39.151297],[-84.434206,39.150541],[-84.440054,39.146557],[-84.4419,39.146005],[-84.455775,39.137759],[-84.456728,39.136986],[-84.45892,39.133523],[-84.459546,39.133036],[-84.461192,39.132298],[-84.463742,39.131856],[-84.466298,39.130651],[-84.468128,39.130233],[-84.476759,39.1296],[-84.476964,39.129083],[-84.478672,39.127183],[-84.479903,39.127044],[-84.482431,39.127287],[-84.483264,39.127021],[-84.489496,39.127443],[-84.492028,39.123039],[-84.498659,39.115752],[-84.500145,39.112888],[-84.501851,39.111142],[-84.503902,39.107419],[-84.505252,39.105807],[-84.506335,39.105307],[-84.507606,39.10535],[-84.512195,39.104676],[-84.511391,39.10149],[-84.511011,39.101548]]}},{"type":"Feature","properties":{"route_id":"11","shape_id":"110025","route_short_name":"11","route_long_name":"Madison Road","route_color":"#F68923","route_text_color":"#000000"},"geometry":{"type":"LineString","coordinates":[[-84.385421,39.160528],[-84.385137,39.160776],[-84.385351,39.16081],[-84.385469,39.160507],[-84.385794,39.160338],[-84.385492,39.163066],[-84.392738,39.163581],[-84.393099,39.160603],[-84.400137,39.161102],[-84.401598,39.161217],[-84.401617,39.161642],[-84.402053,39.162243],[-84.401945,39.162927],[-84.402129,39.16333],[-84.404897,39.164401],[-84.415057,39.165198],[-84.413186,39.162368],[-84.413015,39.161899],[-84.418498,39.15975],[-84.418835,39.160629],[-84.42477,39.160822],[-84.425073,39.158172],[-84.423397,39.158063],[-84.422772,39.157626],[-84.431206,39.152457],[-84.433339,39.151297],[-84.434206,39.150541],[-84.440054,39.146557],[-84.4419,39.146005],[-84.455775,39.137759],[-84.456728,39.136986],[-84.45892,39.133523],[-84.459546,39.133036],[-84.461192,39.132298],[-84.463742,39.131856],[-84.466298,39.130651],[-84.468128,39.130233],[-84.476759,39.1296],[-84.476964,39.129083],[-84.478672,39.127183],[-84.479903,39.127044],[-84.482431,39.127287],[-84.483264,39.127021],[-84.489496,39.127443],[-84.492028,39.123039],[-84.498659,39.115752],[-84.500145,39.112888],[-84.501851,39.111142],[-84.503902,39.107419],[-84.505252,39.105807],[-84.506335,39.105307],[-84.507606,39.10535],[-84.512195,39.104676],[-84.511391,39.10149],[-84.511011,39.101548]]}},{"type":"Feature","properties":{"route_id":"11","shape_id":"110024","route_short_name":"11","route_long_name":"Madison Road","route_color":"#F68923","route_text_color":"#000000"},"geometry":{"type":"LineString","coordinates":[[-84.511011,39.101548],[-84.509787,39.101735],[-84.510401,39.104175],[-84.506268,39.104849],[-84.505535,39.105261],[-84.503456,39.107932],[-84.501696,39.111129],[-84.499927,39.113167],[-84.498541,39.115714],[-84.491961,39.12297],[-84.490355,39.125948],[-84.480684,39.125248],[-84.480321,39.12542],[-84.478762,39.127082],[-84.476964,39.129083],[-84.476759,39.1296],[-84.468128,39.130233],[-84.466298,39.130651],[-84.463742,39.131856],[-84.460836,39.132288],[-84.45898,39.133442],[-84.457276,39.135936],[-84.456728,39.136986],[-84.456267,39.137378],[-84.4419,39.146005],[-84.440054,39.146557],[-84.434206,39.150541],[-84.433124,39.151101],[-84.431987,39.151996],[-84.422772,39.157626],[-84.423397,39.158063],[-84.425073,39.158172],[-84.42477,39.160822],[-84.418835,39.160629],[-84.418498,39.15975],[-84.412599,39.161974],[-84.413255,39.162434],[-84.414613,39.164464],[-84.414916,39.164926],[-84.414726,39.165174],[-84.404897,39.164401],[-84.402129,39.16333],[-84.401945,39.162927],[-84.402053,39.162243],[-84.401617,39.161642],[-84.401598,39.161217],[-84.400137,39.161102],[-84.393099,39.160603],[-84.392738,39.163581],[-84.385492,39.163066],[-84.385794,39.160338],[-84.385421,39.160528]]}},{"type":"Feature","properties":{"route_id":"11","shape_id":"110023","route_short_name":"11","route_long_name":"Madison Road","route_color":"#F68923","route_text_color":"#000000"},"geometry":{"type":"LineString","coordinates":[[-84.511011,39.101548],[-84.509787,39.101735],[-84.510401,39.104175],[-84.506268,39.104849],[-84.505535,39.105261],[-84.503456,39.107932],[-84.501696,39.111129],[-84.499927,39.113167],[-84.498541,39.115714],[-84.491961,39.12297],[-84.490355,39.125948],[-84.480684,39.125248],[-84.480321,39.12542],[-84.478762,39.127082],[-84.476964,39.129083],[-84.476759,39.1296],[-84.468128,39.130233],[-84.466298,39.130651],[-84.463742,39.131856],[-84.460836,39.132288],[-84.45898,39.133442],[-84.457276,39.135936],[-84.456728,39.136986],[-84.456267,39.137378],[-84.4419,39.146005],[-84.440054,39.146557],[-84.434206,39.150541],[-84.433124,39.151101],[-84.431987,39.151996],[-84.422772,39.157626],[-84.423397,39.158063],[-84.425073,39.158172],[-84.42477,39.160822],[-84.418835,39.160629],[-84.418498,39.15975],[-84.412599,39.161974],[-84.413255,39.162434],[-84.414613,39.164464],[-84.414916,39.164926],[-84.414726,39.165174],[-84.407613,39.164682],[-84.407143,39.168656],[-84.409602,39.168845],[-84.410168,39.16484],[-84.405141,39.164461],[-84.402344,39.16348],[-84.40198,39.163103],[-84.402053,39.162243],[-84.401617,39.161642],[-84.401598,39.161217],[-84.393099,39.160603],[-84.392738,39.163581],[-84.385492,39.163066],[-84.385794,39.160338],[-84.385421,39.160528]]}},{"type":"Feature","properties":{"route_id":"11","shape_id":"110020","route_short_name":"11","route_long_name":"Madison Road","route_color":"#F68923","route_text_color":"#000000"},"geometry":{"type":"LineString","coordinates":[[-84.385421,39.160528],[-84.385137,39.160776],[-84.385351,39.16081],[-84.385469,39.160507],[-84.385794,39.160338],[-84.385492,39.163066],[-84.392738,39.163581],[-84.393099,39.160603],[-84.412599,39.161974],[-84.418498,39.15975],[-84.418835,39.160629],[-84.42477,39.160822],[-84.425073,39.158172],[-84.423397,39.158063],[-84.422772,39.157626],[-84.431206,39.152457],[-84.433339,39.151297],[-84.434206,39.150541],[-84.440054,39.146557],[-84.4419,39.146005],[-84.455775,39.137759],[-84.456728,39.136986],[-84.45892,39.133523],[-84.459546,39.133036],[-84.461192,39.132298],[-84.463742,39.131856],[-84.466298,39.130651],[-84.468128,39.130233],[-84.476759,39.1296],[-84.476964,39.129083],[-84.478672,39.127183],[-84.479903,39.127044],[-84.482431,39.127287],[-84.483264,39.127021],[-84.489496,39.127443],[-84.492028,39.123039],[-84.498659,39.115752],[-84.500145,39.112888],[-84.501851,39.111142],[-84.503902,39.107419],[-84.505252,39.105807],[-84.506335,39.105307],[-84.507606,39.10535],[-84.512195,39.104676],[-84.511391,39.10149],[-84.511011,39.101548]]}},{"type":"Feature","properties":{"route_id":"12","shape_id":"120013","route_short_name":"12","route_long_name":"Madisonville Commuter","route_color":"#C2D231","route_text_color":"#000000"},"geometry":{"type":"LineString","coordinates":[[-84.508512,39.118638],[-84.508745,39.118652],[-84.508454,39.121929],[-84.508384,39.127116],[-84.508743,39.127829],[-84.508621,39.128222],[-84.507971,39.129],[-84.511407,39.129214],[-84.510884,39.134012],[-84.51048,39.134654],[-84.50942,39.13539],[-84.50912,39.136056],[-84.509514,39.138234],[-84.509297,39.14219],[-84.508237,39.142374],[-84.504046,39.142107],[-84.502354,39.142885],[-84.500181,39.142874],[-84.501314,39.132613],[-84.499734,39.132861],[-84.497171,39.132905],[-84.496933,39.133742],[-84.496892,39.134885],[-84.489718,39.134527],[-84.48895,39.136422],[-84.488182,39.13737],[-84.485953,39.138732],[-84.481732,39.142819],[-84.480582,39.143422],[-84.4792,39.143761],[-84.477835,39.143781],[-84.470683,39.143145],[-84.468973,39.142593],[-84.468652,39.142198],[-84.46864,39.141579],[-84.467051,39.14139],[-84.465713,39.141659],[-84.464558,39.141624],[-84.462601,39.14206],[-84.457513,39.143969],[-84.456625,39.144098],[-84.455448,39.143444],[-84.455084,39.14282],[-84.454977,39.141997],[-84.455169,39.139681],[-84.454899,39.139053],[-84.45433,39.138473],[-84.4419,39.146005],[-84.440054,39.146557],[-84.434206,39.150541],[-84.433124,39.151101],[-84.431987,39.151996],[-84.428262,39.154244],[-84.424752,39.153765],[-84.418239,39.154178],[-84.416452,39.154439],[-84.413642,39.154411],[-84.408687,39.152979],[-84.408438,39.151216],[-84.407561,39.150366],[-84.406704,39.149898],[-84.403697,39.150236],[-84.401089,39.15217],[-84.400727,39.152276],[-84.37971,39.150817],[-84.380976,39.156437],[-84.381459,39.159249],[-84.381316,39.159779],[-84.385818,39.160102],[-84.385745,39.160814]]}},{"type":"Feature","properties":{"route_id":"12","shape_id":"120011","route_short_name":"12","route_long_name":"Madisonville Commuter","route_color":"#C2D231","route_text_color":"#000000"},"geometry":{"type":"LineString","coordinates":[[-84.385745,39.160814],[-84.385492,39.163066],[-84.387364,39.163204],[-84.38749,39.162208],[-84.385604,39.162074],[-84.385818,39.160102],[-84.382258,39.159843],[-84.381459,39.159249],[-84.380675,39.154822],[-84.37971,39.150817],[-84.400901,39.152316],[-84.403517,39.150309],[-84.406264,39.149971],[-84.407186,39.150112],[-84.408361,39.151106],[-84.408589,39.151622],[-84.408532,39.152548],[-84.408687,39.152979],[-84.413642,39.154411],[-84.416452,39.154439],[-84.418239,39.154178],[-84.424752,39.153765],[-84.428262,39.154244],[-84.433339,39.151297],[-84.434206,39.150541],[-84.440054,39.146557],[-84.4419,39.146005],[-84.454143,39.138742],[-84.454779,39.138903],[-84.455169,39.139681],[-84.454973,39.142158],[-84.455206,39.143077],[-84.455792,39.143852],[-84.45767,39.144991],[-84.457825,39.145271],[-84.457839,39.145752],[-84.457273,39.145973],[-84.456859,39.145756],[-84.456852,39.145338],[-84.458712,39.144167],[-84.460514,39.143368],[-84.462866,39.142942],[-84.469398,39.143229],[-84.477835,39.143994],[-84.479311,39.143948],[-84.480545,39.143668],[-84.481671,39.143143],[-84.482583,39.142453],[-84.484942,39.139935],[-84.486147,39.138979],[-84.487711,39.138077],[-84.490797,39.136978],[-84.491798,39.136477],[-84.493087,39.135526],[-84.49379,39.134723],[-84.50102,39.1352],[-84.500181,39.142874],[-84.502354,39.142885],[-84.504046,39.142107],[-84.508237,39.142374],[-84.509297,39.14219],[-84.509514,39.138234],[-84.50912,39.136056],[-84.509407,39.135517],[-84.510452,39.134837],[-84.510859,39.134299],[-84.511462,39.129326],[-84.511407,39.129214],[-84.508263,39.129013],[-84.508037,39.128787],[-84.508621,39.128222],[-84.508743,39.127829],[-84.508384,39.127116],[-84.508536,39.120748]]}},{"type":"Feature","properties":{"route_id":"16","shape_id":"160005","route_short_name":"16","route_long_name":"Spring Grove / Daly","route_color":"#2A75B0","route_text_color":"#000000"},"geometry":{"type":"LineString","coordinates":[[-84.602376,39.261468],[-84.602002,39.26071],[-84.603008,39.260372],[-84.597439,39.250075],[-84.592461,39.236904],[-84.590236,39.237532],[-84.588626,39.2383],[-84.587366,39.238404],[-84.582392,39.238165],[-84.580354,39.238926],[-84.579789,39.23899],[-84.57917,39.238857],[-84.576783,39.237757],[-84.576326,39.236463],[-84.575794,39.235809],[-84.574332,39.23566],[-84.572103,39.234313],[-84.571398,39.23411],[-84.546459,39.232412],[-84.534435,39.231036],[-84.533234,39.23111],[-84.530933,39.231556],[-84.529455,39.232095],[-84.53115,39.216025],[-84.532279,39.20209],[-84.520912,39.201356],[-84.52091,39.200503],[-84.521149,39.199879],[-84.522826,39.19757],[-84.523248,39.196702],[-84.523937,39.190487],[-84.520972,39.190294],[-84.519376,39.19055],[-84.518494,39.190358],[-84.514394,39.190132],[-84.514706,39.186147],[-84.514583,39.185506],[-84.514147,39.184877],[-84.51249,39.18358],[-84.512338,39.181962],[-84.51062,39.17983],[-84.510428,39.179371],[-84.510484,39.178708],[-84.510961,39.178022],[-84.509871,39.177362],[-84.509171,39.175689],[-84.510654,39.173473],[-84.51277,39.171714],[-84.514311,39.170882],[-84.514502,39.170633],[-84.514128,39.16897],[-84.514159,39.167148],[-84.514042,39.166759],[-84.513567,39.166019],[-84.512142,39.165086],[-84.51391,39.163461],[-84.514584,39.163371],[-84.515877,39.163763],[-84.516568,39.163746],[-84.516781,39.16467],[-84.520185,39.164959],[-84.521336,39.164909],[-84.522617,39.164409],[-84.531356,39.159642],[-84.537008,39.159924],[-84.539535,39.158315],[-84.540572,39.157044],[-84.54123,39.155686],[-84.540732,39.155314],[-84.542106,39.154266],[-84.542467,39.153478],[-84.541545,39.149236],[-84.54128,39.147144],[-84.541408,39.145513],[-84.538337,39.1453],[-84.538709,39.141573],[-84.538602,39.140877],[-84.536947,39.13587],[-84.535354,39.132321],[-84.537257,39.132408],[-84.535852,39.126574],[-84.536436,39.119711],[-84.53547,39.118143],[-84.535843,39.114178],[-84.510865,39.112552],[-84.507827,39.100672],[-84.509458,39.100432],[-84.510023,39.102656]]}},{"type":"Feature","properties":{"route_id":"16","shape_id":"160009","route_short_name":"16","route_long_name":"Spring Grove / Daly","route_color":"#2A75B0","route_text_color":"#000000"},"geometry":{"type":"LineString","coordinates":[[-84.510023,39.102656],[-84.512507,39.11265],[-84.535843,39.114178],[-84.53547,39.118143],[-84.536436,39.119711],[-84.535852,39.126574],[-84.537257,39.132408],[-84.535354,39.132321],[-84.536947,39.13587],[-84.538602,39.140877],[-84.538709,39.141573],[-84.538337,39.1453],[-84.541408,39.145513],[-84.541288,39.147238],[-84.541673,39.15017],[-84.542466,39.153124],[-84.542433,39.153639],[-84.542106,39.154266],[-84.540732,39.155314],[-84.54123,39.155686],[-84.540661,39.15689],[-84.539378,39.15839],[-84.538291,39.159106],[-84.538194,39.160034],[-84.533065,39.159713],[-84.532547,39.159452],[-84.531464,39.159609],[-84.522617,39.164409],[-84.521092,39.164944],[-84.516781,39.16467],[-84.516568,39.163746],[-84.515877,39.163763],[-84.514584,39.163371],[-84.51391,39.163461],[-84.512142,39.165086],[-84.513416,39.165894],[-84.513739,39.166286],[-84.514502,39.170633],[-84.514311,39.170882],[-84.51277,39.171714],[-84.510654,39.173473],[-84.509171,39.175689],[-84.509871,39.177362],[-84.510961,39.178022],[-84.510484,39.178708],[-84.510428,39.179371],[-84.51062,39.17983],[-84.512338,39.181962],[-84.51249,39.18358],[-84.514147,39.184877],[-84.514583,39.185506],[-84.514706,39.186147],[-84.514394,39.190132],[-84.518494,39.190358],[-84.519376,39.19055],[-84.520972,39.190294],[-84.523937,39.190487],[-84.523248,39.196702],[-84.522826,39.19757],[-84.521149,39.199879],[-84.52091,39.200503],[-84.520912,39.201356],[-84.532279,39.20209],[-84.53115,39.216025],[-84.529455,39.232095],[-84.530933,39.231556],[-84.533234,39.23111],[-84.534435,39.231036],[-84.546459,39.232412],[-84.571398,39.23411],[-84.572103,39.234313],[-84.574332,39.23566],[-84.575794,39.235809],[-84.576326,39.236463],[-84.576783,39.237757],[-84.57917,39.238857],[-84.579789,39.23899],[-84.580354,39.238926],[-84.582392,39.238165],[-84.587366,39.238404],[-84.588626,39.2383],[-84.590236,39.237532],[-84.592345,39.236932],[-84.597194,39.249886],[-84.603442,39.261532],[-84.602281,39.26188],[-84.601187,39.261834],[-84.601203,39.261713],[-84.602376,39.261468]]}},{"type":"Feature","properties":{"route_id":"16","shape_id":"160008","route_short_name":"16","route_long_name":"Spring Grove / Daly","route_color":"#2A75B0","route_text_color":"#000000"},"geometry":{"type":"LineString","coordinates":[[-84.602376,39.261468],[-84.602002,39.26071],[-84.603008,39.260372],[-84.597439,39.250075],[-84.592461,39.236904],[-84.590236,39.237532],[-84.588626,39.2383],[-84.587366,39.238404],[-84.582392,39.238165],[-84.580354,39.238926],[-84.579789,39.23899],[-84.57917,39.238857],[-84.576783,39.237757],[-84.576326,39.236463],[-84.575794,39.235809],[-84.574332,39.23566],[-84.572103,39.234313],[-84.571398,39.23411],[-84.546459,39.232412],[-84.534435,39.231036],[-84.533234,39.23111],[-84.530933,39.231556],[-84.529455,39.232095],[-84.53115,39.216025],[-84.532279,39.20209],[-84.520912,39.201356],[-84.52091,39.200503],[-84.521149,39.199879],[-84.522826,39.19757],[-84.523248,39.196702],[-84.523937,39.190487],[-84.520972,39.190294],[-84.519376,39.19055],[-84.518494,39.190358],[-84.514394,39.190132],[-84.514706,39.186147],[-84.514583,39.185506],[-84.514147,39.184877],[-84.51249,39.18358],[-84.512338,39.181962],[-84.51062,39.17983],[-84.510428,39.179371],[-84.510484,39.178708],[-84.510961,39.178022],[-84.509871,39.177362],[-84.509171,39.175689],[-84.510654,39.173473],[-84.51277,39.171714],[-84.514311,39.170882],[-84.514502,39.170633],[-84.514128,39.16897],[-84.514159,39.167148],[-84.514042,39.166759],[-84.513567,39.166019],[-84.512142,39.165086],[-84.51391,39.163461],[-84.514584,39.163371],[-84.515877,39.163763],[-84.516568,39.163746],[-84.516781,39.16467],[-84.520185,39.164959],[-84.521336,39.164909],[-84.522617,39.164409],[-84.531356,39.159642],[-84.537008,39.159924],[-84.539535,39.158315],[-84.540572,39.157044],[-84.54123,39.155686],[-84.540732,39.155314],[-84.542106,39.154266],[-84.542467,39.153478],[-84.541545,39.149236],[-84.54128,39.147144],[-84.541408,39.145513],[-84.538337,39.1453],[-84.538709,39.141573],[-84.538602,39.140877],[-84.536947,39.13587],[-84.535354,39.132321],[-84.537257,39.132408],[-84.535852,39.126574],[-84.536436,39.119711],[-84.53547,39.118143],[-84.535843,39.114178],[-84.510865,39.112552],[-84.507827,39.100672],[-84.509458,39.100432],[-84.510023,39.102656]]}},{"type":"Feature","properties":{"route_id":"17","shape_id":"170002","route_short_name":"17","route_long_name":"Hamilton Avenue","route_color":"#F68923","route_text_color":"#000000"},"geometry":{"type":"LineString","coordinates":[[-84.510582,39.101614],[-84.509787,39.101735],[-84.512651,39.11311],[-84.516928,39.116836],[-84.517301,39.118364],[-84.519639,39.120268],[-84.520768,39.120841],[-84.519926,39.123583],[-84.519656,39.126109],[-84.519133,39.128492],[-84.520733,39.128594],[-84.519199,39.143468],[-84.524853,39.144332],[-84.526094,39.144936],[-84.529335,39.146085],[-84.530894,39.14686],[-84.532326,39.147999],[-84.535063,39.152329],[-84.537885,39.154046],[-84.538683,39.155062],[-84.539378,39.15839],[-84.538291,39.159106],[-84.538194,39.160034],[-84.539381,39.160116],[-84.539487,39.161941],[-84.54196,39.168408],[-84.544188,39.170342],[-84.544078,39.171168],[-84.543109,39.172791],[-84.542935,39.173584],[-84.544863,39.177841],[-84.544947,39.178787],[-84.544426,39.180741],[-84.544483,39.182459],[-84.544222,39.184601],[-84.544865,39.185791],[-84.545142,39.187473],[-84.545958,39.188454],[-84.546191,39.188969],[-84.546275,39.190104],[-84.545716,39.193772],[-84.545953,39.197076],[-84.547561,39.200586],[-84.547678,39.203027],[-84.560117,39.2037],[-84.561138,39.203539],[-84.561242,39.203727],[-84.559906,39.218484],[-84.549484,39.217815],[-84.547348,39.242009],[-84.546803,39.241946],[-84.546863,39.241589]]}},{"type":"Feature","properties":{"route_id":"17","shape_id":"170024","route_short_name":"17","route_long_name":"Hamilton Avenue","route_color":"#F68923","route_text_color":"#000000"},"geometry":{"type":"LineString","coordinates":[[-84.561419,39.273834],[-84.562222,39.273684],[-84.558092,39.261709],[-84.557192,39.259619],[-84.555879,39.257578],[-84.55438,39.255832],[-84.549854,39.251657],[-84.547735,39.250224],[-84.547172,39.249515],[-84.546878,39.248691],[-84.549545,39.216926],[-84.549022,39.214376],[-84.547982,39.212161],[-84.548101,39.209761],[-84.547603,39.20078],[-84.545953,39.197076],[-84.545716,39.193772],[-84.546275,39.190104],[-84.546232,39.189194],[-84.545958,39.188454],[-84.545142,39.187473],[-84.544865,39.185791],[-84.544222,39.184601],[-84.544483,39.182459],[-84.544426,39.180741],[-84.544867,39.179414],[-84.544902,39.178086],[-84.544711,39.177388],[-84.542935,39.173584],[-84.543109,39.172791],[-84.544078,39.171168],[-84.544188,39.170342],[-84.54196,39.168408],[-84.539487,39.161941],[-84.539381,39.160116],[-84.538194,39.160034],[-84.538291,39.159106],[-84.539378,39.15839],[-84.538554,39.154809],[-84.537885,39.154046],[-84.534982,39.152241],[-84.532199,39.147835],[-84.530894,39.14686],[-84.529751,39.146266],[-84.526094,39.144936],[-84.524853,39.144332],[-84.519199,39.143468],[-84.520854,39.128027],[-84.519196,39.127824],[-84.519656,39.126109],[-84.519926,39.123583],[-84.520768,39.120841],[-84.519639,39.120268],[-84.517301,39.118364],[-84.516928,39.116836],[-84.514307,39.114531],[-84.514551,39.114249],[-84.514231,39.112754],[-84.511391,39.10149],[-84.510582,39.101614]]}},{"type":"Feature","properties":{"route_id":"17","shape_id":"170018","route_short_name":"17","route_long_name":"Hamilton Avenue","route_color":"#F68923","route_text_color":"#000000"},"geometry":{"type":"LineString","coordinates":[[-84.572045,39.193425],[-84.572868,39.193433],[-84.576622,39.196723],[-84.577997,39.198249],[-84.579821,39.201098],[-84.578481,39.200957],[-84.576002,39.201399],[-84.56701,39.202047],[-84.563376,39.202155],[-84.563223,39.201201],[-84.562956,39.200761],[-84.561216,39.199831],[-84.559777,39.199273],[-84.555237,39.198654],[-84.554355,39.198356],[-84.552783,39.195892],[-84.551815,39.194801],[-84.550088,39.19343],[-84.548279,39.192395],[-84.546515,39.190735],[-84.546195,39.190661],[-84.546191,39.188969],[-84.545958,39.188454],[-84.545142,39.187473],[-84.544865,39.185791],[-84.544222,39.184601],[-84.544483,39.182459],[-84.544426,39.180741],[-84.544947,39.178787],[-84.544863,39.177841],[-84.542935,39.173584],[-84.543109,39.172791],[-84.544078,39.171168],[-84.544188,39.170342],[-84.54196,39.168408],[-84.539487,39.161941],[-84.539381,39.160116],[-84.538194,39.160034],[-84.538291,39.159106],[-84.539378,39.15839],[-84.538554,39.154809],[-84.537885,39.154046],[-84.535063,39.152329],[-84.532199,39.147835],[-84.530581,39.146676],[-84.524853,39.144332],[-84.519199,39.143468],[-84.520854,39.128027],[-84.519196,39.127824],[-84.519656,39.126109],[-84.519926,39.123583],[-84.520768,39.120841],[-84.519639,39.120268],[-84.517301,39.118364],[-84.516928,39.116836],[-84.514307,39.114531],[-84.514551,39.114249],[-84.514231,39.112754],[-84.511391,39.10149],[-84.510582,39.101614]]}},{"type":"Feature","properties":{"route_id":"17","shape_id":"170004","route_short_name":"17","route_long_name":"Hamilton Avenue","route_color":"#F68923","route_text_color":"#000000"},"geometry":{"type":"LineString","coordinates":[[-84.546863,39.241589],[-84.546888,39.241442],[-84.547408,39.24145],[-84.549484,39.217815],[-84.559906,39.218484],[-84.561242,39.203727],[-84.561138,39.203539],[-84.560117,39.2037],[-84.547678,39.203027],[-84.547561,39.200586],[-84.545953,39.197076],[-84.545716,39.193772],[-84.546275,39.190104],[-84.546191,39.188969],[-84.545958,39.188454],[-84.545142,39.187473],[-84.544865,39.185791],[-84.544222,39.184601],[-84.544483,39.182459],[-84.544426,39.180741],[-84.544947,39.178787],[-84.544863,39.177841],[-84.542935,39.173584],[-84.543109,39.172791],[-84.544078,39.171168],[-84.544188,39.170342],[-84.54196,39.168408],[-84.539487,39.161941],[-84.539381,39.160116],[-84.538194,39.160034],[-84.538291,39.159106],[-84.539378,39.15839],[-84.538683,39.155062],[-84.537885,39.154046],[-84.535063,39.152329],[-84.532326,39.147999],[-84.530894,39.14686],[-84.529335,39.146085],[-84.526094,39.144936],[-84.524853,39.144332],[-84.519199,39.143468],[-84.520854,39.128027],[-84.519196,39.127824],[-84.519656,39.126109],[-84.519926,39.123583],[-84.520768,39.120841],[-84.519639,39.120268],[-84.517301,39.118364],[-84.516928,39.116836],[-84.514307,39.114531],[-84.514551,39.114249],[-84.514231,39.112754],[-84.511391,39.10149],[-84.510582,39.101614]]}},{"type":"Feature","properties":{"route_id":"17","shape_id":"170026","route_short_name":"17","route_long_name":"Hamilton Avenue","route_color":"#F68923","route_text_color":"#000000"},"geometry":{"type":"LineString","coordinates":[[-84.561419,39.273834],[-84.562222,39.273684],[-84.558092,39.261709],[-84.557192,39.259619],[-84.555879,39.257578],[-84.55438,39.255832],[-84.549854,39.251657],[-84.547735,39.250224],[-84.547172,39.249515],[-84.546878,39.248691],[-84.548704,39.226184],[-84.549387,39.219716],[-84.549343,39.219512],[-84.548571,39.219539],[-84.548517,39.220371],[-84.549325,39.220474],[-84.549545,39.216926],[-84.549022,39.214376],[-84.547982,39.212161],[-84.548101,39.209761],[-84.547603,39.20078],[-84.545953,39.197076],[-84.545716,39.193772],[-84.546275,39.190104],[-84.546232,39.189194],[-84.545958,39.188454],[-84.545142,39.187473],[-84.544865,39.185791],[-84.544222,39.184601],[-84.544483,39.182459],[-84.544426,39.180741],[-84.544867,39.179414],[-84.544902,39.178086],[-84.544711,39.177388],[-84.542935,39.173584],[-84.543109,39.172791],[-84.544078,39.171168],[-84.544188,39.170342],[-84.54196,39.168408],[-84.539487,39.161941],[-84.539381,39.160116],[-84.538194,39.160034],[-84.538291,39.159106],[-84.539378,39.15839],[-84.538554,39.154809],[-84.537885,39.154046],[-84.534982,39.152241],[-84.532199,39.147835],[-84.530894,39.14686],[-84.529751,39.146266],[-84.526094,39.144936],[-84.524853,39.144332],[-84.519199,39.143468],[-84.520854,39.128027],[-84.519196,39.127824],[-84.519656,39.126109],[-84.519926,39.123583],[-84.520768,39.120841],[-84.519639,39.120268],[-84.517301,39.118364],[-84.516928,39.116836],[-84.514307,39.114531],[-84.514551,39.114249],[-84.514231,39.112754],[-84.511391,39.10149],[-84.510582,39.101614]]}},{"type":"Feature","properties":{"route_id":"17","shape_id":"170019","route_short_name":"17","route_long_name":"Hamilton Avenue","route_color":"#F68923","route_text_color":"#000000"},"geometry":{"type":"LineString","coordinates":[[-84.510582,39.101614],[-84.509787,39.101735],[-84.512651,39.11311],[-84.516928,39.116836],[-84.517301,39.118364],[-84.519639,39.120268],[-84.520768,39.120841],[-84.519926,39.123583],[-84.519656,39.126109],[-84.519133,39.128492],[-84.520733,39.128594],[-84.519199,39.143468],[-84.524853,39.144332],[-84.530581,39.146676],[-84.532199,39.147835],[-84.535063,39.152329],[-84.537885,39.154046],[-84.538554,39.154809],[-84.539378,39.15839],[-84.538291,39.159106],[-84.538194,39.160034],[-84.539381,39.160116],[-84.539487,39.161941],[-84.54196,39.168408],[-84.544188,39.170342],[-84.544078,39.171168],[-84.543109,39.172791],[-84.542935,39.173584],[-84.544863,39.177841],[-84.544947,39.178787],[-84.544426,39.180741],[-84.544483,39.182459],[-84.544222,39.184601],[-84.544865,39.185791],[-84.545142,39.187473],[-84.545958,39.188454],[-84.546191,39.188969],[-84.546195,39.190661],[-84.546515,39.190735],[-84.548279,39.192395],[-84.550088,39.19343],[-84.551815,39.194801],[-84.552783,39.195892],[-84.554355,39.198356],[-84.555237,39.198654],[-84.559777,39.199273],[-84.561216,39.199831],[-84.562956,39.200761],[-84.563223,39.201201],[-84.563376,39.202155],[-84.56701,39.202047],[-84.576002,39.201399],[-84.578481,39.200957],[-84.579821,39.201098],[-84.578365,39.198778],[-84.577304,39.197404],[-84.574903,39.195084],[-84.571543,39.192333],[-84.570521,39.191157],[-84.568867,39.191791],[-84.567138,39.193112],[-84.572045,39.193425]]}},{"type":"Feature","properties":{"route_id":"17","shape_id":"170025","route_short_name":"17","route_long_name":"Hamilton Avenue","route_color":"#F68923","route_text_color":"#000000"},"geometry":{"type":"LineString","coordinates":[[-84.510582,39.101614],[-84.509787,39.101735],[-84.512651,39.11311],[-84.516928,39.116836],[-84.517301,39.118364],[-84.519639,39.120268],[-84.520768,39.120841],[-84.519926,39.123583],[-84.519656,39.126109],[-84.519133,39.128492],[-84.520733,39.128594],[-84.519199,39.143468],[-84.524853,39.144332],[-84.526094,39.144936],[-84.529751,39.146266],[-84.530894,39.14686],[-84.532199,39.147835],[-84.534982,39.152241],[-84.537885,39.154046],[-84.538554,39.154809],[-84.539378,39.15839],[-84.538291,39.159106],[-84.538194,39.160034],[-84.539381,39.160116],[-84.539487,39.161941],[-84.54196,39.168408],[-84.544188,39.170342],[-84.544078,39.171168],[-84.543109,39.172791],[-84.542935,39.173584],[-84.544711,39.177388],[-84.544902,39.178086],[-84.544867,39.179414],[-84.544426,39.180741],[-84.544483,39.182459],[-84.544222,39.184601],[-84.544865,39.185791],[-84.545142,39.187473],[-84.545958,39.188454],[-84.546232,39.189194],[-84.546275,39.190104],[-84.545716,39.193772],[-84.545953,39.197076],[-84.547603,39.20078],[-84.548101,39.209761],[-84.547982,39.212161],[-84.549022,39.214376],[-84.549545,39.216926],[-84.546878,39.248691],[-84.547172,39.249515],[-84.547735,39.250224],[-84.549854,39.251657],[-84.554841,39.256324],[-84.556242,39.258082],[-84.55756,39.260383],[-84.563514,39.277496],[-84.561789,39.277724],[-84.559188,39.277501],[-84.55958,39.274886],[-84.559537,39.274119],[-84.561419,39.273834]]}},{"type":"Feature","properties":{"route_id":"17","shape_id":"170027","route_short_name":"17","route_long_name":"Hamilton Avenue","route_color":"#F68923","route_text_color":"#000000"},"geometry":{"type":"LineString","coordinates":[[-84.546863,39.241589],[-84.546888,39.241442],[-84.547408,39.24145],[-84.549484,39.217815],[-84.559906,39.218484],[-84.561242,39.203727],[-84.561138,39.203539],[-84.560117,39.2037],[-84.547678,39.203027],[-84.547561,39.200586],[-84.545953,39.197076],[-84.545716,39.193772],[-84.546275,39.190104],[-84.546191,39.188969],[-84.545958,39.188454],[-84.545142,39.187473],[-84.544865,39.185791],[-84.544222,39.184601],[-84.544483,39.182459],[-84.544426,39.180741],[-84.544947,39.178787],[-84.544863,39.177841],[-84.542935,39.173584],[-84.543109,39.172791],[-84.544078,39.171168],[-84.544188,39.170342],[-84.54196,39.168408],[-84.539487,39.161941],[-84.539381,39.160116],[-84.538194,39.160034],[-84.538291,39.159106],[-84.539378,39.15839],[-84.538683,39.155062],[-84.537885,39.154046],[-84.535063,39.152329],[-84.532326,39.147999],[-84.530894,39.14686],[-84.529335,39.146085],[-84.526094,39.144936],[-84.524853,39.144332],[-84.519199,39.143468],[-84.520854,39.128027],[-84.519196,39.127824],[-84.519656,39.126109],[-84.519926,39.123583],[-84.520768,39.120841],[-84.519639,39.120268],[-84.517301,39.118364],[-84.516928,39.116836],[-84.514307,39.114531],[-84.514551,39.114249],[-84.514231,39.112754],[-84.511391,39.10149],[-84.510582,39.101614]]}},{"type":"Feature","properties":{"route_id":"19","shape_id":"190018","route_short_name":"19","route_long_name":"Colerain Avenue","route_color":"#2A75B0","route_text_color":"#000000"},"geometry":{"type":"LineString","coordinates":[[-84.510582,39.101614],[-84.509787,39.101735],[-84.512507,39.11265],[-84.50993,39.112492],[-84.507756,39.112051],[-84.507417,39.112356],[-84.504235,39.11222],[-84.503624,39.116628],[-84.503938,39.117805],[-84.5052,39.117746],[-84.508815,39.117978],[-84.508409,39.1232],[-84.508384,39.127116],[-84.508743,39.127829],[-84.508621,39.128222],[-84.507971,39.129],[-84.511407,39.129214],[-84.510884,39.134012],[-84.51048,39.134654],[-84.50942,39.13539],[-84.50914,39.135961],[-84.509468,39.13778],[-84.511617,39.137954],[-84.513103,39.140445],[-84.515331,39.142188],[-84.516665,39.142386],[-84.519086,39.143447],[-84.524853,39.144332],[-84.526094,39.144936],[-84.529751,39.146266],[-84.531591,39.147323],[-84.532577,39.148352],[-84.535063,39.152329],[-84.537885,39.154046],[-84.538554,39.154809],[-84.539378,39.15839],[-84.538291,39.159106],[-84.538194,39.160034],[-84.544262,39.160625],[-84.546208,39.161416],[-84.547118,39.161972],[-84.549479,39.162713],[-84.550458,39.162745],[-84.551633,39.162348],[-84.552333,39.163644],[-84.552602,39.165679],[-84.552854,39.166256],[-84.555255,39.168069],[-84.559356,39.170302],[-84.560071,39.171822],[-84.561726,39.173253],[-84.562439,39.174654],[-84.562257,39.176187],[-84.562903,39.178092],[-84.563429,39.178562],[-84.565818,39.179739],[-84.566791,39.180572],[-84.566979,39.180928],[-84.567349,39.181936],[-84.567758,39.184605],[-84.568927,39.185783],[-84.569223,39.186317],[-84.569438,39.189467],[-84.569642,39.189941],[-84.571129,39.191945],[-84.574903,39.195084],[-84.577646,39.197794],[-84.582702,39.20536],[-84.583178,39.206608],[-84.583934,39.209657],[-84.586104,39.220146],[-84.587097,39.223181],[-84.597194,39.249886],[-84.603442,39.261532],[-84.602281,39.26188],[-84.601187,39.261834],[-84.601203,39.261713],[-84.602376,39.261468]]}},{"type":"Feature","properties":{"route_id":"19","shape_id":"190019","route_short_name":"19","route_long_name":"Colerain Avenue","route_color":"#2A75B0","route_text_color":"#000000"},"geometry":{"type":"LineString","coordinates":[[-84.572045,39.193425],[-84.572868,39.193433],[-84.571129,39.191945],[-84.569486,39.189643],[-84.569223,39.186317],[-84.568927,39.185783],[-84.567758,39.184605],[-84.567303,39.181737],[-84.566701,39.180397],[-84.56588,39.179663],[-84.563578,39.178646],[-84.562903,39.178092],[-84.562257,39.176187],[-84.562465,39.175163],[-84.562391,39.174524],[-84.561516,39.17293],[-84.560071,39.171822],[-84.559477,39.170416],[-84.555255,39.168069],[-84.552854,39.166256],[-84.552602,39.165679],[-84.552333,39.163644],[-84.551633,39.162348],[-84.550458,39.162745],[-84.549506,39.162717],[-84.547118,39.161972],[-84.546208,39.161416],[-84.544262,39.160625],[-84.538194,39.160034],[-84.538291,39.159106],[-84.539378,39.15839],[-84.538554,39.154809],[-84.537885,39.154046],[-84.535063,39.152329],[-84.532577,39.148352],[-84.531591,39.147323],[-84.529751,39.146266],[-84.526094,39.144936],[-84.524853,39.144332],[-84.519086,39.143447],[-84.516665,39.142386],[-84.515331,39.142188],[-84.513103,39.140445],[-84.511617,39.137954],[-84.509468,39.13778],[-84.50914,39.135961],[-84.509407,39.135517],[-84.510452,39.134837],[-84.510859,39.134299],[-84.511462,39.129326],[-84.511407,39.129214],[-84.508263,39.129013],[-84.508037,39.128787],[-84.508621,39.128222],[-84.508743,39.127829],[-84.508384,39.127116],[-84.508409,39.1232],[-84.508815,39.117978],[-84.5052,39.117746],[-84.503938,39.117805],[-84.503624,39.116628],[-84.50391,39.113967],[-84.504269,39.112205],[-84.507246,39.112361],[-84.507539,39.112332],[-84.507721,39.112124],[-84.509834,39.11251],[-84.514231,39.112754],[-84.511391,39.10149],[-84.510582,39.101614]]}},{"type":"Feature","properties":{"route_id":"19","shape_id":"190020","route_short_name":"19","route_long_name":"Colerain Avenue","route_color":"#2A75B0","route_text_color":"#000000"},"geometry":{"type":"LineString","coordinates":[[-84.510582,39.101614],[-84.509787,39.101735],[-84.512507,39.11265],[-84.50993,39.112492],[-84.507756,39.112051],[-84.507417,39.112356],[-84.504235,39.11222],[-84.503624,39.116628],[-84.503938,39.117805],[-84.5052,39.117746],[-84.508815,39.117978],[-84.508409,39.1232],[-84.508384,39.127116],[-84.508743,39.127829],[-84.508621,39.128222],[-84.507971,39.129],[-84.511407,39.129214],[-84.510884,39.134012],[-84.51048,39.134654],[-84.50942,39.13539],[-84.50914,39.135961],[-84.509468,39.13778],[-84.511617,39.137954],[-84.513103,39.140445],[-84.515331,39.142188],[-84.516665,39.142386],[-84.519086,39.143447],[-84.524853,39.144332],[-84.526094,39.144936],[-84.529751,39.146266],[-84.531591,39.147323],[-84.532577,39.148352],[-84.535063,39.152329],[-84.537885,39.154046],[-84.538554,39.154809],[-84.539378,39.15839],[-84.538291,39.159106],[-84.538194,39.160034],[-84.544262,39.160625],[-84.546208,39.161416],[-84.547118,39.161972],[-84.549479,39.162713],[-84.550458,39.162745],[-84.551633,39.162348],[-84.552333,39.163644],[-84.552602,39.165679],[-84.552854,39.166256],[-84.555255,39.168069],[-84.559477,39.170416],[-84.560071,39.171822],[-84.561726,39.173253],[-84.562391,39.174524],[-84.562465,39.175163],[-84.562257,39.176187],[-84.562903,39.178092],[-84.563429,39.178562],[-84.565818,39.179739],[-84.566791,39.180572],[-84.566979,39.180928],[-84.567349,39.181936],[-84.567758,39.184605],[-84.568927,39.185783],[-84.569223,39.186317],[-84.569486,39.189643],[-84.570521,39.191157],[-84.568867,39.191791],[-84.567138,39.193112],[-84.572045,39.193425]]}},{"type":"Feature","properties":{"route_id":"19","shape_id":"190017","route_short_name":"19","route_long_name":"Colerain Avenue","route_color":"#2A75B0","route_text_color":"#000000"},"geometry":{"type":"LineString","coordinates":[[-84.602376,39.261468],[-84.602002,39.26071],[-84.603008,39.260372],[-84.597439,39.250075],[-84.586118,39.220029],[-84.584216,39.210602],[-84.583178,39.206608],[-84.582702,39.20536],[-84.577646,39.197794],[-84.574903,39.195084],[-84.571129,39.191945],[-84.569642,39.189941],[-84.569438,39.189467],[-84.569223,39.186317],[-84.568927,39.185783],[-84.567758,39.184605],[-84.567349,39.181936],[-84.566979,39.180928],[-84.566701,39.180397],[-84.56588,39.179663],[-84.563578,39.178646],[-84.562903,39.178092],[-84.562257,39.176187],[-84.562439,39.174654],[-84.561642,39.17308],[-84.560179,39.171954],[-84.559356,39.170302],[-84.555255,39.168069],[-84.552923,39.16633],[-84.552631,39.165821],[-84.552333,39.163644],[-84.551633,39.162348],[-84.550458,39.162745],[-84.549506,39.162717],[-84.547118,39.161972],[-84.546208,39.161416],[-84.544262,39.160625],[-84.538194,39.160034],[-84.538291,39.159106],[-84.539378,39.15839],[-84.538554,39.154809],[-84.537885,39.154046],[-84.535063,39.152329],[-84.532577,39.148352],[-84.531591,39.147323],[-84.529751,39.146266],[-84.526094,39.144936],[-84.524853,39.144332],[-84.519086,39.143447],[-84.516665,39.142386],[-84.515331,39.142188],[-84.513103,39.140445],[-84.511617,39.137954],[-84.509468,39.13778],[-84.50914,39.135961],[-84.509407,39.135517],[-84.510452,39.134837],[-84.510859,39.134299],[-84.511462,39.129326],[-84.511407,39.129214],[-84.508263,39.129013],[-84.508037,39.128787],[-84.508621,39.128222],[-84.508743,39.127829],[-84.508384,39.127116],[-84.508409,39.1232],[-84.508815,39.117978],[-84.5052,39.117746],[-84.503938,39.117805],[-84.503624,39.116628],[-84.50391,39.113967],[-84.504269,39.112205],[-84.507246,39.112361],[-84.507539,39.112332],[-84.507721,39.112124],[-84.509834,39.11251],[-84.514231,39.112754],[-84.511391,39.10149],[-84.510582,39.101614]]}},{"type":"Feature","properties":{"route_id":"2","shape_id":"20002","route_short_name":"2","route_long_name":"Madeira Commuter","route_color":"#C2D231","route_text_color":"#000000"},"geometry":{"type":"LineString","coordinates":[[-84.36427,39.187824],[-84.363325,39.188102],[-84.362998,39.191148],[-84.381154,39.192126],[-84.380751,39.195132],[-84.381329,39.195138],[-84.385964,39.193062],[-84.387453,39.192094],[-84.388774,39.19069],[-84.390129,39.188221],[-84.390781,39.187348],[-84.391635,39.186595],[-84.394506,39.184788],[-84.395438,39.183944],[-84.396,39.183188],[-84.396501,39.182065],[-84.398802,39.174435],[-84.399519,39.173287],[-84.400823,39.172129],[-84.402293,39.171402],[-84.404185,39.170973],[-84.416223,39.170657],[-84.417751,39.170497],[-84.41897,39.170191],[-84.421489,39.169195],[-84.422176,39.169486],[-84.422416,39.170496],[-84.419965,39.17046],[-84.420375,39.16548],[-84.418724,39.163305],[-84.418635,39.162717],[-84.418835,39.160629],[-84.421164,39.160769],[-84.423204,39.160701],[-84.423193,39.160846],[-84.424761,39.160928],[-84.424616,39.162778],[-84.420578,39.162493],[-84.420102,39.162732],[-84.420056,39.163101],[-84.420617,39.163977],[-84.421696,39.164844],[-84.42226,39.165105],[-84.423156,39.165212],[-84.426655,39.16474],[-84.429194,39.165049],[-84.43207,39.164767],[-84.434027,39.164021],[-84.435718,39.16271],[-84.439053,39.157835],[-84.44206,39.154611],[-84.443903,39.151823],[-84.445151,39.150551],[-84.446813,39.14952],[-84.453748,39.146855],[-84.459064,39.143881],[-84.461338,39.143155],[-84.463613,39.142909],[-84.469398,39.143229],[-84.478376,39.144008],[-84.480019,39.14382],[-84.481444,39.14328],[-84.482583,39.142453],[-84.484698,39.140168],[-84.486147,39.138979],[-84.487711,39.138077],[-84.490779,39.136697],[-84.492103,39.135887],[-84.493072,39.13501],[-84.494027,39.133615],[-84.495305,39.130693],[-84.497373,39.126614],[-84.497663,39.125498],[-84.498271,39.120925],[-84.500298,39.117046],[-84.500623,39.116097],[-84.500889,39.112554],[-84.501293,39.11091],[-84.501708,39.109958],[-84.5039,39.106706],[-84.50453,39.105445],[-84.504614,39.104665],[-84.503822,39.101435],[-84.503797,39.100729],[-84.503972,39.100123],[-84.50444,39.099843],[-84.512351,39.098674],[-84.512967,39.101111],[-84.509747,39.101589],[-84.510023,39.102656]]}},{"type":"Feature","properties":{"route_id":"2","shape_id":"20005","route_short_name":"2","route_long_name":"Madeira Commuter","route_color":"#C2D231","route_text_color":"#000000"},"geometry":{"type":"LineString","coordinates":[[-84.510023,39.102656],[-84.511252,39.107566],[-84.508659,39.108037],[-84.504615,39.109833],[-84.502341,39.113304],[-84.501632,39.11372],[-84.500607,39.113904],[-84.499928,39.114483],[-84.499482,39.117105],[-84.497886,39.121048],[-84.497216,39.126205],[-84.493886,39.133329],[-84.493171,39.134506],[-84.49227,39.135436],[-84.491102,39.136271],[-84.487139,39.13812],[-84.48583,39.138917],[-84.484263,39.140239],[-84.482395,39.142283],[-84.481071,39.143229],[-84.47956,39.143701],[-84.478281,39.143801],[-84.463845,39.142716],[-84.46139,39.142956],[-84.459089,39.143622],[-84.453665,39.14667],[-84.447245,39.1491],[-84.44491,39.150438],[-84.443843,39.151537],[-84.441529,39.154857],[-84.438426,39.158248],[-84.435735,39.162158],[-84.434379,39.16317],[-84.433128,39.163568],[-84.431444,39.163642],[-84.429455,39.163241],[-84.428641,39.163233],[-84.426238,39.164467],[-84.423521,39.164709],[-84.422641,39.163756],[-84.421331,39.163263],[-84.420849,39.16283],[-84.420732,39.162104],[-84.420863,39.160747],[-84.423204,39.160701],[-84.423193,39.160846],[-84.424761,39.160928],[-84.424616,39.162778],[-84.420765,39.162536],[-84.421219,39.163196],[-84.422773,39.16385],[-84.423153,39.164546],[-84.423137,39.165399],[-84.422743,39.165718],[-84.420391,39.165709],[-84.420309,39.16712],[-84.421651,39.167515],[-84.421798,39.167949],[-84.421515,39.16838],[-84.419788,39.169645],[-84.417668,39.17033],[-84.404225,39.170745],[-84.402317,39.171178],[-84.400453,39.172127],[-84.399446,39.173005],[-84.398583,39.174319],[-84.396174,39.182252],[-84.395573,39.1834],[-84.3942,39.184754],[-84.39169,39.186323],[-84.390715,39.187116],[-84.389992,39.187987],[-84.388174,39.191126],[-84.386898,39.192275],[-84.385455,39.193082],[-84.383698,39.193459],[-84.381267,39.193588],[-84.381048,39.193527],[-84.381154,39.192126],[-84.362998,39.191148],[-84.363213,39.18905],[-84.364537,39.189043],[-84.364674,39.187669],[-84.36427,39.187824]]}},{"type":"Feature","properties":{"route_id":"2","shape_id":"20003","route_short_name":"2","route_long_name":"Madeira Commuter","route_color":"#C2D231","route_text_color":"#000000"},"geometry":{"type":"LineString","coordinates":[[-84.36427,39.187824],[-84.363325,39.188102],[-84.362998,39.191148],[-84.381154,39.192126],[-84.380751,39.195132],[-84.381329,39.195138],[-84.385964,39.193062],[-84.387453,39.192094],[-84.388774,39.19069],[-84.390129,39.188221],[-84.390781,39.187348],[-84.391635,39.186595],[-84.394506,39.184788],[-84.395438,39.183944],[-84.396,39.183188],[-84.396501,39.182065],[-84.398802,39.174435],[-84.399519,39.173287],[-84.400823,39.172129],[-84.402293,39.171402],[-84.404185,39.170973],[-84.416223,39.170657],[-84.417751,39.170497],[-84.41897,39.170191],[-84.421489,39.169195],[-84.422176,39.169486],[-84.422416,39.170496],[-84.419965,39.17046],[-84.420375,39.16548],[-84.418724,39.163305],[-84.418635,39.162717],[-84.418835,39.160629],[-84.421164,39.160769],[-84.423204,39.160701],[-84.423193,39.160846],[-84.424761,39.160928],[-84.424616,39.162778],[-84.420578,39.162493],[-84.420102,39.162732],[-84.420056,39.163101],[-84.420617,39.163977],[-84.421696,39.164844],[-84.42226,39.165105],[-84.423156,39.165212],[-84.426655,39.16474],[-84.429194,39.165049],[-84.43207,39.164767],[-84.434027,39.164021],[-84.435718,39.16271],[-84.439053,39.157835],[-84.44206,39.154611],[-84.443903,39.151823],[-84.445151,39.150551],[-84.446813,39.14952],[-84.453748,39.146855],[-84.459064,39.143881],[-84.461338,39.143155],[-84.463613,39.142909],[-84.469398,39.143229],[-84.478376,39.144008],[-84.480019,39.14382],[-84.481444,39.14328],[-84.482583,39.142453],[-84.484698,39.140168],[-84.48583,39.1392],[-84.487279,39.138297],[-84.491566,39.136255],[-84.492693,39.135387],[-84.493546,39.134414],[-84.497294,39.126824],[-84.497663,39.125498],[-84.498271,39.120925],[-84.500384,39.117506],[-84.50146,39.114696],[-84.504311,39.110255],[-84.504741,39.10989],[-84.506434,39.109089],[-84.508823,39.10809],[-84.509681,39.107933],[-84.509408,39.106868]]}},{"type":"Feature","properties":{"route_id":"2","shape_id":"20010","route_short_name":"2","route_long_name":"Madeira Commuter","route_color":"#C2D231","route_text_color":"#000000"},"geometry":{"type":"LineString","coordinates":[[-84.509408,39.106868],[-84.507827,39.100672],[-84.512678,39.099958],[-84.512967,39.101111],[-84.504726,39.102421],[-84.503971,39.102843],[-84.503872,39.103286],[-84.504289,39.10465],[-84.504156,39.10567],[-84.503817,39.106481],[-84.501646,39.109747],[-84.501052,39.110996],[-84.499936,39.115791],[-84.497886,39.121048],[-84.497216,39.126205],[-84.493638,39.133801],[-84.492831,39.134901],[-84.491501,39.136026],[-84.487139,39.13812],[-84.485262,39.139334],[-84.482395,39.142283],[-84.481071,39.143229],[-84.47956,39.143701],[-84.478281,39.143801],[-84.463845,39.142716],[-84.46139,39.142956],[-84.459089,39.143622],[-84.453665,39.14667],[-84.447245,39.1491],[-84.44491,39.150438],[-84.443843,39.151537],[-84.441529,39.154857],[-84.438426,39.158248],[-84.435735,39.162158],[-84.434379,39.16317],[-84.433128,39.163568],[-84.431444,39.163642],[-84.429455,39.163241],[-84.428641,39.163233],[-84.426238,39.164467],[-84.423521,39.164709],[-84.422641,39.163756],[-84.421331,39.163263],[-84.420849,39.16283],[-84.420732,39.162104],[-84.420863,39.160747],[-84.423204,39.160701],[-84.423193,39.160846],[-84.424761,39.160928],[-84.424616,39.162778],[-84.420765,39.162536],[-84.421219,39.163196],[-84.422773,39.16385],[-84.423153,39.164546],[-84.423137,39.165399],[-84.422743,39.165718],[-84.420391,39.165709],[-84.420309,39.16712],[-84.421651,39.167515],[-84.421798,39.167949],[-84.421515,39.16838],[-84.419788,39.169645],[-84.417668,39.17033],[-84.404225,39.170745],[-84.402317,39.171178],[-84.400453,39.172127],[-84.399446,39.173005],[-84.398583,39.174319],[-84.396174,39.182252],[-84.395573,39.1834],[-84.3942,39.184754],[-84.39169,39.186323],[-84.390715,39.187116],[-84.389992,39.187987],[-84.388174,39.191126],[-84.386898,39.192275],[-84.385455,39.193082],[-84.383698,39.193459],[-84.381267,39.193588],[-84.381048,39.193527],[-84.381154,39.192126],[-84.362998,39.191148],[-84.363213,39.18905],[-84.364537,39.189043],[-84.364674,39.187669],[-84.36427,39.187824]]}},{"type":"Feature","properties":{"route_id":"20","shape_id":"200010","route_short_name":"20","route_long_name":"Winton Road","route_color":"#2A75B0","route_text_color":"#000000"},"geometry":{"type":"LineString","coordinates":[[-84.510582,39.101614],[-84.509787,39.101735],[-84.51009,39.102926],[-84.513301,39.102438],[-84.514515,39.107261],[-84.518948,39.106593],[-84.519246,39.106714],[-84.521703,39.115748],[-84.523658,39.118616],[-84.525009,39.11989],[-84.526481,39.120737],[-84.531043,39.121646],[-84.531896,39.121996],[-84.533229,39.123492],[-84.533528,39.124724],[-84.533459,39.127643],[-84.532274,39.129955],[-84.53137,39.130771],[-84.531172,39.131185],[-84.532059,39.13293],[-84.532274,39.13604],[-84.53293,39.137928],[-84.532855,39.139796],[-84.531946,39.141148],[-84.531883,39.141617],[-84.532303,39.142218],[-84.533833,39.142989],[-84.537549,39.147081],[-84.538309,39.148486],[-84.539078,39.150652],[-84.538987,39.15103],[-84.538606,39.151368],[-84.537079,39.151744],[-84.536217,39.153078],[-84.537885,39.154046],[-84.538683,39.155062],[-84.539378,39.15839],[-84.538291,39.159106],[-84.538194,39.160034],[-84.533065,39.159713],[-84.532547,39.159452],[-84.531464,39.159609],[-84.521994,39.164714],[-84.520388,39.164947],[-84.519534,39.174863],[-84.519694,39.179313],[-84.520118,39.180685],[-84.523256,39.185561],[-84.523939,39.187316],[-84.524118,39.189008],[-84.523364,39.196204],[-84.522967,39.197342],[-84.521278,39.199653],[-84.52091,39.200503],[-84.520879,39.201183],[-84.521653,39.204809],[-84.521459,39.205346],[-84.519707,39.207742],[-84.519243,39.208927],[-84.518258,39.215895],[-84.518254,39.217834],[-84.517449,39.222784],[-84.516196,39.224726],[-84.511435,39.228445],[-84.510226,39.229769],[-84.509874,39.230892],[-84.509151,39.2383],[-84.509295,39.239285],[-84.510434,39.241086],[-84.512326,39.245112],[-84.51266,39.24919],[-84.513035,39.250455],[-84.523503,39.265115],[-84.52337,39.267173],[-84.521419,39.266844],[-84.521208,39.269723],[-84.521461,39.269982],[-84.522694,39.270069],[-84.522604,39.270973],[-84.522964,39.270999],[-84.521761,39.281651],[-84.523842,39.292404],[-84.522587,39.292562],[-84.522741,39.293347],[-84.521813,39.293525],[-84.521705,39.293764],[-84.521837,39.293974],[-84.522086,39.293986],[-84.522708,39.293563],[-84.522587,39.292562],[-84.523842,39.292404],[-84.52411,39.294119],[-84.524024,39.298149],[-84.523448,39.305284],[-84.52443,39.305462],[-84.524852,39.30591],[-84.525249,39.305849],[-84.525298,39.306455],[-84.525499,39.306567]]}},{"type":"Feature","properties":{"route_id":"20","shape_id":"200001","route_short_name":"20","route_long_name":"Winton Road","route_color":"#2A75B0","route_text_color":"#000000"},"geometry":{"type":"LineString","coordinates":[[-84.510582,39.101614],[-84.509787,39.101735],[-84.51009,39.102926],[-84.513301,39.102438],[-84.514515,39.107261],[-84.518948,39.106593],[-84.519246,39.106714],[-84.521703,39.115748],[-84.523658,39.118616],[-84.525009,39.11989],[-84.526481,39.120737],[-84.531043,39.121646],[-84.531896,39.121996],[-84.533229,39.123492],[-84.533528,39.124724],[-84.533459,39.127643],[-84.532274,39.129955],[-84.53137,39.130771],[-84.531172,39.131185],[-84.532059,39.13293],[-84.532274,39.13604],[-84.53293,39.137928],[-84.532855,39.139796],[-84.531946,39.141148],[-84.531883,39.141617],[-84.532303,39.142218],[-84.533833,39.142989],[-84.537549,39.147081],[-84.538309,39.148486],[-84.539078,39.150652],[-84.538987,39.15103],[-84.538606,39.151368],[-84.537079,39.151744],[-84.536217,39.153078],[-84.537885,39.154046],[-84.538683,39.155062],[-84.539378,39.15839],[-84.538291,39.159106],[-84.538194,39.160034],[-84.533065,39.159713],[-84.532547,39.159452],[-84.531464,39.159609],[-84.521994,39.164714],[-84.520388,39.164947],[-84.519534,39.174863],[-84.519694,39.179313],[-84.520118,39.180685],[-84.523256,39.185561],[-84.523939,39.187316],[-84.524118,39.189008],[-84.523364,39.196204],[-84.522967,39.197342],[-84.521278,39.199653],[-84.52091,39.200503],[-84.520879,39.201183],[-84.521653,39.204809],[-84.521459,39.205346],[-84.519707,39.207742],[-84.519243,39.208927],[-84.518258,39.215895],[-84.518254,39.217834],[-84.517449,39.222784],[-84.516196,39.224726],[-84.511435,39.228445],[-84.510226,39.229769],[-84.509874,39.230892],[-84.509151,39.2383],[-84.509295,39.239285],[-84.510434,39.241086],[-84.512326,39.245112],[-84.51266,39.24919],[-84.513035,39.250455],[-84.523503,39.265115],[-84.522603,39.274425],[-84.521755,39.281281],[-84.52182,39.282373],[-84.523842,39.292404],[-84.522587,39.292562],[-84.522741,39.293347],[-84.521813,39.293525],[-84.521705,39.293764],[-84.521837,39.293974],[-84.522086,39.293986],[-84.522708,39.293563],[-84.522587,39.292562],[-84.523842,39.292404],[-84.52411,39.294119],[-84.524024,39.298149],[-84.523448,39.305284],[-84.52443,39.305462],[-84.524852,39.30591],[-84.525249,39.305849],[-84.525298,39.306455],[-84.525499,39.306567]]}},{"type":"Feature","properties":{"route_id":"20","shape_id":"200013","route_short_name":"20","route_long_name":"Winton Road","route_color":"#2A75B0","route_text_color":"#000000"},"geometry":{"type":"LineString","coordinates":[[-84.525499,39.306567],[-84.526297,39.306605],[-84.526285,39.306762],[-84.525314,39.30685],[-84.524622,39.305589],[-84.52365,39.305315],[-84.524243,39.295273],[-84.524244,39.294019],[-84.523976,39.292387],[-84.522587,39.292562],[-84.522741,39.293347],[-84.521813,39.293525],[-84.521705,39.293764],[-84.521837,39.293974],[-84.522086,39.293986],[-84.522708,39.293563],[-84.522587,39.292562],[-84.523976,39.292387],[-84.521889,39.281514],[-84.522964,39.270999],[-84.52262,39.270815],[-84.522694,39.270069],[-84.521461,39.269982],[-84.521208,39.269723],[-84.521419,39.266844],[-84.52337,39.267173],[-84.523503,39.265115],[-84.513035,39.250455],[-84.51266,39.24919],[-84.512326,39.245112],[-84.510434,39.241086],[-84.509295,39.239285],[-84.509151,39.2383],[-84.509874,39.230892],[-84.510226,39.229769],[-84.511435,39.228445],[-84.516196,39.224726],[-84.517449,39.222784],[-84.518254,39.217834],[-84.518258,39.215895],[-84.519243,39.208927],[-84.519707,39.207742],[-84.521459,39.205346],[-84.521653,39.204809],[-84.520879,39.201183],[-84.52091,39.200503],[-84.521278,39.199653],[-84.522967,39.197342],[-84.523364,39.196204],[-84.524118,39.189008],[-84.523939,39.187316],[-84.523256,39.185561],[-84.520118,39.180685],[-84.519694,39.179313],[-84.519534,39.174863],[-84.52038,39.165195],[-84.520728,39.164962],[-84.521574,39.164856],[-84.522617,39.164409],[-84.531356,39.159642],[-84.537008,39.159924],[-84.539535,39.158315],[-84.539652,39.158111],[-84.539305,39.158076],[-84.538794,39.155481],[-84.538425,39.154609],[-84.537792,39.153981],[-84.536217,39.153078],[-84.537079,39.151744],[-84.538487,39.151422],[-84.539037,39.150926],[-84.53906,39.150542],[-84.538109,39.14805],[-84.537549,39.147081],[-84.534408,39.143571],[-84.533705,39.142886],[-84.5322,39.14214],[-84.531883,39.141617],[-84.531946,39.141148],[-84.532855,39.139796],[-84.53293,39.137928],[-84.532274,39.13604],[-84.532059,39.13293],[-84.531172,39.131185],[-84.53137,39.130771],[-84.532274,39.129955],[-84.533459,39.127643],[-84.533528,39.124724],[-84.533229,39.123492],[-84.531896,39.121996],[-84.531043,39.121646],[-84.526481,39.120737],[-84.525009,39.11989],[-84.523658,39.118616],[-84.521703,39.115748],[-84.519388,39.106423],[-84.519212,39.106345],[-84.512852,39.107286],[-84.511391,39.10149],[-84.510582,39.101614]]}},{"type":"Feature","properties":{"route_id":"20","shape_id":"200014","route_short_name":"20","route_long_name":"Winton Road","route_color":"#2A75B0","route_text_color":"#000000"},"geometry":{"type":"LineString","coordinates":[[-84.525499,39.306567],[-84.526297,39.306605],[-84.526285,39.306762],[-84.525314,39.30685],[-84.524622,39.305589],[-84.52365,39.305315],[-84.524243,39.295273],[-84.524244,39.294019],[-84.523976,39.292387],[-84.522587,39.292562],[-84.522741,39.293347],[-84.521813,39.293525],[-84.521705,39.293764],[-84.521837,39.293974],[-84.522086,39.293986],[-84.522708,39.293563],[-84.522587,39.292562],[-84.523976,39.292387],[-84.521889,39.281514],[-84.523503,39.265115],[-84.513035,39.250455],[-84.51266,39.24919],[-84.512326,39.245112],[-84.510434,39.241086],[-84.509295,39.239285],[-84.509151,39.2383],[-84.509874,39.230892],[-84.510226,39.229769],[-84.511435,39.228445],[-84.516196,39.224726],[-84.517449,39.222784],[-84.518254,39.217834],[-84.518258,39.215895],[-84.519243,39.208927],[-84.519707,39.207742],[-84.521459,39.205346],[-84.521653,39.204809],[-84.520879,39.201183],[-84.52091,39.200503],[-84.521278,39.199653],[-84.522967,39.197342],[-84.523364,39.196204],[-84.524118,39.189008],[-84.523939,39.187316],[-84.523256,39.185561],[-84.520118,39.180685],[-84.519694,39.179313],[-84.519534,39.174863],[-84.52038,39.165195],[-84.520728,39.164962],[-84.521574,39.164856],[-84.522617,39.164409],[-84.531356,39.159642],[-84.537008,39.159924],[-84.539535,39.158315],[-84.539652,39.158111],[-84.539305,39.158076],[-84.538794,39.155481],[-84.538425,39.154609],[-84.537792,39.153981],[-84.536217,39.153078],[-84.537079,39.151744],[-84.538487,39.151422],[-84.539037,39.150926],[-84.53906,39.150542],[-84.538109,39.14805],[-84.537549,39.147081],[-84.534408,39.143571],[-84.533705,39.142886],[-84.5322,39.14214],[-84.531883,39.141617],[-84.531946,39.141148],[-84.532855,39.139796],[-84.53293,39.137928],[-84.532274,39.13604],[-84.532059,39.13293],[-84.531172,39.131185],[-84.53137,39.130771],[-84.532274,39.129955],[-84.533459,39.127643],[-84.533528,39.124724],[-84.533229,39.123492],[-84.531896,39.121996],[-84.531043,39.121646],[-84.526481,39.120737],[-84.525009,39.11989],[-84.523658,39.118616],[-84.521703,39.115748],[-84.519388,39.106423],[-84.519212,39.106345],[-84.512852,39.107286],[-84.511391,39.10149],[-84.510582,39.101614]]}},{"type":"Feature","properties":{"route_id":"21","shape_id":"210011","route_short_name":"21","route_long_name":"Harrison Avenue","route_color":"#2A75B0","route_text_color":"#000000"},"geometry":{"type":"LineString","coordinates":[[-84.51138,39.101445],[-84.511065,39.100196],[-84.512678,39.099958],[-84.513301,39.102438],[-84.516538,39.102047],[-84.520826,39.119003],[-84.524344,39.120248],[-84.525009,39.11989],[-84.526709,39.120818],[-84.531366,39.121756],[-84.532235,39.122227],[-84.533229,39.123492],[-84.533486,39.124282],[-84.539214,39.1248],[-84.545092,39.124432],[-84.547331,39.125171],[-84.54939,39.126611],[-84.551611,39.126973],[-84.55348,39.127683],[-84.555514,39.127529],[-84.557867,39.127674],[-84.561134,39.128284],[-84.561776,39.12894],[-84.561606,39.130459],[-84.562087,39.13114],[-84.565984,39.133308],[-84.567944,39.13368],[-84.573568,39.134108],[-84.574311,39.134402],[-84.574673,39.134655],[-84.57575,39.136015],[-84.578294,39.137971],[-84.579767,39.139887],[-84.580704,39.140674],[-84.581674,39.141239],[-84.585658,39.141862],[-84.590117,39.141165],[-84.591187,39.141391],[-84.597146,39.147242],[-84.598987,39.149397],[-84.604393,39.155137],[-84.609189,39.155894],[-84.61756,39.157905],[-84.618994,39.158121],[-84.619671,39.154667],[-84.615709,39.154363],[-84.615235,39.154478],[-84.611935,39.15433],[-84.612445,39.152711],[-84.613578,39.140972],[-84.618175,39.141301],[-84.620448,39.143147],[-84.62364,39.144884],[-84.625964,39.146813],[-84.625527,39.147152],[-84.625323,39.148854],[-84.625044,39.149],[-84.623688,39.148931],[-84.622925,39.1486],[-84.6205,39.148362],[-84.620588,39.147062],[-84.621476,39.146419]]}},{"type":"Feature","properties":{"route_id":"21","shape_id":"210009","route_short_name":"21","route_long_name":"Harrison Avenue","route_color":"#2A75B0","route_text_color":"#000000"},"geometry":{"type":"LineString","coordinates":[[-84.621476,39.146419],[-84.622149,39.146111],[-84.623655,39.145841],[-84.624309,39.145432],[-84.623332,39.144682],[-84.620147,39.142947],[-84.618175,39.141301],[-84.613578,39.140972],[-84.612445,39.152711],[-84.611935,39.15433],[-84.615235,39.154478],[-84.615709,39.154363],[-84.619671,39.154667],[-84.618994,39.158121],[-84.61756,39.157905],[-84.609189,39.155894],[-84.604393,39.155137],[-84.598987,39.149397],[-84.597146,39.147242],[-84.591273,39.141444],[-84.590117,39.141165],[-84.585658,39.141862],[-84.581674,39.141239],[-84.580704,39.140674],[-84.579767,39.139887],[-84.578294,39.137971],[-84.57575,39.136015],[-84.574673,39.134655],[-84.574311,39.134402],[-84.573568,39.134108],[-84.567944,39.13368],[-84.565984,39.133308],[-84.562087,39.13114],[-84.561606,39.130459],[-84.561776,39.12894],[-84.561134,39.128284],[-84.557867,39.127674],[-84.555514,39.127529],[-84.55348,39.127683],[-84.551611,39.126973],[-84.54939,39.126611],[-84.546946,39.12489],[-84.545373,39.124322],[-84.539214,39.1248],[-84.533486,39.124282],[-84.533229,39.123492],[-84.532235,39.122227],[-84.531366,39.121756],[-84.526709,39.120818],[-84.525009,39.11989],[-84.524344,39.120248],[-84.518935,39.118339],[-84.516081,39.106805],[-84.512852,39.107286],[-84.51138,39.101445]]}},{"type":"Feature","properties":{"route_id":"22","shape_id":"220008","route_short_name":"22","route_long_name":"Glenway / Madison","route_color":"#C2D231","route_text_color":"#000000"},"geometry":{"type":"LineString","coordinates":[[-84.615405,39.130445],[-84.614666,39.130547],[-84.614702,39.130025],[-84.610669,39.129884],[-84.610131,39.130123],[-84.609194,39.131187],[-84.606639,39.12956],[-84.606161,39.12911],[-84.604138,39.128668],[-84.603225,39.128268],[-84.600899,39.128152],[-84.601158,39.125782],[-84.601942,39.122431],[-84.599923,39.119522],[-84.599149,39.11846],[-84.597476,39.116744],[-84.595391,39.116456],[-84.593909,39.11606],[-84.592927,39.115465],[-84.591474,39.113884],[-84.590145,39.113261],[-84.588699,39.113191],[-84.58668,39.113384],[-84.585297,39.114096],[-84.584056,39.114376],[-84.576206,39.113947],[-84.57249,39.110595],[-84.5568,39.109558],[-84.555667,39.108944],[-84.555271,39.108506],[-84.554756,39.106144],[-84.554424,39.10621],[-84.554223,39.106777],[-84.554333,39.107281],[-84.554033,39.107414],[-84.553886,39.105645],[-84.553525,39.105319],[-84.536362,39.104021],[-84.533172,39.103659],[-84.533306,39.100197],[-84.533613,39.09975],[-84.534137,39.099645],[-84.534431,39.099767],[-84.534567,39.100021],[-84.534215,39.100384],[-84.529841,39.100513],[-84.523188,39.101467],[-84.522621,39.101361],[-84.522183,39.101034],[-84.521582,39.099735],[-84.521351,39.098723],[-84.520973,39.098117],[-84.520345,39.097656],[-84.519512,39.097395],[-84.518304,39.097364],[-84.516244,39.097604],[-84.508343,39.098794],[-84.505633,39.098922],[-84.504612,39.099242],[-84.504129,39.099635],[-84.503787,39.100193],[-84.503668,39.100649],[-84.503754,39.101701],[-84.504392,39.104411],[-84.504243,39.105655],[-84.501646,39.109747],[-84.501052,39.110996],[-84.499936,39.115791],[-84.497886,39.121048],[-84.497216,39.126205],[-84.493638,39.133801],[-84.492831,39.134901],[-84.49052,39.136296],[-84.489931,39.136244],[-84.489508,39.135896],[-84.489471,39.135525],[-84.489916,39.134559],[-84.487493,39.133877],[-84.487026,39.134393],[-84.485756,39.134935],[-84.482609,39.137501],[-84.481658,39.137898],[-84.482065,39.139116],[-84.482716,39.140301],[-84.482226,39.140667],[-84.481891,39.142203],[-84.480856,39.142912],[-84.47983,39.143124],[-84.475299,39.142794],[-84.475669,39.140177],[-84.475556,39.139907],[-84.475997,39.135629],[-84.46834,39.135126],[-84.468902,39.130152],[-84.468128,39.130233],[-84.466298,39.130651],[-84.463742,39.131856],[-84.460836,39.132288],[-84.459395,39.133116],[-84.45892,39.133523],[-84.456728,39.136986],[-84.4563,39.137356],[-84.4419,39.146005],[-84.440054,39.146557],[-84.434206,39.150541],[-84.433124,39.151101],[-84.431987,39.151996],[-84.422772,39.157626],[-84.423397,39.158063],[-84.425073,39.158172],[-84.42477,39.160822],[-84.418835,39.160629],[-84.418498,39.15975],[-84.412599,39.161974],[-84.413255,39.162434],[-84.414613,39.164464],[-84.414916,39.164926],[-84.414726,39.165174],[-84.404897,39.164401],[-84.402129,39.16333],[-84.401945,39.162927],[-84.402053,39.162243],[-84.401617,39.161642],[-84.401598,39.161217],[-84.400137,39.161102],[-84.393099,39.160603],[-84.392738,39.163581],[-84.385492,39.163066],[-84.385794,39.160338],[-84.385421,39.160528]]}},{"type":"Feature","properties":{"route_id":"22","shape_id":"220010","route_short_name":"22","route_long_name":"Glenway / Madison","route_color":"#C2D231","route_text_color":"#000000"},"geometry":{"type":"LineString","coordinates":[[-84.385745,39.160814],[-84.385492,39.163066],[-84.392738,39.163581],[-84.393099,39.160603],[-84.400137,39.161102],[-84.401598,39.161217],[-84.401617,39.161642],[-84.402053,39.162243],[-84.401945,39.162927],[-84.402129,39.16333],[-84.404897,39.164401],[-84.415057,39.165198],[-84.413186,39.162368],[-84.413015,39.161899],[-84.418498,39.15975],[-84.418835,39.160629],[-84.42477,39.160822],[-84.425073,39.158172],[-84.423397,39.158063],[-84.422772,39.157626],[-84.431206,39.152457],[-84.433339,39.151297],[-84.434206,39.150541],[-84.440054,39.146557],[-84.4419,39.146005],[-84.455775,39.137759],[-84.456728,39.136986],[-84.457276,39.135936],[-84.45898,39.133442],[-84.459546,39.133036],[-84.461192,39.132298],[-84.463742,39.131856],[-84.466298,39.130651],[-84.468128,39.130233],[-84.47482,39.129709],[-84.47399,39.13752],[-84.47579,39.137638],[-84.477155,39.136669],[-84.477602,39.136558],[-84.480959,39.137835],[-84.48213,39.137871],[-84.482761,39.137572],[-84.485756,39.134935],[-84.487026,39.134393],[-84.487493,39.133877],[-84.489916,39.134559],[-84.493648,39.134713],[-84.494368,39.133326],[-84.495104,39.131126],[-84.497373,39.126614],[-84.497663,39.125498],[-84.498271,39.120925],[-84.500298,39.117046],[-84.500623,39.116097],[-84.500889,39.112554],[-84.501293,39.11091],[-84.501708,39.109958],[-84.5039,39.106706],[-84.50453,39.105445],[-84.504589,39.103838],[-84.504011,39.101701],[-84.504389,39.100316],[-84.505453,39.099543],[-84.506428,39.099282],[-84.51766,39.097557],[-84.51857,39.097657],[-84.519251,39.098061],[-84.519917,39.099609],[-84.52051,39.100561],[-84.520882,39.100981],[-84.521677,39.101461],[-84.523936,39.101611],[-84.526657,39.101185],[-84.52873,39.101109],[-84.530205,39.101295],[-84.529438,39.103401],[-84.535673,39.10412],[-84.538399,39.104142],[-84.553525,39.105319],[-84.553886,39.105645],[-84.554033,39.107414],[-84.554333,39.107281],[-84.554223,39.106777],[-84.554424,39.10621],[-84.554756,39.106144],[-84.555271,39.108506],[-84.555667,39.108944],[-84.5568,39.109558],[-84.57249,39.110595],[-84.576206,39.113947],[-84.584056,39.114376],[-84.585355,39.114074],[-84.58668,39.113384],[-84.588699,39.113191],[-84.590145,39.113261],[-84.591474,39.113884],[-84.592927,39.115465],[-84.593909,39.11606],[-84.595391,39.116456],[-84.597476,39.116744],[-84.599149,39.11846],[-84.599923,39.119522],[-84.601942,39.122431],[-84.601158,39.125782],[-84.600899,39.128152],[-84.603225,39.128268],[-84.604138,39.128668],[-84.606161,39.12911],[-84.606639,39.12956],[-84.609194,39.131187],[-84.610131,39.130123],[-84.610669,39.129884],[-84.615273,39.130053],[-84.615808,39.130233],[-84.615405,39.130445]]}},{"type":"Feature","properties":{"route_id":"23","shape_id":"230017","route_short_name":"23X","route_long_name":"Forest Park Express","route_color":"#C2D231","route_text_color":"#000000"},"geometry":{"type":"LineString","coordinates":[[-84.51593,39.106205],[-84.514608,39.100957],[-84.511233,39.101301],[-84.508136,39.101881],[-84.507827,39.100672],[-84.519162,39.09901],[-84.52033,39.100841],[-84.521325,39.101707],[-84.529079,39.10499],[-84.530426,39.106009],[-84.531087,39.106988],[-84.531516,39.10866],[-84.531242,39.11205],[-84.531379,39.113389],[-84.532114,39.114817],[-84.534818,39.118513],[-84.535289,39.119665],[-84.535437,39.120625],[-84.535214,39.123096],[-84.534734,39.125366],[-84.53415,39.127274],[-84.532536,39.131342],[-84.53238,39.132484],[-84.532453,39.133781],[-84.533821,39.137573],[-84.535374,39.142797],[-84.536687,39.144842],[-84.538887,39.147232],[-84.539585,39.148507],[-84.53984,39.149424],[-84.539912,39.150501],[-84.539459,39.152373],[-84.537305,39.155658],[-84.536576,39.156321],[-84.535457,39.156954],[-84.534136,39.15738],[-84.531993,39.157693],[-84.529916,39.158226],[-84.520089,39.161878],[-84.517854,39.162081],[-84.514369,39.16162],[-84.513047,39.16159],[-84.511772,39.161744],[-84.510179,39.16222],[-84.50865,39.163072],[-84.50777,39.163857],[-84.504949,39.168141],[-84.504167,39.168947],[-84.503189,39.169644],[-84.501657,39.170319],[-84.498846,39.171226],[-84.493821,39.171909],[-84.491674,39.172899],[-84.48921,39.174788],[-84.487641,39.176461],[-84.483583,39.18397],[-84.4815,39.188635],[-84.480899,39.189646],[-84.479964,39.190591],[-84.470701,39.198373],[-84.469202,39.199929],[-84.464302,39.207209],[-84.463637,39.207957],[-84.462467,39.209058],[-84.460569,39.210393],[-84.452821,39.213965],[-84.451164,39.21535],[-84.44973,39.217331],[-84.448738,39.219076],[-84.448277,39.220451],[-84.448109,39.222016],[-84.448347,39.223784],[-84.449825,39.229321],[-84.449971,39.233461],[-84.451165,39.237897],[-84.45123,39.238981],[-84.451085,39.239985],[-84.45029,39.241859],[-84.447707,39.245132],[-84.446682,39.246849],[-84.440325,39.26097],[-84.439804,39.262903],[-84.439767,39.26525],[-84.439167,39.270047],[-84.439192,39.270167],[-84.444482,39.27075],[-84.444153,39.274926],[-84.442925,39.285259],[-84.446943,39.28553],[-84.449913,39.286229],[-84.466797,39.288053],[-84.485794,39.286978],[-84.506202,39.290889],[-84.523112,39.288856],[-84.523842,39.292404],[-84.522587,39.292562],[-84.522741,39.293347],[-84.521813,39.293525],[-84.521705,39.293764],[-84.521837,39.293974],[-84.522086,39.293986],[-84.522566,39.29367]]}},{"type":"Feature","properties":{"route_id":"23","shape_id":"230020","route_short_name":"23X","route_long_name":"Forest Park Express","route_color":"#C2D231","route_text_color":"#000000"},"geometry":{"type":"LineString","coordinates":[[-84.522566,39.29367],[-84.522749,39.293448],[-84.522587,39.292562],[-84.523976,39.292387],[-84.523257,39.288838],[-84.506202,39.290889],[-84.485794,39.286978],[-84.466829,39.287915],[-84.449913,39.286229],[-84.446943,39.28553],[-84.443397,39.285287],[-84.442967,39.28488],[-84.444153,39.274926],[-84.444482,39.27075],[-84.442145,39.270467],[-84.441663,39.269949],[-84.440762,39.266088],[-84.440429,39.262714],[-84.440688,39.2612],[-84.441372,39.259325],[-84.446873,39.247112],[-84.44804,39.245147],[-84.450459,39.242119],[-84.451303,39.24036],[-84.451505,39.239188],[-84.451487,39.238075],[-84.450479,39.234549],[-84.450265,39.233198],[-84.450265,39.229398],[-84.450737,39.227756],[-84.451391,39.226833],[-84.458659,39.219703],[-84.459563,39.218615],[-84.460465,39.216778],[-84.461282,39.21319],[-84.461891,39.211497],[-84.469253,39.200158],[-84.47073,39.198559],[-84.479654,39.191036],[-84.481094,39.189624],[-84.481672,39.188702],[-84.48402,39.183478],[-84.487435,39.177053],[-84.488314,39.17587],[-84.489596,39.174687],[-84.491931,39.172978],[-84.49312,39.172362],[-84.494582,39.171934],[-84.499106,39.171364],[-84.502224,39.170343],[-84.503476,39.169756],[-84.50442,39.169063],[-84.505253,39.168159],[-84.507969,39.164012],[-84.509,39.16312],[-84.510101,39.162498],[-84.511525,39.162003],[-84.513056,39.161788],[-84.514485,39.161829],[-84.517994,39.162287],[-84.520174,39.162077],[-84.530529,39.158193],[-84.535127,39.157254],[-84.536239,39.156728],[-84.537304,39.155916],[-84.53917,39.153285],[-84.539703,39.15224],[-84.540094,39.15031],[-84.539735,39.14844],[-84.53899,39.147108],[-84.536679,39.144528],[-84.535631,39.142772],[-84.535216,39.141723],[-84.534084,39.137497],[-84.532812,39.133967],[-84.532707,39.132651],[-84.5329,39.13119],[-84.535009,39.126492],[-84.535377,39.125113],[-84.535693,39.120631],[-84.53529,39.118993],[-84.534567,39.117781],[-84.5325,39.115004],[-84.531637,39.113409],[-84.531454,39.111858],[-84.531731,39.10864],[-84.53156,39.107535],[-84.531276,39.106902],[-84.530066,39.105377],[-84.524942,39.102433],[-84.523039,39.102322],[-84.515236,39.103449],[-84.514608,39.100957],[-84.509974,39.1015]]}},{"type":"Feature","properties":{"route_id":"23","shape_id":"230018","route_short_name":"23X","route_long_name":"Forest Park Express","route_color":"#C2D231","route_text_color":"#000000"},"geometry":{"type":"LineString","coordinates":[[-84.509974,39.1015],[-84.508136,39.101881],[-84.507827,39.100672],[-84.519162,39.09901],[-84.52033,39.100841],[-84.521325,39.101707],[-84.529079,39.10499],[-84.530426,39.106009],[-84.531087,39.106988],[-84.531516,39.10866],[-84.531242,39.11205],[-84.531379,39.113389],[-84.532114,39.114817],[-84.534818,39.118513],[-84.535289,39.119665],[-84.535437,39.120625],[-84.535214,39.123096],[-84.534734,39.125366],[-84.53415,39.127274],[-84.532536,39.131342],[-84.53238,39.132484],[-84.532453,39.133781],[-84.533821,39.137573],[-84.535374,39.142797],[-84.536687,39.144842],[-84.538887,39.147232],[-84.539585,39.148507],[-84.53984,39.149424],[-84.539912,39.150501],[-84.539459,39.152373],[-84.537305,39.155658],[-84.536576,39.156321],[-84.535457,39.156954],[-84.534136,39.15738],[-84.531993,39.157693],[-84.529916,39.158226],[-84.520089,39.161878],[-84.517854,39.162081],[-84.514369,39.16162],[-84.513047,39.16159],[-84.511772,39.161744],[-84.510179,39.16222],[-84.50865,39.163072],[-84.50777,39.163857],[-84.504949,39.168141],[-84.504167,39.168947],[-84.503189,39.169644],[-84.501657,39.170319],[-84.498846,39.171226],[-84.493821,39.171909],[-84.491674,39.172899],[-84.48921,39.174788],[-84.487641,39.176461],[-84.483583,39.18397],[-84.4815,39.188635],[-84.480899,39.189646],[-84.479964,39.190591],[-84.470701,39.198373],[-84.469202,39.199929],[-84.464302,39.207209],[-84.463637,39.207957],[-84.462467,39.209058],[-84.460569,39.210393],[-84.452821,39.213965],[-84.451164,39.21535],[-84.44973,39.217331],[-84.448738,39.219076],[-84.448277,39.220451],[-84.448109,39.222016],[-84.448347,39.223784],[-84.449825,39.229321],[-84.449971,39.233461],[-84.451165,39.237897],[-84.45123,39.238981],[-84.451085,39.239985],[-84.45029,39.241859],[-84.447707,39.245132],[-84.446682,39.246849],[-84.440325,39.26097],[-84.439804,39.262903],[-84.439767,39.26525],[-84.439167,39.270047],[-84.439192,39.270167],[-84.444482,39.27075],[-84.444153,39.274926],[-84.442925,39.285259],[-84.446943,39.28553],[-84.449913,39.286229],[-84.466797,39.288053],[-84.485794,39.286978],[-84.506202,39.290889],[-84.523112,39.288856],[-84.523842,39.292404],[-84.522587,39.292562],[-84.522741,39.293347],[-84.521813,39.293525],[-84.521705,39.293764],[-84.521837,39.293974],[-84.522086,39.293986],[-84.522566,39.29367]]}},{"type":"Feature","properties":{"route_id":"23","shape_id":"230021","route_short_name":"23X","route_long_name":"Forest Park Express","route_color":"#C2D231","route_text_color":"#000000"},"geometry":{"type":"LineString","coordinates":[[-84.522566,39.29367],[-84.522749,39.293448],[-84.522587,39.292562],[-84.523976,39.292387],[-84.523257,39.288838],[-84.506202,39.290889],[-84.485794,39.286978],[-84.466829,39.287915],[-84.449913,39.286229],[-84.446943,39.28553],[-84.443397,39.285287],[-84.442967,39.28488],[-84.444153,39.274926],[-84.444482,39.27075],[-84.442145,39.270467],[-84.441663,39.269949],[-84.440762,39.266088],[-84.440429,39.262714],[-84.440688,39.2612],[-84.441372,39.259325],[-84.446873,39.247112],[-84.44804,39.245147],[-84.450459,39.242119],[-84.451303,39.24036],[-84.451505,39.239188],[-84.451487,39.238075],[-84.450479,39.234549],[-84.450265,39.233198],[-84.450265,39.229398],[-84.450737,39.227756],[-84.451391,39.226833],[-84.458659,39.219703],[-84.459563,39.218615],[-84.460465,39.216778],[-84.461282,39.21319],[-84.461891,39.211497],[-84.469253,39.200158],[-84.47073,39.198559],[-84.479654,39.191036],[-84.481094,39.189624],[-84.481672,39.188702],[-84.48402,39.183478],[-84.487435,39.177053],[-84.488314,39.17587],[-84.489596,39.174687],[-84.491931,39.172978],[-84.49312,39.172362],[-84.494582,39.171934],[-84.499106,39.171364],[-84.502224,39.170343],[-84.503476,39.169756],[-84.50442,39.169063],[-84.505253,39.168159],[-84.507969,39.164012],[-84.509,39.16312],[-84.510101,39.162498],[-84.511525,39.162003],[-84.513056,39.161788],[-84.514485,39.161829],[-84.517994,39.162287],[-84.520174,39.162077],[-84.530529,39.158193],[-84.53483,39.157356],[-84.536239,39.156728],[-84.537304,39.155916],[-84.538343,39.154542],[-84.539601,39.152475],[-84.539941,39.151508],[-84.540092,39.150464],[-84.539976,39.149214],[-84.539735,39.14844],[-84.53899,39.147108],[-84.536679,39.144528],[-84.535631,39.142772],[-84.535216,39.141723],[-84.534084,39.137497],[-84.532812,39.133967],[-84.532707,39.132651],[-84.5329,39.13119],[-84.535009,39.126492],[-84.535377,39.125113],[-84.535693,39.120631],[-84.53529,39.118993],[-84.534567,39.117781],[-84.5325,39.115004],[-84.531637,39.113409],[-84.531454,39.111858],[-84.531731,39.10864],[-84.53156,39.107535],[-84.531276,39.106902],[-84.530066,39.105377],[-84.524942,39.102433],[-84.523039,39.102322],[-84.515236,39.103449],[-84.514608,39.100957],[-84.511233,39.101301],[-84.508136,39.101881],[-84.507827,39.100672],[-84.512678,39.099958],[-84.514017,39.105286]]}},{"type":"Feature","properties":{"route_id":"24","shape_id":"240016","route_short_name":"24","route_long_name":"MLK / Beechmont","route_color":"#2A75B0","route_text_color":"#000000"},"geometry":{"type":"LineString","coordinates":[[-84.538318,39.159507],[-84.538194,39.160034],[-84.539381,39.160116],[-84.539433,39.158555],[-84.538554,39.154809],[-84.537885,39.154046],[-84.534982,39.152241],[-84.532045,39.147679],[-84.529751,39.146266],[-84.526094,39.144936],[-84.524853,39.144332],[-84.519199,39.143468],[-84.520037,39.135327],[-84.517003,39.135109],[-84.514736,39.135744],[-84.510534,39.135402],[-84.505611,39.135417],[-84.489916,39.134559],[-84.488414,39.134187],[-84.485694,39.1332],[-84.482724,39.131301],[-84.47999,39.130187],[-84.478772,39.129866],[-84.47652,39.12958],[-84.468128,39.130233],[-84.466298,39.130651],[-84.463742,39.131856],[-84.460836,39.132288],[-84.45898,39.133442],[-84.456494,39.137222],[-84.450965,39.140564],[-84.443347,39.139708],[-84.44274,39.139519],[-84.441656,39.139516],[-84.426738,39.137955],[-84.427179,39.132667],[-84.427353,39.13213],[-84.428202,39.130887],[-84.429778,39.129635],[-84.430356,39.129355],[-84.430434,39.12848],[-84.429437,39.127357],[-84.428631,39.127038],[-84.425924,39.127136],[-84.422866,39.126011],[-84.421526,39.125882],[-84.418808,39.124016],[-84.418518,39.123039],[-84.418891,39.121601],[-84.418559,39.120941],[-84.409014,39.115855],[-84.40685,39.114501],[-84.404819,39.112802],[-84.400609,39.108079],[-84.399816,39.107393],[-84.398583,39.106753],[-84.39532,39.10563],[-84.393783,39.104812],[-84.390959,39.104461],[-84.389847,39.104126],[-84.388547,39.103332],[-84.387048,39.101698],[-84.386876,39.101024],[-84.387224,39.09727],[-84.386924,39.091561],[-84.389598,39.091778],[-84.390742,39.082617],[-84.391282,39.080875],[-84.391976,39.075425],[-84.382925,39.074679],[-84.381406,39.087733],[-84.377382,39.085628],[-84.375131,39.083798],[-84.373031,39.081445],[-84.371606,39.080217],[-84.368827,39.078694],[-84.36498,39.07599],[-84.362501,39.073936],[-84.361038,39.073218],[-84.358122,39.072865],[-84.345381,39.072752],[-84.345457,39.074164],[-84.345001,39.077116],[-84.345698,39.079623],[-84.345642,39.083927],[-84.346673,39.084189],[-84.351492,39.084559],[-84.351157,39.080657],[-84.351912,39.078083],[-84.35042,39.078011],[-84.349751,39.077782],[-84.349763,39.078445],[-84.350678,39.079185],[-84.350534,39.078876]]}},{"type":"Feature","properties":{"route_id":"24","shape_id":"240021","route_short_name":"24","route_long_name":"MLK / Beechmont","route_color":"#2A75B0","route_text_color":"#000000"},"geometry":{"type":"LineString","coordinates":[[-84.350534,39.078876],[-84.349886,39.078596],[-84.34967,39.078165],[-84.349751,39.077782],[-84.348721,39.076868],[-84.347472,39.075119],[-84.345347,39.07488],[-84.345381,39.072752],[-84.358122,39.072865],[-84.361038,39.073218],[-84.362501,39.073936],[-84.36498,39.07599],[-84.368827,39.078694],[-84.371606,39.080217],[-84.373031,39.081445],[-84.375131,39.083798],[-84.377382,39.085628],[-84.381406,39.087733],[-84.382925,39.074679],[-84.391976,39.075425],[-84.391282,39.080875],[-84.390742,39.082617],[-84.389598,39.091778],[-84.386924,39.091561],[-84.387224,39.09727],[-84.386876,39.101024],[-84.387048,39.101698],[-84.388547,39.103332],[-84.389847,39.104126],[-84.39079,39.104431],[-84.393694,39.104867],[-84.39532,39.10563],[-84.398583,39.106753],[-84.399816,39.107393],[-84.400609,39.108079],[-84.404819,39.112802],[-84.40685,39.114501],[-84.409014,39.115855],[-84.418365,39.120819],[-84.418756,39.121497],[-84.418477,39.122913],[-84.418808,39.124016],[-84.421526,39.125882],[-84.422866,39.126011],[-84.425924,39.127136],[-84.428631,39.127038],[-84.429437,39.127357],[-84.430201,39.128202],[-84.43021,39.128665],[-84.429778,39.129635],[-84.428071,39.131021],[-84.427353,39.13213],[-84.427179,39.132667],[-84.426738,39.137955],[-84.450965,39.140564],[-84.456505,39.137213],[-84.45898,39.133442],[-84.460219,39.132721],[-84.461192,39.132298],[-84.463742,39.131856],[-84.466298,39.130651],[-84.468128,39.130233],[-84.47482,39.129709],[-84.47399,39.13752],[-84.47579,39.137638],[-84.477155,39.136669],[-84.477602,39.136558],[-84.480959,39.137835],[-84.48213,39.137871],[-84.482761,39.137572],[-84.485756,39.134935],[-84.487026,39.134393],[-84.487493,39.133877],[-84.490267,39.134596],[-84.497948,39.134933],[-84.505962,39.135561],[-84.507713,39.135453],[-84.514736,39.135744],[-84.517003,39.135109],[-84.519636,39.135299],[-84.520009,39.135584],[-84.519199,39.143468],[-84.524853,39.144332],[-84.526094,39.144936],[-84.529751,39.146266],[-84.532045,39.147679],[-84.534982,39.152241],[-84.537885,39.154046],[-84.538554,39.154809],[-84.539378,39.15839],[-84.538291,39.159106],[-84.538318,39.159507]]}},{"type":"Feature","properties":{"route_id":"24","shape_id":"240020","route_short_name":"24","route_long_name":"MLK / Beechmont","route_color":"#2A75B0","route_text_color":"#000000"},"geometry":{"type":"LineString","coordinates":[[-84.538318,39.159507],[-84.538194,39.160034],[-84.539381,39.160116],[-84.539433,39.158555],[-84.538554,39.154809],[-84.537885,39.154046],[-84.534982,39.152241],[-84.532045,39.147679],[-84.529751,39.146266],[-84.526094,39.144936],[-84.524853,39.144332],[-84.519199,39.143468],[-84.520037,39.135327],[-84.517003,39.135109],[-84.514736,39.135744],[-84.510455,39.135399],[-84.502488,39.135284],[-84.490084,39.134579],[-84.487493,39.133877],[-84.487026,39.134393],[-84.485756,39.134935],[-84.482609,39.137501],[-84.481658,39.137898],[-84.482065,39.139116],[-84.482716,39.140301],[-84.482226,39.140667],[-84.482004,39.142002],[-84.481714,39.142374],[-84.480701,39.142983],[-84.48001,39.143126],[-84.475299,39.142794],[-84.475476,39.142113],[-84.47564,39.138993],[-84.476751,39.12971],[-84.47652,39.12958],[-84.468128,39.130233],[-84.466298,39.130651],[-84.463742,39.131856],[-84.460836,39.132288],[-84.45898,39.133442],[-84.456494,39.137222],[-84.450965,39.140564],[-84.443347,39.139708],[-84.44274,39.139519],[-84.441656,39.139516],[-84.426738,39.137955],[-84.427179,39.132667],[-84.427353,39.13213],[-84.428202,39.130887],[-84.429778,39.129635],[-84.430356,39.129355],[-84.430434,39.12848],[-84.429437,39.127357],[-84.428631,39.127038],[-84.425924,39.127136],[-84.422866,39.126011],[-84.421526,39.125882],[-84.418808,39.124016],[-84.418518,39.123039],[-84.418891,39.121601],[-84.418559,39.120941],[-84.409014,39.115855],[-84.40685,39.114501],[-84.404819,39.112802],[-84.400609,39.108079],[-84.399816,39.107393],[-84.398583,39.106753],[-84.39532,39.10563],[-84.393783,39.104812],[-84.390959,39.104461],[-84.389847,39.104126],[-84.388547,39.103332],[-84.387048,39.101698],[-84.386876,39.101024],[-84.387224,39.09727],[-84.386924,39.091561],[-84.389598,39.091778],[-84.390742,39.082617],[-84.391282,39.080875],[-84.391976,39.075425],[-84.382925,39.074679],[-84.381406,39.087733],[-84.377382,39.085628],[-84.375131,39.083798],[-84.373031,39.081445],[-84.371606,39.080217],[-84.368827,39.078694],[-84.36498,39.07599],[-84.362501,39.073936],[-84.361038,39.073218],[-84.358122,39.072865],[-84.345381,39.072752],[-84.345457,39.074164],[-84.345001,39.077116],[-84.345698,39.079623],[-84.345642,39.083927],[-84.346673,39.084189],[-84.351492,39.084559],[-84.351157,39.080657],[-84.351912,39.078083],[-84.35042,39.078011],[-84.349751,39.077782],[-84.349763,39.078445],[-84.350678,39.079185],[-84.350534,39.078876]]}},{"type":"Feature","properties":{"route_id":"24","shape_id":"240018","route_short_name":"24","route_long_name":"MLK / Beechmont","route_color":"#2A75B0","route_text_color":"#000000"},"geometry":{"type":"LineString","coordinates":[[-84.350534,39.078876],[-84.349886,39.078596],[-84.34967,39.078165],[-84.349751,39.077782],[-84.348721,39.076868],[-84.347472,39.075119],[-84.345347,39.07488],[-84.345381,39.072752],[-84.358122,39.072865],[-84.361038,39.073218],[-84.362501,39.073936],[-84.36498,39.07599],[-84.368827,39.078694],[-84.371606,39.080217],[-84.373031,39.081445],[-84.375131,39.083798],[-84.377382,39.085628],[-84.381406,39.087733],[-84.382925,39.074679],[-84.391976,39.075425],[-84.391282,39.080875],[-84.390742,39.082617],[-84.389598,39.091778],[-84.386924,39.091561],[-84.387224,39.09727],[-84.386876,39.101024],[-84.387048,39.101698],[-84.388547,39.103332],[-84.389847,39.104126],[-84.39079,39.104431],[-84.393694,39.104867],[-84.39532,39.10563],[-84.398583,39.106753],[-84.399816,39.107393],[-84.400609,39.108079],[-84.404819,39.112802],[-84.40685,39.114501],[-84.409014,39.115855],[-84.418365,39.120819],[-84.418756,39.121497],[-84.418477,39.122913],[-84.418808,39.124016],[-84.421526,39.125882],[-84.422866,39.126011],[-84.425924,39.127136],[-84.428631,39.127038],[-84.429437,39.127357],[-84.430201,39.128202],[-84.43021,39.128665],[-84.429778,39.129635],[-84.428071,39.131021],[-84.427353,39.13213],[-84.427179,39.132667],[-84.426738,39.137955],[-84.450965,39.140564],[-84.456494,39.137222],[-84.45898,39.133442],[-84.459546,39.133036],[-84.461192,39.132298],[-84.463742,39.131856],[-84.466298,39.130651],[-84.468128,39.130233],[-84.47652,39.12958],[-84.478772,39.129866],[-84.47999,39.130187],[-84.482724,39.131301],[-84.485694,39.1332],[-84.488414,39.134187],[-84.489916,39.134559],[-84.498336,39.134957],[-84.505962,39.135561],[-84.507713,39.135453],[-84.514736,39.135744],[-84.517003,39.135109],[-84.519636,39.135299],[-84.520009,39.135584],[-84.519199,39.143468],[-84.524853,39.144332],[-84.526094,39.144936],[-84.529751,39.146266],[-84.532045,39.147679],[-84.534982,39.152241],[-84.537885,39.154046],[-84.538554,39.154809],[-84.539378,39.15839],[-84.538291,39.159106],[-84.538318,39.159507]]}},{"type":"Feature","properties":{"route_id":"24","shape_id":"240017","route_short_name":"24","route_long_name":"MLK / Beechmont","route_color":"#2A75B0","route_text_color":"#000000"},"geometry":{"type":"LineString","coordinates":[[-84.453997,39.138683],[-84.450965,39.140564],[-84.443347,39.139708],[-84.44274,39.139519],[-84.441656,39.139516],[-84.426738,39.137955],[-84.427179,39.132667],[-84.427353,39.13213],[-84.428202,39.130887],[-84.429778,39.129635],[-84.430356,39.129355],[-84.430473,39.128678],[-84.430295,39.128271],[-84.429437,39.127357],[-84.42881,39.127068],[-84.425924,39.127136],[-84.422866,39.126011],[-84.421526,39.125882],[-84.418808,39.124016],[-84.418518,39.123039],[-84.418891,39.121601],[-84.418559,39.120941],[-84.409014,39.115855],[-84.40685,39.114501],[-84.404819,39.112802],[-84.400609,39.108079],[-84.399603,39.107246],[-84.39838,39.106674],[-84.39532,39.10563],[-84.393783,39.104812],[-84.390474,39.10435],[-84.389329,39.103875],[-84.38862,39.103395],[-84.387238,39.101998],[-84.386915,39.101353],[-84.387224,39.09727],[-84.386924,39.091561],[-84.386008,39.09015],[-84.377382,39.085628],[-84.375131,39.083798],[-84.373031,39.081445],[-84.371606,39.080217],[-84.368827,39.078694],[-84.36498,39.07599],[-84.362501,39.073936],[-84.361238,39.07328],[-84.358122,39.072865],[-84.345381,39.072752],[-84.345457,39.074164],[-84.345001,39.077116],[-84.345698,39.079623],[-84.345642,39.083927],[-84.346673,39.084189],[-84.351492,39.084559],[-84.351157,39.080657],[-84.351912,39.078083],[-84.35042,39.078011],[-84.349751,39.077782],[-84.349763,39.078445],[-84.350678,39.079185],[-84.350534,39.078876]]}},{"type":"Feature","properties":{"route_id":"24","shape_id":"240019","route_short_name":"24","route_long_name":"MLK / Beechmont","route_color":"#2A75B0","route_text_color":"#000000"},"geometry":{"type":"LineString","coordinates":[[-84.350534,39.078876],[-84.349886,39.078596],[-84.34967,39.078165],[-84.349751,39.077782],[-84.348721,39.076868],[-84.347472,39.075119],[-84.345347,39.07488],[-84.345381,39.072752],[-84.358122,39.072865],[-84.361238,39.07328],[-84.362501,39.073936],[-84.36498,39.07599],[-84.368827,39.078694],[-84.371606,39.080217],[-84.373031,39.081445],[-84.375131,39.083798],[-84.377382,39.085628],[-84.386008,39.09015],[-84.386924,39.091561],[-84.387224,39.09727],[-84.386915,39.101353],[-84.387238,39.101998],[-84.38862,39.103395],[-84.390322,39.104307],[-84.393694,39.104867],[-84.39532,39.10563],[-84.39838,39.106674],[-84.399603,39.107246],[-84.400609,39.108079],[-84.404819,39.112802],[-84.40685,39.114501],[-84.409014,39.115855],[-84.418365,39.120819],[-84.418756,39.121497],[-84.418477,39.122913],[-84.418808,39.124016],[-84.421526,39.125882],[-84.422866,39.126011],[-84.425924,39.127136],[-84.42881,39.127068],[-84.429437,39.127357],[-84.430201,39.128202],[-84.43007,39.129182],[-84.429778,39.129635],[-84.428071,39.131021],[-84.427353,39.13213],[-84.427179,39.132667],[-84.426738,39.137955],[-84.450965,39.140564],[-84.455069,39.138178]]}},{"type":"Feature","properties":{"route_id":"24","shape_id":"240025","route_short_name":"24","route_long_name":"MLK / Beechmont","route_color":"#2A75B0","route_text_color":"#000000"},"geometry":{"type":"LineString","coordinates":[[-84.538318,39.159507],[-84.538194,39.160034],[-84.539381,39.160116],[-84.539433,39.158555],[-84.538554,39.154809],[-84.537885,39.154046],[-84.534982,39.152241],[-84.532045,39.147679],[-84.529751,39.146266],[-84.526094,39.144936],[-84.524853,39.144332],[-84.519199,39.143468],[-84.520037,39.135327],[-84.517003,39.135109],[-84.514736,39.135744],[-84.510455,39.135399],[-84.502488,39.135284],[-84.490084,39.134579],[-84.487493,39.133877],[-84.487026,39.134393],[-84.485756,39.134935],[-84.482609,39.137501],[-84.481658,39.137898],[-84.482065,39.139116],[-84.482716,39.140301],[-84.482226,39.140667],[-84.482035,39.141894],[-84.48181,39.142293],[-84.480856,39.142912],[-84.48001,39.143126],[-84.475299,39.142794],[-84.475669,39.140177],[-84.475556,39.139907],[-84.475997,39.135629],[-84.46834,39.135126],[-84.468902,39.130152],[-84.466298,39.130651],[-84.463742,39.131856],[-84.460836,39.132288],[-84.459395,39.133116],[-84.45892,39.133523],[-84.456594,39.137136],[-84.450965,39.140564],[-84.443347,39.139708],[-84.44274,39.139519],[-84.441656,39.139516],[-84.426738,39.137955],[-84.427179,39.132667],[-84.427353,39.13213],[-84.428202,39.130887],[-84.429778,39.129635],[-84.430356,39.129355],[-84.430434,39.12848],[-84.429437,39.127357],[-84.428631,39.127038],[-84.425924,39.127136],[-84.422866,39.126011],[-84.421526,39.125882],[-84.418808,39.124016],[-84.418518,39.123039],[-84.418891,39.121601],[-84.418559,39.120941],[-84.409014,39.115855],[-84.40685,39.114501],[-84.404819,39.112802],[-84.400609,39.108079],[-84.399816,39.107393],[-84.398583,39.106753],[-84.39532,39.10563],[-84.393783,39.104812],[-84.390959,39.104461],[-84.389847,39.104126],[-84.388547,39.103332],[-84.387048,39.101698],[-84.386876,39.101024],[-84.387224,39.09727],[-84.386924,39.091561],[-84.389598,39.091778],[-84.390742,39.082617],[-84.391282,39.080875],[-84.391976,39.075425],[-84.382925,39.074679],[-84.381406,39.087733],[-84.377382,39.085628],[-84.375131,39.083798],[-84.373031,39.081445],[-84.371606,39.080217],[-84.368827,39.078694],[-84.36498,39.07599],[-84.362501,39.073936],[-84.361038,39.073218],[-84.358122,39.072865],[-84.345381,39.072752],[-84.345457,39.074164],[-84.345001,39.077116],[-84.345698,39.079623],[-84.345642,39.083927],[-84.346673,39.084189],[-84.351492,39.084559],[-84.351157,39.080657],[-84.351912,39.078083],[-84.35042,39.078011],[-84.349751,39.077782],[-84.349763,39.078445],[-84.350678,39.079185],[-84.350534,39.078876]]}},{"type":"Feature","properties":{"route_id":"25","shape_id":"250003","route_short_name":"25","route_long_name":"Mt. Lookout Commuter","route_color":"#C2D231","route_text_color":"#000000"},"geometry":{"type":"LineString","coordinates":[[-84.385421,39.160528],[-84.385137,39.160776],[-84.385351,39.16081],[-84.385469,39.160507],[-84.385794,39.160338],[-84.385604,39.162074],[-84.38749,39.162208],[-84.387726,39.160235],[-84.393099,39.160603],[-84.39348,39.157347],[-84.394336,39.157217],[-84.397387,39.155265],[-84.403004,39.150675],[-84.403899,39.150188],[-84.406264,39.149971],[-84.407061,39.150054],[-84.408438,39.151216],[-84.408687,39.152979],[-84.413642,39.154411],[-84.416452,39.154439],[-84.418239,39.154178],[-84.42298,39.153885],[-84.422948,39.152934],[-84.422039,39.151462],[-84.42373,39.151101],[-84.426451,39.149837],[-84.429638,39.146264],[-84.433434,39.144354],[-84.434146,39.136985],[-84.426852,39.136534],[-84.427179,39.132667],[-84.427905,39.131202],[-84.429778,39.129635],[-84.43031,39.129412],[-84.430476,39.128761],[-84.430813,39.128321],[-84.432981,39.127184],[-84.433905,39.125785],[-84.434132,39.124708],[-84.439286,39.1172],[-84.446014,39.121097],[-84.449692,39.1227],[-84.458001,39.12451],[-84.462567,39.125197],[-84.468369,39.125017],[-84.470077,39.124684],[-84.473132,39.123699],[-84.482256,39.119603],[-84.484494,39.118229],[-84.487192,39.115628],[-84.490479,39.111346],[-84.494287,39.106778],[-84.49814,39.104129],[-84.498765,39.103853],[-84.499843,39.10387],[-84.501683,39.104868],[-84.50273,39.105091],[-84.503568,39.104827],[-84.505101,39.103691],[-84.511692,39.102682],[-84.511065,39.100196],[-84.512678,39.099958],[-84.514464,39.10706],[-84.509014,39.107932],[-84.506603,39.108917]]}},{"type":"Feature","properties":{"route_id":"25","shape_id":"250004","route_short_name":"25","route_long_name":"Mt. Lookout Commuter","route_color":"#C2D231","route_text_color":"#000000"},"geometry":{"type":"LineString","coordinates":[[-84.506473,39.109074],[-84.508999,39.108044],[-84.516134,39.107017],[-84.514608,39.100957],[-84.511233,39.101301],[-84.509469,39.10169],[-84.504055,39.102456],[-84.50284,39.103088],[-84.499023,39.103784],[-84.49814,39.104129],[-84.494287,39.106778],[-84.490479,39.111346],[-84.487192,39.115628],[-84.484494,39.118229],[-84.482256,39.119603],[-84.47566,39.122596],[-84.473132,39.123699],[-84.469492,39.124815],[-84.468008,39.125044],[-84.462567,39.125197],[-84.458275,39.124563],[-84.449954,39.122767],[-84.446014,39.121097],[-84.439286,39.1172],[-84.434132,39.124708],[-84.433905,39.125785],[-84.432981,39.127184],[-84.430281,39.128564],[-84.429778,39.129635],[-84.427756,39.131391],[-84.427179,39.132667],[-84.426852,39.136534],[-84.434146,39.136985],[-84.433434,39.144354],[-84.429638,39.146264],[-84.426451,39.149837],[-84.42373,39.151101],[-84.422039,39.151462],[-84.422948,39.152934],[-84.42298,39.153885],[-84.418239,39.154178],[-84.416452,39.154439],[-84.413642,39.154411],[-84.408687,39.152979],[-84.408438,39.151216],[-84.407561,39.150366],[-84.406704,39.149898],[-84.403899,39.150188],[-84.403004,39.150675],[-84.397387,39.155265],[-84.394336,39.157217],[-84.39348,39.157347],[-84.393099,39.160603],[-84.385818,39.160102],[-84.385745,39.160814]]}},{"type":"Feature","properties":{"route_id":"27","shape_id":"270027","route_short_name":"27","route_long_name":"Beekman / Linn","route_color":"#2A75B0","route_text_color":"#000000"},"geometry":{"type":"LineString","coordinates":[[-84.548661,39.17809],[-84.547361,39.178154],[-84.546244,39.177774],[-84.547613,39.174361],[-84.547881,39.174176],[-84.546969,39.171658],[-84.547071,39.170742],[-84.546689,39.170017],[-84.546929,39.168484],[-84.546464,39.166878],[-84.547428,39.164481],[-84.54368,39.163575],[-84.540006,39.163311],[-84.539487,39.161941],[-84.539381,39.160116],[-84.538194,39.160034],[-84.538171,39.159885],[-84.538322,39.159636],[-84.538291,39.159106],[-84.539629,39.158206],[-84.540572,39.157044],[-84.54123,39.155686],[-84.542603,39.155804],[-84.544307,39.155549],[-84.550329,39.155859],[-84.550538,39.153482],[-84.550886,39.15263],[-84.551057,39.15125],[-84.551528,39.145135],[-84.548469,39.137916],[-84.547667,39.135402],[-84.547159,39.134546],[-84.546233,39.134475],[-84.545686,39.134064],[-84.544655,39.131896],[-84.544177,39.130366],[-84.544025,39.129275],[-84.54413,39.128851],[-84.545619,39.126308],[-84.548874,39.126223],[-84.546946,39.12489],[-84.545373,39.124322],[-84.544609,39.124276],[-84.539301,39.124788],[-84.536042,39.124509],[-84.53643,39.119825],[-84.527809,39.119295],[-84.527156,39.119163],[-84.526552,39.11878],[-84.526984,39.118231],[-84.527805,39.108546],[-84.528224,39.105697],[-84.521803,39.105243],[-84.520748,39.10529],[-84.520559,39.10439],[-84.521979,39.104015],[-84.526169,39.103352],[-84.529438,39.103401],[-84.530071,39.102347],[-84.530347,39.100147],[-84.529838,39.098655],[-84.529385,39.098117],[-84.528459,39.09777],[-84.526692,39.097769],[-84.525621,39.097133],[-84.522284,39.097209],[-84.518738,39.097753],[-84.519432,39.100229],[-84.513202,39.10117],[-84.512803,39.101086],[-84.509974,39.1015]]}},{"type":"Feature","properties":{"route_id":"27","shape_id":"270004","route_short_name":"27","route_long_name":"Beekman / Linn","route_color":"#2A75B0","route_text_color":"#000000"},"geometry":{"type":"LineString","coordinates":[[-84.548661,39.17809],[-84.547361,39.178154],[-84.546244,39.177774],[-84.547613,39.174361],[-84.547881,39.174176],[-84.546969,39.171658],[-84.547071,39.170742],[-84.546689,39.170017],[-84.546929,39.168484],[-84.546464,39.166878],[-84.547428,39.164481],[-84.54368,39.163575],[-84.540006,39.163311],[-84.539487,39.161941],[-84.539381,39.160116],[-84.538194,39.160034],[-84.538171,39.159885],[-84.538322,39.159636],[-84.538291,39.159106],[-84.539629,39.158206],[-84.540572,39.157044],[-84.54123,39.155686],[-84.542603,39.155804],[-84.544307,39.155549],[-84.550329,39.155859],[-84.550538,39.153482],[-84.550886,39.15263],[-84.551057,39.15125],[-84.551528,39.145135],[-84.548469,39.137916],[-84.547667,39.135402],[-84.547159,39.134546],[-84.546233,39.134475],[-84.545686,39.134064],[-84.544655,39.131896],[-84.544177,39.130366],[-84.544025,39.129275],[-84.54413,39.128851],[-84.545619,39.126308],[-84.548874,39.126223],[-84.546946,39.12489],[-84.545373,39.124322],[-84.544609,39.124276],[-84.539301,39.124788],[-84.536042,39.124509],[-84.536419,39.119931],[-84.537154,39.119884]]}},{"type":"Feature","properties":{"route_id":"27","shape_id":"270026","route_short_name":"27","route_long_name":"Beekman / Linn","route_color":"#2A75B0","route_text_color":"#000000"},"geometry":{"type":"LineString","coordinates":[[-84.509974,39.1015],[-84.508136,39.101881],[-84.507827,39.100672],[-84.519094,39.099004],[-84.518738,39.097753],[-84.522284,39.097209],[-84.525438,39.097169],[-84.525842,39.097292],[-84.526514,39.097825],[-84.528459,39.09777],[-84.529385,39.098117],[-84.529838,39.098655],[-84.530347,39.100147],[-84.530205,39.101295],[-84.529613,39.102922],[-84.529358,39.103187],[-84.527196,39.103076],[-84.524556,39.102297],[-84.523039,39.102322],[-84.519999,39.10273],[-84.52064,39.105305],[-84.521803,39.105243],[-84.528224,39.105697],[-84.527805,39.108546],[-84.526984,39.118231],[-84.526552,39.11878],[-84.527617,39.119274],[-84.534909,39.119764],[-84.536112,39.120001],[-84.53637,39.120341],[-84.536042,39.124509],[-84.539301,39.124788],[-84.543245,39.124488],[-84.545203,39.124505],[-84.547331,39.125171],[-84.54844,39.125924],[-84.54829,39.126254],[-84.545619,39.126308],[-84.54413,39.128851],[-84.544025,39.129275],[-84.544177,39.130366],[-84.544655,39.131896],[-84.545686,39.134064],[-84.546233,39.134475],[-84.547159,39.134546],[-84.547667,39.135402],[-84.548469,39.137916],[-84.551528,39.145135],[-84.551057,39.15125],[-84.550886,39.15263],[-84.550538,39.153482],[-84.550353,39.155126],[-84.550126,39.155853],[-84.544205,39.155445],[-84.542603,39.155804],[-84.54123,39.155686],[-84.540572,39.157044],[-84.540043,39.15768],[-84.539378,39.15839],[-84.538291,39.159106],[-84.538322,39.159636],[-84.538171,39.159885],[-84.538194,39.160034],[-84.539381,39.160116],[-84.539487,39.161941],[-84.540006,39.163311],[-84.54368,39.163575],[-84.547428,39.164481],[-84.546464,39.166878],[-84.546929,39.168484],[-84.546689,39.170017],[-84.547051,39.170645],[-84.546969,39.171658],[-84.547626,39.173571],[-84.547613,39.174361],[-84.546244,39.177774],[-84.547361,39.178154],[-84.548427,39.178064],[-84.548604,39.178222],[-84.548661,39.17809]]}},{"type":"Feature","properties":{"route_id":"27","shape_id":"270029","route_short_name":"27","route_long_name":"Beekman / Linn","route_color":"#2A75B0","route_text_color":"#000000"},"geometry":{"type":"LineString","coordinates":[[-84.509974,39.1015],[-84.508136,39.101881],[-84.507827,39.100672],[-84.519094,39.099004],[-84.518738,39.097753],[-84.522284,39.097209],[-84.525207,39.097142],[-84.525842,39.097292],[-84.526674,39.097862],[-84.528095,39.09775],[-84.528869,39.097869],[-84.529731,39.098473],[-84.530284,39.099742],[-84.530345,39.100291],[-84.530205,39.101295],[-84.529438,39.103401],[-84.535673,39.10412],[-84.538399,39.104142],[-84.553216,39.105299],[-84.552373,39.107931],[-84.552201,39.109314],[-84.550754,39.112029],[-84.549764,39.114771],[-84.545417,39.119584],[-84.543687,39.122192],[-84.543587,39.122559],[-84.54381,39.124864],[-84.544173,39.125277],[-84.545287,39.125764],[-84.545619,39.126308],[-84.544029,39.129162],[-84.544177,39.130366],[-84.544655,39.131896],[-84.54575,39.134163],[-84.546233,39.134475],[-84.547159,39.134546],[-84.547667,39.135402],[-84.548469,39.137916],[-84.551528,39.145135],[-84.551057,39.15125],[-84.550886,39.15263],[-84.550538,39.153482],[-84.550353,39.155126],[-84.550126,39.155853],[-84.544205,39.155445],[-84.542603,39.155804],[-84.54123,39.155686],[-84.540572,39.157044],[-84.539378,39.15839],[-84.538291,39.159106],[-84.538318,39.159507]]}},{"type":"Feature","properties":{"route_id":"27","shape_id":"270028","route_short_name":"27","route_long_name":"Beekman / Linn","route_color":"#2A75B0","route_text_color":"#000000"},"geometry":{"type":"LineString","coordinates":[[-84.538313,39.159367],[-84.538291,39.159106],[-84.539535,39.158315],[-84.540572,39.157044],[-84.54123,39.155686],[-84.542603,39.155804],[-84.544307,39.155549],[-84.550329,39.155859],[-84.550538,39.153482],[-84.550886,39.15263],[-84.551057,39.15125],[-84.551528,39.145135],[-84.548469,39.137916],[-84.547667,39.135402],[-84.547159,39.134546],[-84.546233,39.134475],[-84.545686,39.134064],[-84.544655,39.131896],[-84.544177,39.130366],[-84.544025,39.129275],[-84.54413,39.128851],[-84.545619,39.126308],[-84.548874,39.126223],[-84.546946,39.12489],[-84.545251,39.124128],[-84.543587,39.122559],[-84.543687,39.122192],[-84.545417,39.119584],[-84.549764,39.114771],[-84.550754,39.112029],[-84.552201,39.109314],[-84.552373,39.107931],[-84.553216,39.105299],[-84.535865,39.10398],[-84.529597,39.103276],[-84.53013,39.102119],[-84.530345,39.100291],[-84.530284,39.099742],[-84.529731,39.098473],[-84.528869,39.097869],[-84.526692,39.097769],[-84.525621,39.097133],[-84.522284,39.097209],[-84.518738,39.097753],[-84.519432,39.100229],[-84.513202,39.10117],[-84.512803,39.101086],[-84.509974,39.1015]]}},{"type":"Feature","properties":{"route_id":"27","shape_id":"270003","route_short_name":"27","route_long_name":"Beekman / Linn","route_color":"#2A75B0","route_text_color":"#000000"},"geometry":{"type":"LineString","coordinates":[[-84.536739,39.119848],[-84.53643,39.119825],[-84.536042,39.124509],[-84.539301,39.124788],[-84.543245,39.124488],[-84.545203,39.124505],[-84.547331,39.125171],[-84.54844,39.125924],[-84.54829,39.126254],[-84.545619,39.126308],[-84.54413,39.128851],[-84.544025,39.129275],[-84.544177,39.130366],[-84.544655,39.131896],[-84.545686,39.134064],[-84.546233,39.134475],[-84.547159,39.134546],[-84.547667,39.135402],[-84.548469,39.137916],[-84.551528,39.145135],[-84.551057,39.15125],[-84.550886,39.15263],[-84.550538,39.153482],[-84.550353,39.155126],[-84.550126,39.155853],[-84.544205,39.155445],[-84.542603,39.155804],[-84.54123,39.155686],[-84.540572,39.157044],[-84.540043,39.15768],[-84.539378,39.15839],[-84.538291,39.159106],[-84.538322,39.159636],[-84.538171,39.159885],[-84.538194,39.160034],[-84.539381,39.160116],[-84.539487,39.161941],[-84.540006,39.163311],[-84.54368,39.163575],[-84.547428,39.164481],[-84.546464,39.166878],[-84.546929,39.168484],[-84.546689,39.170017],[-84.547051,39.170645],[-84.546969,39.171658],[-84.547626,39.173571],[-84.547613,39.174361],[-84.546244,39.177774],[-84.547361,39.178154],[-84.548427,39.178064],[-84.548604,39.178222],[-84.548661,39.17809]]}},{"type":"Feature","properties":{"route_id":"28","shape_id":"280023","route_short_name":"28","route_long_name":"East End","route_color":"#2A75B0","route_text_color":"#000000"},"geometry":{"type":"LineString","coordinates":[[-84.509974,39.1015],[-84.509469,39.10169],[-84.503956,39.102483],[-84.503635,39.102177],[-84.50369,39.101833],[-84.504857,39.10112],[-84.506169,39.100916],[-84.50569,39.09943],[-84.505235,39.099096],[-84.504197,39.098831],[-84.496974,39.103386],[-84.495871,39.103687],[-84.495304,39.104029],[-84.487422,39.11409],[-84.48472,39.116773],[-84.484028,39.116965],[-84.481876,39.118485],[-84.473031,39.122501],[-84.467498,39.123888],[-84.462329,39.124208],[-84.450024,39.121431],[-84.444888,39.119142],[-84.441708,39.117546],[-84.440611,39.116568],[-84.440287,39.115988],[-84.440387,39.114308],[-84.440133,39.113597],[-84.438166,39.114362],[-84.437133,39.112823],[-84.430989,39.107768],[-84.430209,39.107479],[-84.429617,39.107442],[-84.428323,39.107806],[-84.427697,39.10817],[-84.423848,39.111673],[-84.420189,39.115921],[-84.418238,39.119584],[-84.413132,39.125149],[-84.407172,39.13067],[-84.406167,39.132055],[-84.404399,39.135397],[-84.402974,39.137161],[-84.401696,39.13814],[-84.399653,39.139158],[-84.393853,39.141115],[-84.39381,39.140635],[-84.397827,39.137124],[-84.398706,39.136616],[-84.400659,39.136513],[-84.402193,39.13669],[-84.403161,39.13702],[-84.403687,39.137497],[-84.40454,39.140784],[-84.405173,39.144185],[-84.404701,39.147005],[-84.40447,39.149681],[-84.403824,39.151226],[-84.403718,39.15222],[-84.403976,39.153022],[-84.406108,39.156487],[-84.406204,39.157786],[-84.405602,39.159044],[-84.404241,39.160305],[-84.403554,39.161304],[-84.385818,39.160102],[-84.385745,39.160814]]}},{"type":"Feature","properties":{"route_id":"28","shape_id":"280024","route_short_name":"28","route_long_name":"East End","route_color":"#2A75B0","route_text_color":"#000000"},"geometry":{"type":"LineString","coordinates":[[-84.508343,39.103191],[-84.514923,39.102208],[-84.514608,39.100957],[-84.511233,39.101301],[-84.509469,39.10169],[-84.503956,39.102483],[-84.503635,39.102177],[-84.50369,39.101833],[-84.504857,39.10112],[-84.506169,39.100916],[-84.50569,39.09943],[-84.505235,39.099096],[-84.504197,39.098831],[-84.496974,39.103386],[-84.495871,39.103687],[-84.495304,39.104029],[-84.487422,39.11409],[-84.48472,39.116773],[-84.484028,39.116965],[-84.481876,39.118485],[-84.473031,39.122501],[-84.467771,39.123854],[-84.463228,39.124193],[-84.462329,39.124208],[-84.450366,39.121548],[-84.444888,39.119142],[-84.441905,39.117678],[-84.440611,39.116568],[-84.440246,39.115851],[-84.440387,39.114308],[-84.440133,39.113597],[-84.438166,39.114362],[-84.437133,39.112823],[-84.430989,39.107768],[-84.430209,39.107479],[-84.429617,39.107442],[-84.428323,39.107806],[-84.427697,39.10817],[-84.423848,39.111673],[-84.420189,39.115921],[-84.418238,39.119584],[-84.413132,39.125149],[-84.407172,39.13067],[-84.406167,39.132055],[-84.404399,39.135397],[-84.402974,39.137161],[-84.401696,39.13814],[-84.399653,39.139158],[-84.393853,39.141115],[-84.39381,39.140635],[-84.397827,39.137124],[-84.398706,39.136616],[-84.400659,39.136513],[-84.402193,39.13669],[-84.403161,39.13702],[-84.403687,39.137497],[-84.40454,39.140784],[-84.405173,39.144185],[-84.404701,39.147005],[-84.40447,39.149681],[-84.403824,39.151226],[-84.403718,39.15222],[-84.403976,39.153022],[-84.406108,39.156487],[-84.406204,39.157786],[-84.405602,39.159044],[-84.404241,39.160305],[-84.403554,39.161304],[-84.385818,39.160102],[-84.385745,39.160814]]}},{"type":"Feature","properties":{"route_id":"28","shape_id":"280022","route_short_name":"28","route_long_name":"East End","route_color":"#2A75B0","route_text_color":"#000000"},"geometry":{"type":"LineString","coordinates":[[-84.385745,39.160814],[-84.385604,39.162074],[-84.38749,39.162208],[-84.387726,39.160235],[-84.40364,39.161417],[-84.404267,39.160424],[-84.405589,39.159122],[-84.406132,39.1581],[-84.406315,39.157177],[-84.406202,39.156482],[-84.405939,39.155875],[-84.403889,39.152798],[-84.403718,39.15222],[-84.403824,39.151226],[-84.40447,39.149681],[-84.404701,39.147005],[-84.405173,39.144185],[-84.40454,39.140784],[-84.403687,39.137497],[-84.403161,39.13702],[-84.402193,39.13669],[-84.400659,39.136513],[-84.398706,39.136616],[-84.397827,39.137124],[-84.39381,39.140635],[-84.393907,39.141197],[-84.399455,39.139351],[-84.401361,39.138513],[-84.403077,39.137194],[-84.404356,39.135703],[-84.406227,39.132208],[-84.407,39.131056],[-84.407798,39.130217],[-84.409712,39.128746],[-84.412211,39.1274],[-84.412809,39.125466],[-84.418238,39.119584],[-84.420389,39.11566],[-84.423848,39.111673],[-84.427697,39.10817],[-84.428323,39.107806],[-84.429617,39.107442],[-84.430209,39.107479],[-84.430989,39.107768],[-84.437133,39.112823],[-84.438166,39.114362],[-84.440133,39.113597],[-84.440387,39.114308],[-84.440287,39.115988],[-84.440611,39.116568],[-84.441708,39.117546],[-84.444888,39.119142],[-84.450024,39.121431],[-84.462329,39.124208],[-84.467498,39.123888],[-84.473031,39.122501],[-84.481876,39.118485],[-84.484028,39.116965],[-84.48472,39.116773],[-84.487422,39.11409],[-84.495304,39.104029],[-84.495871,39.103687],[-84.496974,39.103386],[-84.504197,39.098831],[-84.505235,39.099096],[-84.505762,39.099536],[-84.506782,39.103428],[-84.514923,39.102208],[-84.514608,39.100957],[-84.509974,39.1015]]}},{"type":"Feature","properties":{"route_id":"29","shape_id":"290009","route_short_name":"29X","route_long_name":"Milford Express","route_color":"#C2D231","route_text_color":"#000000"},"geometry":{"type":"LineString","coordinates":[[-84.509974,39.1015],[-84.509469,39.10169],[-84.504055,39.102456],[-84.50284,39.103088],[-84.499023,39.103784],[-84.49814,39.104129],[-84.494287,39.106778],[-84.490479,39.111346],[-84.487192,39.115628],[-84.484494,39.118229],[-84.482256,39.119603],[-84.473132,39.123699],[-84.470077,39.124684],[-84.468369,39.125017],[-84.462567,39.125197],[-84.458001,39.12451],[-84.449954,39.122767],[-84.448316,39.122139],[-84.445868,39.121019],[-84.439286,39.1172],[-84.437266,39.116196],[-84.436191,39.115203],[-84.435325,39.113758],[-84.433682,39.111968],[-84.431607,39.109321],[-84.430346,39.108335],[-84.429719,39.108189],[-84.42905,39.108282],[-84.427539,39.109241],[-84.423617,39.113057],[-84.42051,39.116953],[-84.418527,39.120596],[-84.414802,39.124664],[-84.407541,39.130297],[-84.406408,39.131655],[-84.404399,39.135397],[-84.403678,39.136416],[-84.402236,39.13776],[-84.400417,39.138839],[-84.381989,39.145102],[-84.38023,39.145335],[-84.373774,39.144699],[-84.371582,39.144569],[-84.370771,39.144764],[-84.367371,39.144476],[-84.358218,39.141297],[-84.356544,39.140539],[-84.352808,39.13848],[-84.351038,39.137769],[-84.348258,39.137264],[-84.346292,39.137457],[-84.343839,39.138549],[-84.34176,39.140159],[-84.337376,39.144435],[-84.335871,39.146405],[-84.334659,39.147378],[-84.33247,39.148441],[-84.324298,39.151485],[-84.322491,39.152614],[-84.321569,39.153634],[-84.319723,39.157106],[-84.318826,39.158475],[-84.317372,39.160044],[-84.315683,39.161368],[-84.308329,39.166004],[-84.301798,39.168092],[-84.300909,39.168548],[-84.300161,39.169398],[-84.299064,39.171526],[-84.297592,39.172071],[-84.29657,39.17199],[-84.295063,39.175356],[-84.294128,39.176312],[-84.292496,39.176612],[-84.291056,39.176291],[-84.280777,39.177785],[-84.279618,39.178289],[-84.278267,39.179645],[-84.27623,39.180746],[-84.275551,39.18032],[-84.273605,39.179784],[-84.272804,39.178869],[-84.272667,39.178307],[-84.272942,39.17762],[-84.273462,39.17701],[-84.274257,39.176464],[-84.275589,39.175907],[-84.27874,39.175485]]}},{"type":"Feature","properties":{"route_id":"29","shape_id":"290005","route_short_name":"29X","route_long_name":"Milford Express","route_color":"#C2D231","route_text_color":"#000000"},"geometry":{"type":"LineString","coordinates":[[-84.27874,39.175485],[-84.279198,39.175162],[-84.279396,39.174748],[-84.287018,39.17689],[-84.291056,39.176291],[-84.292496,39.176612],[-84.294128,39.176312],[-84.295063,39.175356],[-84.29657,39.17199],[-84.297592,39.172071],[-84.299064,39.171526],[-84.300161,39.169398],[-84.300909,39.168548],[-84.301798,39.168092],[-84.308329,39.166004],[-84.3161,39.161123],[-84.318813,39.158544],[-84.320223,39.156291],[-84.321569,39.153634],[-84.322491,39.152614],[-84.324298,39.151485],[-84.33247,39.148441],[-84.334659,39.147378],[-84.335871,39.146405],[-84.337376,39.144435],[-84.34176,39.140159],[-84.343839,39.138549],[-84.346292,39.137457],[-84.348258,39.137264],[-84.351038,39.137769],[-84.352808,39.13848],[-84.356544,39.140539],[-84.358218,39.141297],[-84.367371,39.144476],[-84.370771,39.144764],[-84.371763,39.145079],[-84.379929,39.145422],[-84.382247,39.145129],[-84.400434,39.138958],[-84.402322,39.137853],[-84.403764,39.136462],[-84.404588,39.135324],[-84.406519,39.131715],[-84.407798,39.130217],[-84.414132,39.125437],[-84.415651,39.123945],[-84.418827,39.120416],[-84.420604,39.116973],[-84.423505,39.113317],[-84.427625,39.109281],[-84.429264,39.108309],[-84.42996,39.108295],[-84.4305,39.108522],[-84.43208,39.109894],[-84.433682,39.111968],[-84.435325,39.113758],[-84.436505,39.115597],[-84.437384,39.116393],[-84.439008,39.11705],[-84.445868,39.121019],[-84.448316,39.122139],[-84.449954,39.122767],[-84.458001,39.12451],[-84.462567,39.125197],[-84.468369,39.125017],[-84.470077,39.124684],[-84.473132,39.123699],[-84.482256,39.119603],[-84.484494,39.118229],[-84.487192,39.115628],[-84.490479,39.111346],[-84.494287,39.106778],[-84.498348,39.104022],[-84.498765,39.103853],[-84.499843,39.10387],[-84.501683,39.104868],[-84.50273,39.105091],[-84.503568,39.104827],[-84.505101,39.103691],[-84.514923,39.102208],[-84.514608,39.100957],[-84.509974,39.1015]]}},{"type":"Feature","properties":{"route_id":"29","shape_id":"290008","route_short_name":"29X","route_long_name":"Milford Express","route_color":"#C2D231","route_text_color":"#000000"},"geometry":{"type":"LineString","coordinates":[[-84.508343,39.103191],[-84.514923,39.102208],[-84.514608,39.100957],[-84.513202,39.10117],[-84.512803,39.101086],[-84.504055,39.102456],[-84.50284,39.103088],[-84.498348,39.104022],[-84.494287,39.106778],[-84.490479,39.111346],[-84.487192,39.115628],[-84.484494,39.118229],[-84.482256,39.119603],[-84.473132,39.123699],[-84.470077,39.124684],[-84.468008,39.125044],[-84.462567,39.125197],[-84.458001,39.12451],[-84.449954,39.122767],[-84.448316,39.122139],[-84.445868,39.121019],[-84.439286,39.1172],[-84.437266,39.116196],[-84.436191,39.115203],[-84.435325,39.113758],[-84.433682,39.111968],[-84.431607,39.109321],[-84.430346,39.108335],[-84.429719,39.108189],[-84.42905,39.108282],[-84.427539,39.109241],[-84.423617,39.113057],[-84.42051,39.116953],[-84.418527,39.120596],[-84.414802,39.124664],[-84.407541,39.130297],[-84.406408,39.131655],[-84.404399,39.135397],[-84.403678,39.136416],[-84.402236,39.13776],[-84.400417,39.138839],[-84.381989,39.145102],[-84.38023,39.145335],[-84.373774,39.144699],[-84.371582,39.144569],[-84.370771,39.144764],[-84.367371,39.144476],[-84.358218,39.141297],[-84.356544,39.140539],[-84.352808,39.13848],[-84.351038,39.137769],[-84.348258,39.137264],[-84.346292,39.137457],[-84.343839,39.138549],[-84.34176,39.140159],[-84.337376,39.144435],[-84.335871,39.146405],[-84.334659,39.147378],[-84.33247,39.148441],[-84.324298,39.151485],[-84.322491,39.152614],[-84.321569,39.153634],[-84.319723,39.157106],[-84.318826,39.158475],[-84.317372,39.160044],[-84.315683,39.161368],[-84.308329,39.166004],[-84.301798,39.168092],[-84.300909,39.168548],[-84.300161,39.169398],[-84.299064,39.171526],[-84.297592,39.172071],[-84.29657,39.17199],[-84.295063,39.175356],[-84.294128,39.176312],[-84.292496,39.176612],[-84.291056,39.176291],[-84.280777,39.177785],[-84.279618,39.178289],[-84.278267,39.179645],[-84.27623,39.180746],[-84.275551,39.18032],[-84.273605,39.179784],[-84.272804,39.178869],[-84.272667,39.178307],[-84.272942,39.17762],[-84.273462,39.17701],[-84.274257,39.176464],[-84.275589,39.175907],[-84.27874,39.175485]]}},{"type":"Feature","properties":{"route_id":"29","shape_id":"290007","route_short_name":"29X","route_long_name":"Milford Express","route_color":"#C2D231","route_text_color":"#000000"},"geometry":{"type":"LineString","coordinates":[[-84.27874,39.175485],[-84.279198,39.175162],[-84.279396,39.174748],[-84.287018,39.17689],[-84.291056,39.176291],[-84.292496,39.176612],[-84.294128,39.176312],[-84.295063,39.175356],[-84.29657,39.17199],[-84.297592,39.172071],[-84.299064,39.171526],[-84.300161,39.169398],[-84.300909,39.168548],[-84.301798,39.168092],[-84.308329,39.166004],[-84.3161,39.161123],[-84.318813,39.158544],[-84.320223,39.156291],[-84.321569,39.153634],[-84.322491,39.152614],[-84.324298,39.151485],[-84.33247,39.148441],[-84.334659,39.147378],[-84.335871,39.146405],[-84.337376,39.144435],[-84.34176,39.140159],[-84.343839,39.138549],[-84.346292,39.137457],[-84.348258,39.137264],[-84.351038,39.137769],[-84.352808,39.13848],[-84.356544,39.140539],[-84.358218,39.141297],[-84.367371,39.144476],[-84.370771,39.144764],[-84.371763,39.145079],[-84.379929,39.145422],[-84.382247,39.145129],[-84.400434,39.138958],[-84.402322,39.137853],[-84.403764,39.136462],[-84.404588,39.135324],[-84.406519,39.131715],[-84.407798,39.130217],[-84.414132,39.125437],[-84.415651,39.123945],[-84.418827,39.120416],[-84.420604,39.116973],[-84.423505,39.113317],[-84.427625,39.109281],[-84.429264,39.108309],[-84.42996,39.108295],[-84.4305,39.108522],[-84.43208,39.109894],[-84.433682,39.111968],[-84.435325,39.113758],[-84.436505,39.115597],[-84.437229,39.116279],[-84.439286,39.1172],[-84.446886,39.121522],[-84.449692,39.1227],[-84.458275,39.124563],[-84.462832,39.125213],[-84.468008,39.125044],[-84.470077,39.124684],[-84.473132,39.123699],[-84.482256,39.119603],[-84.484494,39.118229],[-84.487192,39.115628],[-84.490479,39.111346],[-84.494287,39.106778],[-84.49814,39.104129],[-84.498765,39.103853],[-84.499843,39.10387],[-84.501683,39.104868],[-84.50273,39.105091],[-84.503568,39.104827],[-84.504909,39.103749],[-84.508343,39.103191]]}},{"type":"Feature","properties":{"route_id":"29","shape_id":"290006","route_short_name":"29X","route_long_name":"Milford Express","route_color":"#C2D231","route_text_color":"#000000"},"geometry":{"type":"LineString","coordinates":[[-84.28584,39.177056],[-84.280975,39.17774],[-84.28019,39.177974],[-84.279282,39.178534],[-84.278267,39.179645],[-84.27623,39.180746],[-84.275551,39.18032],[-84.273552,39.179751],[-84.272835,39.178919],[-84.272667,39.178469],[-84.273071,39.177429],[-84.274257,39.176464],[-84.275589,39.175907],[-84.27874,39.175485],[-84.279198,39.175162],[-84.279396,39.174748],[-84.287018,39.17689],[-84.291056,39.176291],[-84.292496,39.176612],[-84.294128,39.176312],[-84.295063,39.175356],[-84.29657,39.17199],[-84.297592,39.172071],[-84.299064,39.171526],[-84.300161,39.169398],[-84.300909,39.168548],[-84.301798,39.168092],[-84.308329,39.166004],[-84.3161,39.161123],[-84.318813,39.158544],[-84.320223,39.156291],[-84.321569,39.153634],[-84.322491,39.152614],[-84.324298,39.151485],[-84.33247,39.148441],[-84.334659,39.147378],[-84.335871,39.146405],[-84.337376,39.144435],[-84.34176,39.140159],[-84.343839,39.138549],[-84.346292,39.137457],[-84.348258,39.137264],[-84.351038,39.137769],[-84.352808,39.13848],[-84.356544,39.140539],[-84.358218,39.141297],[-84.367371,39.144476],[-84.370771,39.144764],[-84.371763,39.145079],[-84.379929,39.145422],[-84.382247,39.145129],[-84.399455,39.139351],[-84.400829,39.138772],[-84.402734,39.137514],[-84.404142,39.136003],[-84.406519,39.131715],[-84.407343,39.13067],[-84.408399,39.129711],[-84.414527,39.125097],[-84.418287,39.121102],[-84.419274,39.119697],[-84.420767,39.116727],[-84.423926,39.112864],[-84.427625,39.109281],[-84.429264,39.108309],[-84.42996,39.108295],[-84.4305,39.108522],[-84.43208,39.109894],[-84.433682,39.111968],[-84.435325,39.113758],[-84.436505,39.115597],[-84.437384,39.116393],[-84.439008,39.11705],[-84.445868,39.121019],[-84.448316,39.122139],[-84.449954,39.122767],[-84.458001,39.12451],[-84.462567,39.125197],[-84.468369,39.125017],[-84.470077,39.124684],[-84.473132,39.123699],[-84.482256,39.119603],[-84.484494,39.118229],[-84.487192,39.115628],[-84.490479,39.111346],[-84.494287,39.106778],[-84.498348,39.104022],[-84.498765,39.103853],[-84.499843,39.10387],[-84.501683,39.104868],[-84.50273,39.105091],[-84.503568,39.104827],[-84.505101,39.103691],[-84.514923,39.102208],[-84.514608,39.100957],[-84.509974,39.1015]]}},{"type":"Feature","properties":{"route_id":"3","shape_id":"30016","route_short_name":"3X","route_long_name":"Montgomery Express","route_color":"#C2D231","route_text_color":"#000000"},"geometry":{"type":"LineString","coordinates":[[-84.293943,39.291164],[-84.295245,39.291751],[-84.296415,39.291861],[-84.297058,39.292186],[-84.300377,39.289726],[-84.301801,39.288928],[-84.312754,39.284612],[-84.31449,39.283726],[-84.315962,39.282621],[-84.316457,39.283352],[-84.316136,39.287333],[-84.316875,39.287259],[-84.317874,39.286687],[-84.318737,39.286714],[-84.320048,39.287748],[-84.319505,39.288827],[-84.318776,39.289326],[-84.317891,39.289643],[-84.315962,39.289712],[-84.316457,39.283472],[-84.316366,39.283049],[-84.315962,39.282621],[-84.325132,39.275122],[-84.326797,39.273337],[-84.330822,39.267923],[-84.33611,39.263253],[-84.342659,39.257065],[-84.343324,39.255792],[-84.343892,39.252569],[-84.344605,39.249687],[-84.346119,39.245528],[-84.356107,39.223761],[-84.356567,39.223443],[-84.35767,39.223259],[-84.363972,39.223996],[-84.365421,39.224489],[-84.367685,39.22559],[-84.36818,39.226072],[-84.368163,39.226469],[-84.367874,39.226658],[-84.367276,39.226566],[-84.367063,39.226293],[-84.366916,39.225611],[-84.367422,39.22357],[-84.368903,39.219637],[-84.371281,39.208398],[-84.372667,39.204418],[-84.376001,39.197603],[-84.377041,39.196384],[-84.378546,39.195438],[-84.384861,39.193534],[-84.386823,39.192581],[-84.388465,39.191109],[-84.390781,39.187348],[-84.391635,39.186595],[-84.394266,39.184961],[-84.395227,39.184172],[-84.396,39.183188],[-84.396402,39.182336],[-84.398802,39.174435],[-84.399948,39.172808],[-84.400823,39.172129],[-84.401932,39.171552],[-84.404185,39.170973],[-84.416223,39.170657],[-84.418676,39.170281],[-84.420233,39.169609],[-84.424736,39.166533],[-84.42595,39.165878],[-84.427083,39.165499],[-84.43207,39.164767],[-84.433735,39.164175],[-84.434842,39.163503],[-84.436044,39.162331],[-84.439053,39.157835],[-84.44206,39.154611],[-84.443903,39.151823],[-84.445151,39.150551],[-84.446813,39.14952],[-84.453748,39.146855],[-84.458257,39.144254],[-84.45989,39.143581],[-84.461999,39.143036],[-84.464325,39.142909],[-84.478376,39.144008],[-84.480019,39.14382],[-84.481444,39.14328],[-84.482583,39.142453],[-84.484698,39.140168],[-84.486147,39.138979],[-84.487711,39.138077],[-84.490779,39.136697],[-84.492103,39.135887],[-84.493072,39.13501],[-84.494027,39.133615],[-84.495305,39.130693],[-84.497373,39.126614],[-84.497663,39.125498],[-84.498271,39.120925],[-84.500298,39.117046],[-84.500623,39.116097],[-84.500889,39.112554],[-84.501293,39.11091],[-84.501708,39.109958],[-84.5039,39.106706],[-84.50453,39.105445],[-84.504614,39.104665],[-84.503822,39.101435],[-84.503797,39.100729],[-84.503972,39.100123],[-84.50444,39.099843],[-84.512351,39.098674],[-84.512967,39.101111],[-84.509747,39.101589],[-84.511252,39.107566],[-84.508789,39.107994],[-84.506603,39.108917]]}},{"type":"Feature","properties":{"route_id":"3","shape_id":"30015","route_short_name":"3X","route_long_name":"Montgomery Express","route_color":"#C2D231","route_text_color":"#000000"},"geometry":{"type":"LineString","coordinates":[[-84.293943,39.291164],[-84.295245,39.291751],[-84.296415,39.291861],[-84.297058,39.292186],[-84.300377,39.289726],[-84.301801,39.288928],[-84.312754,39.284612],[-84.31449,39.283726],[-84.315962,39.282621],[-84.316457,39.283352],[-84.316136,39.287333],[-84.316875,39.287259],[-84.317874,39.286687],[-84.318737,39.286714],[-84.320048,39.287748],[-84.319505,39.288827],[-84.318776,39.289326],[-84.317891,39.289643],[-84.315962,39.289712],[-84.316457,39.283472],[-84.316366,39.283049],[-84.315962,39.282621],[-84.325132,39.275122],[-84.326797,39.273337],[-84.330822,39.267923],[-84.33611,39.263253],[-84.342659,39.257065],[-84.343324,39.255792],[-84.343892,39.252569],[-84.344605,39.249687],[-84.346119,39.245528],[-84.356107,39.223761],[-84.356567,39.223443],[-84.35767,39.223259],[-84.363972,39.223996],[-84.365421,39.224489],[-84.367685,39.22559],[-84.36818,39.226072],[-84.368163,39.226469],[-84.367874,39.226658],[-84.367276,39.226566],[-84.367063,39.226293],[-84.366916,39.225611],[-84.367422,39.22357],[-84.368903,39.219637],[-84.371281,39.208398],[-84.372667,39.204418],[-84.376001,39.197603],[-84.377041,39.196384],[-84.378546,39.195438],[-84.384861,39.193534],[-84.386823,39.192581],[-84.388465,39.191109],[-84.390781,39.187348],[-84.391635,39.186595],[-84.394266,39.184961],[-84.395227,39.184172],[-84.396,39.183188],[-84.396402,39.182336],[-84.398802,39.174435],[-84.399948,39.172808],[-84.400823,39.172129],[-84.401932,39.171552],[-84.404185,39.170973],[-84.416223,39.170657],[-84.418676,39.170281],[-84.420233,39.169609],[-84.424736,39.166533],[-84.42595,39.165878],[-84.427083,39.165499],[-84.43207,39.164767],[-84.433735,39.164175],[-84.434842,39.163503],[-84.436044,39.162331],[-84.439053,39.157835],[-84.44206,39.154611],[-84.443903,39.151823],[-84.445151,39.150551],[-84.446813,39.14952],[-84.453748,39.146855],[-84.458257,39.144254],[-84.45989,39.143581],[-84.461999,39.143036],[-84.464325,39.142909],[-84.478376,39.144008],[-84.480019,39.14382],[-84.481671,39.143143],[-84.482583,39.142453],[-84.484942,39.139935],[-84.486147,39.138979],[-84.487711,39.138077],[-84.490779,39.136697],[-84.492103,39.135887],[-84.493072,39.13501],[-84.494027,39.133615],[-84.495305,39.130693],[-84.497373,39.126614],[-84.497663,39.125498],[-84.498271,39.120925],[-84.500298,39.117046],[-84.500623,39.116097],[-84.500889,39.112554],[-84.501293,39.11091],[-84.501708,39.109958],[-84.5039,39.106706],[-84.50453,39.105445],[-84.504614,39.104665],[-84.503822,39.101435],[-84.503797,39.100729],[-84.503972,39.100123],[-84.50444,39.099843],[-84.512351,39.098674],[-84.512967,39.101111],[-84.509747,39.101589],[-84.510023,39.102656]]}},{"type":"Feature","properties":{"route_id":"3","shape_id":"30012","route_short_name":"3X","route_long_name":"Montgomery Express","route_color":"#C2D231","route_text_color":"#000000"},"geometry":{"type":"LineString","coordinates":[[-84.510023,39.102656],[-84.511252,39.107566],[-84.508659,39.108037],[-84.504615,39.109833],[-84.502341,39.113304],[-84.501632,39.11372],[-84.500607,39.113904],[-84.499928,39.114483],[-84.499482,39.117105],[-84.497886,39.121048],[-84.497216,39.126205],[-84.493886,39.133329],[-84.493171,39.134506],[-84.49227,39.135436],[-84.491102,39.136271],[-84.487139,39.13812],[-84.48583,39.138917],[-84.484867,39.139659],[-84.482395,39.142283],[-84.481509,39.142968],[-84.480041,39.143595],[-84.478281,39.143801],[-84.463845,39.142716],[-84.46139,39.142956],[-84.459089,39.143622],[-84.453665,39.14667],[-84.447245,39.1491],[-84.44491,39.150438],[-84.443843,39.151537],[-84.441529,39.154857],[-84.438426,39.158248],[-84.436113,39.161732],[-84.435263,39.162564],[-84.434036,39.163369],[-84.432379,39.163961],[-84.426122,39.165532],[-84.425084,39.166051],[-84.419788,39.169645],[-84.418423,39.17017],[-84.416913,39.170416],[-84.404225,39.170745],[-84.401914,39.17134],[-84.400939,39.171807],[-84.399981,39.1725],[-84.399223,39.173289],[-84.398583,39.174319],[-84.396174,39.182252],[-84.395738,39.183159],[-84.395017,39.184078],[-84.390715,39.187116],[-84.389992,39.187987],[-84.388495,39.19072],[-84.386898,39.192275],[-84.384846,39.193326],[-84.378443,39.195259],[-84.376808,39.196305],[-84.375722,39.19762],[-84.372278,39.204685],[-84.371806,39.205935],[-84.370898,39.208967],[-84.368644,39.219605],[-84.368303,39.220662],[-84.367801,39.221423],[-84.366833,39.222347],[-84.365314,39.223271],[-84.363974,39.223659],[-84.358361,39.223351],[-84.356322,39.223076],[-84.355222,39.225851],[-84.345902,39.245704],[-84.344247,39.2505],[-84.343337,39.255636],[-84.342728,39.256686],[-84.341564,39.258135],[-84.337062,39.26211],[-84.334107,39.26497],[-84.331589,39.267086],[-84.330274,39.2686],[-84.326797,39.273337],[-84.325663,39.274565],[-84.315962,39.282621],[-84.316457,39.283352],[-84.316136,39.287333],[-84.316875,39.287259],[-84.317874,39.286687],[-84.318737,39.286714],[-84.320048,39.287748],[-84.319505,39.288827],[-84.318776,39.289326],[-84.317891,39.289643],[-84.315962,39.289712],[-84.316457,39.283472],[-84.316366,39.283049],[-84.315962,39.282621],[-84.31449,39.283726],[-84.312754,39.284612],[-84.302048,39.288804],[-84.300377,39.289726],[-84.298955,39.290796],[-84.298041,39.290607],[-84.296915,39.289983],[-84.296121,39.289821],[-84.294434,39.289915],[-84.292614,39.290401],[-84.29285,39.290735],[-84.293943,39.291164]]}},{"type":"Feature","properties":{"route_id":"3","shape_id":"30013","route_short_name":"3X","route_long_name":"Montgomery Express","route_color":"#C2D231","route_text_color":"#000000"},"geometry":{"type":"LineString","coordinates":[[-84.508244,39.099289],[-84.512351,39.098674],[-84.512967,39.101111],[-84.509747,39.101589],[-84.511252,39.107566],[-84.508659,39.108037],[-84.504615,39.109833],[-84.502341,39.113304],[-84.501632,39.11372],[-84.500742,39.113854],[-84.500109,39.114226],[-84.499848,39.114696],[-84.499482,39.117105],[-84.497886,39.121048],[-84.497216,39.126205],[-84.493357,39.134239],[-84.492471,39.135251],[-84.491501,39.136026],[-84.487139,39.13812],[-84.485262,39.139334],[-84.481732,39.142819],[-84.480582,39.143422],[-84.478796,39.143795],[-84.463845,39.142716],[-84.46139,39.142956],[-84.459089,39.143622],[-84.453665,39.14667],[-84.447245,39.1491],[-84.44491,39.150438],[-84.443843,39.151537],[-84.441529,39.154857],[-84.438426,39.158248],[-84.436113,39.161732],[-84.435263,39.162564],[-84.434036,39.163369],[-84.432379,39.163961],[-84.426122,39.165532],[-84.425084,39.166051],[-84.419788,39.169645],[-84.418423,39.17017],[-84.416913,39.170416],[-84.404225,39.170745],[-84.401914,39.17134],[-84.400939,39.171807],[-84.399981,39.1725],[-84.399223,39.173289],[-84.398583,39.174319],[-84.396174,39.182252],[-84.395738,39.183159],[-84.395017,39.184078],[-84.390715,39.187116],[-84.389992,39.187987],[-84.388495,39.19072],[-84.386898,39.192275],[-84.384846,39.193326],[-84.378443,39.195259],[-84.376808,39.196305],[-84.375722,39.19762],[-84.372278,39.204685],[-84.371806,39.205935],[-84.370898,39.208967],[-84.368644,39.219605],[-84.368303,39.220662],[-84.367801,39.221423],[-84.366833,39.222347],[-84.365314,39.223271],[-84.363974,39.223659],[-84.358361,39.223351],[-84.356322,39.223076],[-84.355222,39.225851],[-84.345902,39.245704],[-84.344247,39.2505],[-84.343337,39.255636],[-84.342728,39.256686],[-84.341564,39.258135],[-84.337062,39.26211],[-84.334107,39.26497],[-84.331589,39.267086],[-84.330274,39.2686],[-84.326797,39.273337],[-84.325663,39.274565],[-84.315962,39.282621],[-84.316457,39.283352],[-84.316136,39.287333],[-84.316875,39.287259],[-84.317874,39.286687],[-84.318737,39.286714],[-84.320048,39.287748],[-84.319505,39.288827],[-84.318776,39.289326],[-84.317891,39.289643],[-84.315962,39.289712],[-84.316457,39.283472],[-84.316366,39.283049],[-84.315962,39.282621],[-84.31449,39.283726],[-84.312754,39.284612],[-84.302048,39.288804],[-84.300377,39.289726],[-84.298955,39.290796],[-84.298041,39.290607],[-84.296915,39.289983],[-84.296121,39.289821],[-84.294434,39.289915],[-84.292614,39.290401],[-84.29285,39.290735],[-84.293943,39.291164]]}},{"type":"Feature","properties":{"route_id":"30","shape_id":"300012","route_short_name":"30","route_long_name":"Beechmont Commuter","route_color":"#C2D231","route_text_color":"#000000"},"geometry":{"type":"LineString","coordinates":[[-84.387077,39.094078],[-84.386886,39.091402],[-84.386008,39.09015],[-84.377382,39.085628],[-84.375131,39.083798],[-84.373031,39.081445],[-84.371606,39.080217],[-84.368827,39.078694],[-84.36498,39.07599],[-84.362501,39.073936],[-84.361531,39.073394],[-84.36047,39.073104],[-84.358122,39.072865],[-84.345381,39.072752],[-84.345457,39.074164],[-84.345001,39.077116],[-84.345698,39.079623],[-84.345642,39.083927],[-84.346673,39.084189],[-84.351492,39.084559],[-84.351157,39.080657],[-84.351912,39.078083],[-84.35042,39.078011],[-84.349751,39.077782],[-84.349763,39.078445],[-84.350678,39.079185],[-84.350534,39.078876]]}},{"type":"Feature","properties":{"route_id":"30","shape_id":"300014","route_short_name":"30","route_long_name":"Beechmont Commuter","route_color":"#C2D231","route_text_color":"#000000"},"geometry":{"type":"LineString","coordinates":[[-84.508343,39.103191],[-84.514923,39.102208],[-84.514608,39.100957],[-84.513202,39.10117],[-84.512803,39.101086],[-84.504055,39.102456],[-84.50284,39.103088],[-84.498348,39.104022],[-84.494287,39.106778],[-84.490479,39.111346],[-84.487192,39.115628],[-84.484494,39.118229],[-84.482256,39.119603],[-84.473132,39.123699],[-84.470566,39.124544],[-84.468686,39.124977],[-84.462567,39.125197],[-84.458001,39.12451],[-84.449954,39.122767],[-84.448316,39.122139],[-84.445868,39.121019],[-84.439286,39.1172],[-84.437266,39.116196],[-84.436191,39.115203],[-84.435325,39.113758],[-84.433682,39.111968],[-84.431891,39.109621],[-84.43056,39.108456],[-84.429719,39.108189],[-84.428835,39.108382],[-84.427539,39.109241],[-84.423617,39.113057],[-84.42051,39.116953],[-84.419651,39.118631],[-84.418488,39.120426],[-84.418122,39.120567],[-84.409014,39.115855],[-84.40685,39.114501],[-84.404819,39.112802],[-84.400609,39.108079],[-84.399603,39.107246],[-84.39838,39.106674],[-84.39532,39.10563],[-84.393783,39.104812],[-84.390474,39.10435],[-84.389329,39.103875],[-84.38862,39.103395],[-84.387238,39.101998],[-84.386915,39.101353],[-84.387224,39.09727],[-84.386924,39.091561],[-84.386008,39.09015],[-84.377382,39.085628],[-84.375131,39.083798],[-84.373031,39.081445],[-84.371606,39.080217],[-84.368827,39.078694],[-84.36498,39.07599],[-84.362501,39.073936],[-84.361238,39.07328],[-84.358122,39.072865],[-84.346837,39.072734],[-84.336379,39.07267],[-84.331423,39.073046],[-84.322523,39.072426],[-84.322384,39.077507],[-84.322773,39.07943],[-84.322011,39.087975],[-84.331194,39.088561],[-84.332,39.079479],[-84.333601,39.080143],[-84.346097,39.084103],[-84.351492,39.084559],[-84.351157,39.080657],[-84.351912,39.078083],[-84.35042,39.078011],[-84.349751,39.077782],[-84.349763,39.078445],[-84.350678,39.079185],[-84.350534,39.078876]]}},{"type":"Feature","properties":{"route_id":"30","shape_id":"300013","route_short_name":"30","route_long_name":"Beechmont Commuter","route_color":"#C2D231","route_text_color":"#000000"},"geometry":{"type":"LineString","coordinates":[[-84.509974,39.1015],[-84.509469,39.10169],[-84.504055,39.102456],[-84.50284,39.103088],[-84.499023,39.103784],[-84.49814,39.104129],[-84.494287,39.106778],[-84.490479,39.111346],[-84.487192,39.115628],[-84.484494,39.118229],[-84.482256,39.119603],[-84.47566,39.122596],[-84.473132,39.123699],[-84.469492,39.124815],[-84.468008,39.125044],[-84.462567,39.125197],[-84.458001,39.12451],[-84.449487,39.122635],[-84.446014,39.121097],[-84.439286,39.1172],[-84.437266,39.116196],[-84.436191,39.115203],[-84.435325,39.113758],[-84.433682,39.111968],[-84.431891,39.109621],[-84.43056,39.108456],[-84.429719,39.108189],[-84.428835,39.108382],[-84.427539,39.109241],[-84.423617,39.113057],[-84.42051,39.116953],[-84.419651,39.118631],[-84.418488,39.120426],[-84.418122,39.120567],[-84.409014,39.115855],[-84.40685,39.114501],[-84.404819,39.112802],[-84.400609,39.108079],[-84.399603,39.107246],[-84.39838,39.106674],[-84.39532,39.10563],[-84.393783,39.104812],[-84.390474,39.10435],[-84.389329,39.103875],[-84.38862,39.103395],[-84.387238,39.101998],[-84.386915,39.101353],[-84.387224,39.09727],[-84.386924,39.091561],[-84.386008,39.09015],[-84.377382,39.085628],[-84.375131,39.083798],[-84.373031,39.081445],[-84.371606,39.080217],[-84.368827,39.078694],[-84.36498,39.07599],[-84.362035,39.073635],[-84.360833,39.073169],[-84.358122,39.072865],[-84.345381,39.072752],[-84.345457,39.074164],[-84.345001,39.077116],[-84.345698,39.079623],[-84.345642,39.083927],[-84.346673,39.084189],[-84.351492,39.084559],[-84.351157,39.080657],[-84.351912,39.078083],[-84.35042,39.078011],[-84.349751,39.077782],[-84.349763,39.078445],[-84.350678,39.079185],[-84.350534,39.078876]]}},{"type":"Feature","properties":{"route_id":"30","shape_id":"300015","route_short_name":"30","route_long_name":"Beechmont Commuter","route_color":"#C2D231","route_text_color":"#000000"},"geometry":{"type":"LineString","coordinates":[[-84.350534,39.078876],[-84.349886,39.078596],[-84.34967,39.078165],[-84.349751,39.077782],[-84.348721,39.076868],[-84.347472,39.075119],[-84.345347,39.07488],[-84.345381,39.072752],[-84.358122,39.072865],[-84.360833,39.073169],[-84.362328,39.073818],[-84.36498,39.07599],[-84.368827,39.078694],[-84.371606,39.080217],[-84.373031,39.081445],[-84.375131,39.083798],[-84.377382,39.085628],[-84.386008,39.09015],[-84.386924,39.091561],[-84.387224,39.09727],[-84.386915,39.101353],[-84.387238,39.101998],[-84.388547,39.103332],[-84.390322,39.104307],[-84.393694,39.104867],[-84.39532,39.10563],[-84.39838,39.106674],[-84.399603,39.107246],[-84.400609,39.108079],[-84.404819,39.112802],[-84.40685,39.114501],[-84.409014,39.115855],[-84.418365,39.120819],[-84.418736,39.121401],[-84.418725,39.121931],[-84.418436,39.122431],[-84.418042,39.122483],[-84.417648,39.12222],[-84.417686,39.121827],[-84.418982,39.120176],[-84.420604,39.116973],[-84.422046,39.115049],[-84.424346,39.112424],[-84.427625,39.109281],[-84.428827,39.108495],[-84.429779,39.108269],[-84.4305,39.108522],[-84.43208,39.109894],[-84.433682,39.111968],[-84.435325,39.113758],[-84.436505,39.115597],[-84.437384,39.116393],[-84.439286,39.1172],[-84.446014,39.121097],[-84.449487,39.122635],[-84.458001,39.12451],[-84.462567,39.125197],[-84.468008,39.125044],[-84.469492,39.124815],[-84.473132,39.123699],[-84.47566,39.122596],[-84.482256,39.119603],[-84.484494,39.118229],[-84.487192,39.115628],[-84.490479,39.111346],[-84.494287,39.106778],[-84.49814,39.104129],[-84.498765,39.103853],[-84.499843,39.10387],[-84.501683,39.104868],[-84.50273,39.105091],[-84.503568,39.104827],[-84.504909,39.103749],[-84.508343,39.103191]]}},{"type":"Feature","properties":{"route_id":"30","shape_id":"300016","route_short_name":"30","route_long_name":"Beechmont Commuter","route_color":"#C2D231","route_text_color":"#000000"},"geometry":{"type":"LineString","coordinates":[[-84.350534,39.078876],[-84.349886,39.078596],[-84.34967,39.078165],[-84.349751,39.077782],[-84.348721,39.076868],[-84.347472,39.075119],[-84.345347,39.07488],[-84.345381,39.072752],[-84.358122,39.072865],[-84.36047,39.073104],[-84.361531,39.073394],[-84.362501,39.073936],[-84.36498,39.07599],[-84.368827,39.078694],[-84.371606,39.080217],[-84.373031,39.081445],[-84.375131,39.083798],[-84.377382,39.085628],[-84.386008,39.09015],[-84.386886,39.091402],[-84.387064,39.093872]]}},{"type":"Feature","properties":{"route_id":"30","shape_id":"300011","route_short_name":"30","route_long_name":"Beechmont Commuter","route_color":"#C2D231","route_text_color":"#000000"},"geometry":{"type":"LineString","coordinates":[[-84.350534,39.078876],[-84.349886,39.078596],[-84.34967,39.078165],[-84.349751,39.077782],[-84.348721,39.076868],[-84.347472,39.075119],[-84.345347,39.07488],[-84.345381,39.072752],[-84.336379,39.07267],[-84.331423,39.073046],[-84.322523,39.072426],[-84.322384,39.077507],[-84.322773,39.07943],[-84.322011,39.087975],[-84.331194,39.088561],[-84.33208,39.07839],[-84.3322,39.073034],[-84.335728,39.072686],[-84.339871,39.072692],[-84.358122,39.072865],[-84.361238,39.07328],[-84.362501,39.073936],[-84.36498,39.07599],[-84.368827,39.078694],[-84.371606,39.080217],[-84.373031,39.081445],[-84.375131,39.083798],[-84.377382,39.085628],[-84.386008,39.09015],[-84.386924,39.091561],[-84.387224,39.09727],[-84.386915,39.101353],[-84.387238,39.101998],[-84.388547,39.103332],[-84.390322,39.104307],[-84.393694,39.104867],[-84.39532,39.10563],[-84.39838,39.106674],[-84.399603,39.107246],[-84.400609,39.108079],[-84.404819,39.112802],[-84.40685,39.114501],[-84.409014,39.115855],[-84.418365,39.120819],[-84.418736,39.121401],[-84.418725,39.121931],[-84.418436,39.122431],[-84.418042,39.122483],[-84.417648,39.12222],[-84.417686,39.121827],[-84.418982,39.120176],[-84.420604,39.116973],[-84.422046,39.115049],[-84.424346,39.112424],[-84.427625,39.109281],[-84.428827,39.108495],[-84.429779,39.108269],[-84.4305,39.108522],[-84.43208,39.109894],[-84.433682,39.111968],[-84.435325,39.113758],[-84.436505,39.115597],[-84.437384,39.116393],[-84.439286,39.1172],[-84.446014,39.121097],[-84.449487,39.122635],[-84.458001,39.12451],[-84.462567,39.125197],[-84.468008,39.125044],[-84.470077,39.124684],[-84.473132,39.123699],[-84.47566,39.122596],[-84.482256,39.119603],[-84.484494,39.118229],[-84.487192,39.115628],[-84.490479,39.111346],[-84.494287,39.106778],[-84.498348,39.104022],[-84.498765,39.103853],[-84.499843,39.10387],[-84.501683,39.104868],[-84.50273,39.105091],[-84.503568,39.104827],[-84.505101,39.103691],[-84.514923,39.102208],[-84.514608,39.100957],[-84.509974,39.1015]]}},{"type":"Feature","properties":{"route_id":"31","shape_id":"310015","route_short_name":"31","route_long_name":"Taft / McMillan","route_color":"#2A75B0","route_text_color":"#000000"},"geometry":{"type":"LineString","coordinates":[[-84.552441,39.105233],[-84.551827,39.105181],[-84.551533,39.107873],[-84.536405,39.106873],[-84.536491,39.108678],[-84.535458,39.118028],[-84.535603,39.118488],[-84.536387,39.119515],[-84.53643,39.119825],[-84.527809,39.119295],[-84.527156,39.119163],[-84.526552,39.11878],[-84.524344,39.120248],[-84.525488,39.12068],[-84.526263,39.121477],[-84.530554,39.122049],[-84.531988,39.122811],[-84.532371,39.12326],[-84.532472,39.124164],[-84.53181,39.12638],[-84.531063,39.126687],[-84.530333,39.128671],[-84.529678,39.129284],[-84.529104,39.129574],[-84.528559,39.129438],[-84.528373,39.128899],[-84.528129,39.128707],[-84.526322,39.128561],[-84.524991,39.128205],[-84.483083,39.125459],[-84.475591,39.124659],[-84.475372,39.126945],[-84.475218,39.127078],[-84.47482,39.129709],[-84.476759,39.1296],[-84.475997,39.135629],[-84.472287,39.135385],[-84.472064,39.137386],[-84.467038,39.137055],[-84.466548,39.141503],[-84.465644,39.141665],[-84.464558,39.141624],[-84.461961,39.142243],[-84.456681,39.144397],[-84.458371,39.145336],[-84.459269,39.145603],[-84.467856,39.146273],[-84.470209,39.143702],[-84.468717,39.143662]]}},{"type":"Feature","properties":{"route_id":"31","shape_id":"310004","route_short_name":"31","route_long_name":"Taft / McMillan","route_color":"#2A75B0","route_text_color":"#000000"},"geometry":{"type":"LineString","coordinates":[[-84.53599,39.118995],[-84.535458,39.118028],[-84.536491,39.108678],[-84.536405,39.106873],[-84.552373,39.107931],[-84.553216,39.105299],[-84.552441,39.105233]]}},{"type":"Feature","properties":{"route_id":"31","shape_id":"310017","route_short_name":"31","route_long_name":"Taft / McMillan","route_color":"#2A75B0","route_text_color":"#000000"},"geometry":{"type":"LineString","coordinates":[[-84.468717,39.143662],[-84.466344,39.143495],[-84.466053,39.146111],[-84.459269,39.145603],[-84.458371,39.145336],[-84.456681,39.144397],[-84.461961,39.142243],[-84.464558,39.141624],[-84.465644,39.141665],[-84.466548,39.141503],[-84.467038,39.137055],[-84.468121,39.137134],[-84.46834,39.135126],[-84.472287,39.135385],[-84.472064,39.137386],[-84.47579,39.137638],[-84.477155,39.136669],[-84.477602,39.136558],[-84.480959,39.137835],[-84.481658,39.137898],[-84.482065,39.139116],[-84.482716,39.140301],[-84.482226,39.140667],[-84.482004,39.142002],[-84.481714,39.142374],[-84.480701,39.142983],[-84.48001,39.143126],[-84.475299,39.142794],[-84.475476,39.142113],[-84.47564,39.138993],[-84.476773,39.129477],[-84.476964,39.129083],[-84.478672,39.127183],[-84.479903,39.127044],[-84.482431,39.127287],[-84.483264,39.127021],[-84.492319,39.127631],[-84.497703,39.128129],[-84.50131,39.128992],[-84.505305,39.128104],[-84.507742,39.128155],[-84.508439,39.12779],[-84.509154,39.127659],[-84.511317,39.127985],[-84.520733,39.128594],[-84.520884,39.128174],[-84.521212,39.127956],[-84.524991,39.128205],[-84.526322,39.128561],[-84.528032,39.128676],[-84.528337,39.128838],[-84.52864,39.129498],[-84.529228,39.129532],[-84.529881,39.129134],[-84.530498,39.12842],[-84.531063,39.126687],[-84.53181,39.12638],[-84.532472,39.124164],[-84.532371,39.12326],[-84.531988,39.122811],[-84.530554,39.122049],[-84.526263,39.121477],[-84.525488,39.12068],[-84.524344,39.120248],[-84.525364,39.119772],[-84.526552,39.11878],[-84.527617,39.119274],[-84.536419,39.119931],[-84.536387,39.119515],[-84.535603,39.118488],[-84.535458,39.118028],[-84.536491,39.108678],[-84.536405,39.106873],[-84.552373,39.107931],[-84.553216,39.105299],[-84.552441,39.105233]]}},{"type":"Feature","properties":{"route_id":"31","shape_id":"310003","route_short_name":"31","route_long_name":"Taft / McMillan","route_color":"#2A75B0","route_text_color":"#000000"},"geometry":{"type":"LineString","coordinates":[[-84.552441,39.105233],[-84.551827,39.105181],[-84.551533,39.107873],[-84.536405,39.106873],[-84.536491,39.108678],[-84.535458,39.118028],[-84.535603,39.118488],[-84.536387,39.119515],[-84.536419,39.119931],[-84.537154,39.119884]]}},{"type":"Feature","properties":{"route_id":"31","shape_id":"310016","route_short_name":"31","route_long_name":"Taft / McMillan","route_color":"#2A75B0","route_text_color":"#000000"},"geometry":{"type":"LineString","coordinates":[[-84.468717,39.143662],[-84.466344,39.143495],[-84.466053,39.146111],[-84.459269,39.145603],[-84.458371,39.145336],[-84.456681,39.144397],[-84.461961,39.142243],[-84.464558,39.141624],[-84.465644,39.141665],[-84.466548,39.141503],[-84.467038,39.137055],[-84.47579,39.137638],[-84.476816,39.129278],[-84.478672,39.127183],[-84.479903,39.127044],[-84.482431,39.127287],[-84.483264,39.127021],[-84.492319,39.127631],[-84.497703,39.128129],[-84.50131,39.128992],[-84.505305,39.128104],[-84.507742,39.128155],[-84.508439,39.12779],[-84.509154,39.127659],[-84.511317,39.127985],[-84.520733,39.128594],[-84.520884,39.128174],[-84.521212,39.127956],[-84.524991,39.128205],[-84.526322,39.128561],[-84.528032,39.128676],[-84.528337,39.128838],[-84.52864,39.129498],[-84.529228,39.129532],[-84.529881,39.129134],[-84.530498,39.12842],[-84.531063,39.126687],[-84.53181,39.12638],[-84.532472,39.124164],[-84.532371,39.12326],[-84.531988,39.122811],[-84.530554,39.122049],[-84.526263,39.121477],[-84.525488,39.12068],[-84.524344,39.120248],[-84.525364,39.119772],[-84.526552,39.11878],[-84.527617,39.119274],[-84.536419,39.119931],[-84.536387,39.119515],[-84.535603,39.118488],[-84.535458,39.118028],[-84.536491,39.108678],[-84.536405,39.106873],[-84.552373,39.107931],[-84.553216,39.105299],[-84.552441,39.105233]]}},{"type":"Feature","properties":{"route_id":"31","shape_id":"310018","route_short_name":"31","route_long_name":"Taft / McMillan","route_color":"#2A75B0","route_text_color":"#000000"},"geometry":{"type":"LineString","coordinates":[[-84.552441,39.105233],[-84.551827,39.105181],[-84.551533,39.107873],[-84.536405,39.106873],[-84.536491,39.108678],[-84.535458,39.118028],[-84.535603,39.118488],[-84.536387,39.119515],[-84.53643,39.119825],[-84.527809,39.119295],[-84.527156,39.119163],[-84.526552,39.11878],[-84.524344,39.120248],[-84.525488,39.12068],[-84.526263,39.121477],[-84.530554,39.122049],[-84.531988,39.122811],[-84.532371,39.12326],[-84.532472,39.124164],[-84.53181,39.12638],[-84.531063,39.126687],[-84.530333,39.128671],[-84.529678,39.129284],[-84.529104,39.129574],[-84.528559,39.129438],[-84.528373,39.128899],[-84.528129,39.128707],[-84.526322,39.128561],[-84.524991,39.128205],[-84.483083,39.125459],[-84.475591,39.124659],[-84.475372,39.126945],[-84.475218,39.127078],[-84.47482,39.129709],[-84.476631,39.129579],[-84.47999,39.130187],[-84.479271,39.130766],[-84.479003,39.131223],[-84.478609,39.133985],[-84.478788,39.134309],[-84.480114,39.135195],[-84.480733,39.135901],[-84.481421,39.137099],[-84.482065,39.139116],[-84.482716,39.140301],[-84.482226,39.140667],[-84.482035,39.141894],[-84.48181,39.142293],[-84.480856,39.142912],[-84.480189,39.143113],[-84.475299,39.142794],[-84.475669,39.140177],[-84.475556,39.139907],[-84.475997,39.135629],[-84.46834,39.135126],[-84.468121,39.137134],[-84.467038,39.137055],[-84.466548,39.141503],[-84.465644,39.141665],[-84.464558,39.141624],[-84.461961,39.142243],[-84.456681,39.144397],[-84.458371,39.145336],[-84.459269,39.145603],[-84.467856,39.146273],[-84.470209,39.143702],[-84.468717,39.143662]]}},{"type":"Feature","properties":{"route_id":"32","shape_id":"320010","route_short_name":"32","route_long_name":"West 8th Street","route_color":"#2A75B0","route_text_color":"#000000"},"geometry":{"type":"LineString","coordinates":[[-84.615324,39.130061],[-84.615808,39.130233],[-84.614827,39.13058],[-84.614666,39.130547],[-84.614702,39.130025],[-84.610669,39.129884],[-84.610131,39.130123],[-84.609194,39.131187],[-84.606639,39.12956],[-84.606161,39.12911],[-84.604138,39.128668],[-84.603225,39.128268],[-84.600899,39.128152],[-84.601158,39.125782],[-84.60183,39.122759],[-84.60217,39.122744],[-84.602768,39.123611],[-84.606576,39.123506],[-84.607435,39.114945],[-84.607344,39.114497],[-84.606695,39.113845],[-84.606541,39.113487],[-84.606795,39.110395],[-84.604911,39.11131],[-84.599764,39.111237],[-84.599781,39.109083],[-84.593776,39.108598],[-84.59199,39.107696],[-84.566155,39.105647],[-84.566632,39.10079],[-84.562839,39.100544],[-84.562522,39.103734],[-84.561356,39.103668],[-84.560385,39.113184],[-84.558144,39.11302],[-84.556523,39.112198],[-84.554608,39.110338],[-84.554354,39.109578],[-84.554431,39.108606],[-84.554033,39.107414],[-84.553886,39.105645],[-84.553525,39.105319],[-84.535865,39.10398],[-84.531375,39.103405],[-84.527993,39.103178],[-84.526781,39.10298],[-84.524556,39.102297],[-84.52269,39.102361],[-84.515236,39.103449],[-84.514608,39.100957],[-84.509837,39.101543],[-84.510023,39.102656]]}},{"type":"Feature","properties":{"route_id":"32","shape_id":"320009","route_short_name":"32","route_long_name":"West 8th Street","route_color":"#2A75B0","route_text_color":"#000000"},"geometry":{"type":"LineString","coordinates":[[-84.510023,39.102656],[-84.510833,39.105869],[-84.520437,39.104415],[-84.523744,39.103723],[-84.52719,39.103283],[-84.531589,39.103597],[-84.536225,39.104163],[-84.538399,39.104142],[-84.553525,39.105319],[-84.553886,39.105645],[-84.554033,39.107414],[-84.554431,39.108606],[-84.554354,39.109578],[-84.554608,39.110338],[-84.556523,39.112198],[-84.557879,39.112954],[-84.560385,39.113184],[-84.561143,39.105706],[-84.562355,39.105785],[-84.562839,39.100544],[-84.565172,39.100668],[-84.566632,39.10079],[-84.566155,39.105647],[-84.59199,39.107696],[-84.593776,39.108598],[-84.601107,39.109183],[-84.600967,39.111255],[-84.604911,39.11131],[-84.606451,39.110515],[-84.606724,39.110727],[-84.606541,39.113487],[-84.607436,39.114787],[-84.606576,39.123506],[-84.602768,39.123611],[-84.602664,39.123461],[-84.601677,39.123414],[-84.601158,39.125782],[-84.600899,39.128152],[-84.603225,39.128268],[-84.604138,39.128668],[-84.606161,39.12911],[-84.606639,39.12956],[-84.609194,39.131187],[-84.610131,39.130123],[-84.610669,39.129884],[-84.615324,39.130061]]}},{"type":"Feature","properties":{"route_id":"33","shape_id":"330013","route_short_name":"33","route_long_name":"Glenway Avenue","route_color":"#F68923","route_text_color":"#000000"},"geometry":{"type":"LineString","coordinates":[[-84.511011,39.101548],[-84.509787,39.101735],[-84.510833,39.105869],[-84.520437,39.104415],[-84.523744,39.103723],[-84.52719,39.103283],[-84.531589,39.103597],[-84.536225,39.104163],[-84.538399,39.104142],[-84.553525,39.105319],[-84.553886,39.105645],[-84.554033,39.107414],[-84.554333,39.107281],[-84.554223,39.106777],[-84.554424,39.10621],[-84.554756,39.106144],[-84.555271,39.108506],[-84.555667,39.108944],[-84.5568,39.109558],[-84.57249,39.110595],[-84.576206,39.113947],[-84.583803,39.114383],[-84.585029,39.11419],[-84.58684,39.113366],[-84.589812,39.113221],[-84.591005,39.113603],[-84.591813,39.114186],[-84.592927,39.115465],[-84.593612,39.115916],[-84.595391,39.116456],[-84.597519,39.116778],[-84.599149,39.11846],[-84.601848,39.122292],[-84.601942,39.122431],[-84.601158,39.125782],[-84.600899,39.128152],[-84.603225,39.128268],[-84.604138,39.128668],[-84.606161,39.12911],[-84.606639,39.12956],[-84.609194,39.131187],[-84.610131,39.130123],[-84.610669,39.129884],[-84.615273,39.130053],[-84.615808,39.130233],[-84.614827,39.13058],[-84.614666,39.130547],[-84.614702,39.130025],[-84.610669,39.129884],[-84.610131,39.130123],[-84.609194,39.131187],[-84.611957,39.134659],[-84.613858,39.136318],[-84.61861,39.141751],[-84.620448,39.143147],[-84.62364,39.144884],[-84.625964,39.146813],[-84.625527,39.147152],[-84.625323,39.148854],[-84.625044,39.149],[-84.623688,39.148931],[-84.622925,39.1486],[-84.6205,39.148362],[-84.620588,39.147062],[-84.621476,39.146419]]}},{"type":"Feature","properties":{"route_id":"33","shape_id":"330010","route_short_name":"33","route_long_name":"Glenway Avenue","route_color":"#F68923","route_text_color":"#000000"},"geometry":{"type":"LineString","coordinates":[[-84.621476,39.146419],[-84.622149,39.146111],[-84.623655,39.145841],[-84.624309,39.145432],[-84.623332,39.144682],[-84.620448,39.143147],[-84.618508,39.141655],[-84.613858,39.136318],[-84.611957,39.134659],[-84.609194,39.131187],[-84.610131,39.130123],[-84.610669,39.129884],[-84.615273,39.130053],[-84.615808,39.130233],[-84.614827,39.13058],[-84.614666,39.130547],[-84.614702,39.130025],[-84.610669,39.129884],[-84.610131,39.130123],[-84.609194,39.131187],[-84.606639,39.12956],[-84.606161,39.12911],[-84.605443,39.127464],[-84.599923,39.119522],[-84.599149,39.11846],[-84.597867,39.117133],[-84.597292,39.116658],[-84.595391,39.116456],[-84.59343,39.115825],[-84.592763,39.115316],[-84.591583,39.113969],[-84.591005,39.113603],[-84.589812,39.113221],[-84.586856,39.113364],[-84.585029,39.11419],[-84.583803,39.114383],[-84.576206,39.113947],[-84.57249,39.110595],[-84.5568,39.109558],[-84.555667,39.108944],[-84.555271,39.108506],[-84.554756,39.106144],[-84.554424,39.10621],[-84.554223,39.106777],[-84.554333,39.107281],[-84.554033,39.107414],[-84.553886,39.105645],[-84.553525,39.105319],[-84.535865,39.10398],[-84.531375,39.103405],[-84.527993,39.103178],[-84.526781,39.10298],[-84.524556,39.102297],[-84.52269,39.102361],[-84.512007,39.103933],[-84.511391,39.10149],[-84.511011,39.101548]]}},{"type":"Feature","properties":{"route_id":"33","shape_id":"330009","route_short_name":"33","route_long_name":"Glenway Avenue","route_color":"#F68923","route_text_color":"#000000"},"geometry":{"type":"LineString","coordinates":[[-84.621476,39.146419],[-84.622149,39.146111],[-84.623655,39.145841],[-84.624309,39.145432],[-84.623332,39.144682],[-84.620448,39.143147],[-84.618508,39.141655],[-84.613858,39.136318],[-84.611957,39.134659],[-84.609194,39.131187],[-84.610131,39.130123],[-84.610669,39.129884],[-84.615273,39.130053],[-84.615808,39.130233],[-84.614827,39.13058],[-84.614666,39.130547],[-84.614702,39.130025],[-84.610669,39.129884],[-84.610131,39.130123],[-84.609194,39.131187],[-84.606639,39.12956],[-84.606161,39.12911],[-84.604138,39.128668],[-84.603225,39.128268],[-84.600899,39.128152],[-84.601158,39.125782],[-84.601942,39.122431],[-84.601749,39.122147],[-84.599149,39.11846],[-84.597519,39.116778],[-84.595391,39.116456],[-84.593612,39.115916],[-84.592927,39.115465],[-84.591813,39.114186],[-84.591005,39.113603],[-84.589812,39.113221],[-84.586856,39.113364],[-84.585029,39.11419],[-84.583803,39.114383],[-84.576206,39.113947],[-84.57249,39.110595],[-84.5568,39.109558],[-84.555667,39.108944],[-84.555271,39.108506],[-84.554756,39.106144],[-84.554424,39.10621],[-84.554223,39.106777],[-84.554333,39.107281],[-84.554033,39.107414],[-84.553886,39.105645],[-84.553525,39.105319],[-84.535865,39.10398],[-84.531375,39.103405],[-84.527993,39.103178],[-84.526781,39.10298],[-84.524556,39.102297],[-84.52269,39.102361],[-84.512007,39.103933],[-84.511391,39.10149],[-84.511011,39.101548]]}},{"type":"Feature","properties":{"route_id":"36","shape_id":"360014","route_short_name":"36","route_long_name":"Price Hill / Uptown","route_color":"#2A75B0","route_text_color":"#000000"},"geometry":{"type":"LineString","coordinates":[[-84.455988,39.160363],[-84.454004,39.159999],[-84.453473,39.160062],[-84.454175,39.161859],[-84.45552,39.161909],[-84.457107,39.159094],[-84.459643,39.155604],[-84.462121,39.152564],[-84.467856,39.146273],[-84.475818,39.146802],[-84.477426,39.147374],[-84.479639,39.147567],[-84.480058,39.147976],[-84.480047,39.149417],[-84.483147,39.151729],[-84.483187,39.152003],[-84.483595,39.152052],[-84.48439,39.15262],[-84.487657,39.14985],[-84.490921,39.144428],[-84.491463,39.144675],[-84.49214,39.145471],[-84.492591,39.14565],[-84.499813,39.146256],[-84.50102,39.1352],[-84.505962,39.135561],[-84.510537,39.135524],[-84.510985,39.134141],[-84.510884,39.134012],[-84.511462,39.129326],[-84.511366,39.12816],[-84.511626,39.127997],[-84.520733,39.128594],[-84.520884,39.128174],[-84.521212,39.127956],[-84.524845,39.128191],[-84.526322,39.128561],[-84.528129,39.128707],[-84.528373,39.128899],[-84.528559,39.129438],[-84.529104,39.129574],[-84.529678,39.129284],[-84.530333,39.128671],[-84.531063,39.126687],[-84.532206,39.126131],[-84.532985,39.12516],[-84.533289,39.124417],[-84.533666,39.124257],[-84.539214,39.1248],[-84.545092,39.124432],[-84.547331,39.125171],[-84.54844,39.125924],[-84.54829,39.126254],[-84.545619,39.126308],[-84.545717,39.126096],[-84.545511,39.125735],[-84.544282,39.125188],[-84.543951,39.124823],[-84.543606,39.122391],[-84.545417,39.119584],[-84.549764,39.114771],[-84.550754,39.112029],[-84.552201,39.109314],[-84.552373,39.107931],[-84.553216,39.105299],[-84.553659,39.105361],[-84.553886,39.105645],[-84.554033,39.107414],[-84.554431,39.108606],[-84.554354,39.109578],[-84.554608,39.110338],[-84.556523,39.112198],[-84.557987,39.112988],[-84.560385,39.113184],[-84.560716,39.109817],[-84.563031,39.109903],[-84.57249,39.110595],[-84.576206,39.113947],[-84.584146,39.114367],[-84.585165,39.114141],[-84.585815,39.107207],[-84.59199,39.107696],[-84.593689,39.108581],[-84.598287,39.108949],[-84.600164,39.090356],[-84.604458,39.089401],[-84.60489,39.08942],[-84.606304,39.090074],[-84.605703,39.095183],[-84.606205,39.095313],[-84.610664,39.095192],[-84.617073,39.094168],[-84.618082,39.093953],[-84.621925,39.092507],[-84.622706,39.09242],[-84.623499,39.092583],[-84.625654,39.093645],[-84.627973,39.094127],[-84.630871,39.095174],[-84.632235,39.095282],[-84.634725,39.095924],[-84.637365,39.096301],[-84.639567,39.096486],[-84.639614,39.096108]]}},{"type":"Feature","properties":{"route_id":"36","shape_id":"360013","route_short_name":"36","route_long_name":"Price Hill / Uptown","route_color":"#2A75B0","route_text_color":"#000000"},"geometry":{"type":"LineString","coordinates":[[-84.639614,39.096108],[-84.639219,39.096018],[-84.639125,39.096449],[-84.637365,39.096301],[-84.634725,39.095924],[-84.632235,39.095282],[-84.630871,39.095174],[-84.627973,39.094127],[-84.625654,39.093645],[-84.623499,39.092583],[-84.622706,39.09242],[-84.621925,39.092507],[-84.618082,39.093953],[-84.617073,39.094168],[-84.610664,39.095192],[-84.606205,39.095313],[-84.605703,39.095183],[-84.606304,39.090074],[-84.60489,39.08942],[-84.604458,39.089401],[-84.600164,39.090356],[-84.598287,39.108949],[-84.593689,39.108581],[-84.59199,39.107696],[-84.585815,39.107207],[-84.585165,39.114141],[-84.584146,39.114367],[-84.576206,39.113947],[-84.57249,39.110595],[-84.563031,39.109903],[-84.560716,39.109817],[-84.560385,39.113184],[-84.557987,39.112988],[-84.556523,39.112198],[-84.554608,39.110338],[-84.554354,39.109578],[-84.554431,39.108606],[-84.554033,39.107414],[-84.553886,39.105645],[-84.553659,39.105361],[-84.553216,39.105299],[-84.552373,39.107931],[-84.552201,39.109314],[-84.550754,39.112029],[-84.549764,39.114771],[-84.545417,39.119584],[-84.543606,39.122391],[-84.543693,39.124501],[-84.544081,39.125217],[-84.545287,39.125764],[-84.545619,39.126308],[-84.548874,39.126223],[-84.546946,39.12489],[-84.545373,39.124322],[-84.539214,39.1248],[-84.533486,39.124282],[-84.532206,39.126131],[-84.531063,39.126687],[-84.530333,39.128671],[-84.529678,39.129284],[-84.528995,39.129585],[-84.528495,39.129376],[-84.528373,39.128899],[-84.528129,39.128707],[-84.526322,39.128561],[-84.524991,39.128205],[-84.511666,39.127326],[-84.51118,39.12788],[-84.511407,39.129214],[-84.510884,39.134012],[-84.510318,39.134791],[-84.50942,39.13539],[-84.505611,39.135417],[-84.50102,39.1352],[-84.499813,39.146256],[-84.492591,39.14565],[-84.49214,39.145471],[-84.491463,39.144675],[-84.490921,39.144428],[-84.487657,39.14985],[-84.48439,39.15262],[-84.480047,39.149417],[-84.480058,39.147976],[-84.479639,39.147567],[-84.477529,39.147394],[-84.47631,39.146897],[-84.475316,39.146732],[-84.467856,39.146273],[-84.461151,39.153704],[-84.458167,39.157558],[-84.456296,39.160409],[-84.455988,39.160363]]}},{"type":"Feature","properties":{"route_id":"37","shape_id":"370029","route_short_name":"37","route_long_name":"MLK / Westwood Northern","route_color":"#008080","route_text_color":"#000000"},"geometry":{"type":"LineString","coordinates":[[-84.615324,39.130061],[-84.615808,39.130233],[-84.614827,39.13058],[-84.614666,39.130547],[-84.614702,39.130025],[-84.610669,39.129884],[-84.610131,39.130123],[-84.609194,39.131187],[-84.606639,39.12956],[-84.606161,39.12911],[-84.60555,39.127624],[-84.601887,39.122506],[-84.60111,39.126154],[-84.599629,39.140283],[-84.604258,39.140508],[-84.602603,39.157106],[-84.594994,39.15666],[-84.59374,39.155557],[-84.591302,39.153973],[-84.590793,39.153407],[-84.589946,39.151729],[-84.587453,39.149393],[-84.586259,39.148845],[-84.581787,39.14818],[-84.576066,39.146176],[-84.573797,39.146146],[-84.570485,39.146479],[-84.563951,39.145164],[-84.561658,39.145059],[-84.557939,39.142895],[-84.556882,39.142578],[-84.554514,39.142275],[-84.552261,39.141207],[-84.551665,39.140646],[-84.551209,39.139543],[-84.54884,39.137823],[-84.548115,39.137603],[-84.537695,39.137014],[-84.536458,39.137185],[-84.535488,39.13756],[-84.532533,39.139778],[-84.5319,39.14004],[-84.53099,39.140088],[-84.52984,39.139722],[-84.528716,39.139632],[-84.525744,39.140065],[-84.524316,39.139366],[-84.522985,39.137732],[-84.520779,39.135547],[-84.52022,39.135341],[-84.517003,39.135109],[-84.514736,39.135744],[-84.510455,39.135399],[-84.502488,39.135284],[-84.490084,39.134579],[-84.487493,39.133877],[-84.487026,39.134393],[-84.485756,39.134935],[-84.482609,39.137501],[-84.481658,39.137898],[-84.482065,39.139116],[-84.482716,39.140301],[-84.482226,39.140667],[-84.482004,39.142002],[-84.481714,39.142374],[-84.480701,39.142983],[-84.48001,39.143126],[-84.475299,39.142794],[-84.475669,39.140177],[-84.475556,39.139907],[-84.475997,39.135629],[-84.46834,39.135126],[-84.468902,39.130152],[-84.466298,39.130651],[-84.463742,39.131856],[-84.460836,39.132288],[-84.459395,39.133116],[-84.45892,39.133523],[-84.456594,39.137136],[-84.450965,39.140564],[-84.443347,39.139708],[-84.44274,39.139519],[-84.441656,39.139516],[-84.426738,39.137955],[-84.425448,39.138283],[-84.424344,39.13928],[-84.424208,39.13958],[-84.42431,39.140034],[-84.425007,39.140716],[-84.424894,39.141261],[-84.424465,39.141428],[-84.422287,39.141303],[-84.421459,39.149627],[-84.421513,39.150201],[-84.421999,39.151396],[-84.422948,39.152934],[-84.42298,39.153885],[-84.422834,39.154787],[-84.421499,39.1566],[-84.420863,39.160747],[-84.423204,39.160701],[-84.423193,39.160846],[-84.423515,39.160863]]}},{"type":"Feature","properties":{"route_id":"37","shape_id":"370025","route_short_name":"37","route_long_name":"MLK / Westwood Northern","route_color":"#008080","route_text_color":"#000000"},"geometry":{"type":"LineString","coordinates":[[-84.615324,39.130061],[-84.615808,39.130233],[-84.614827,39.13058],[-84.614666,39.130547],[-84.614702,39.130025],[-84.610669,39.129884],[-84.610131,39.130123],[-84.609194,39.131187],[-84.606639,39.12956],[-84.606161,39.12911],[-84.60555,39.127624],[-84.601887,39.122506],[-84.60111,39.126154],[-84.599629,39.140283],[-84.604258,39.140508],[-84.602603,39.157106],[-84.594994,39.15666],[-84.59374,39.155557],[-84.591302,39.153973],[-84.590793,39.153407],[-84.589946,39.151729],[-84.587453,39.149393],[-84.586259,39.148845],[-84.581787,39.14818],[-84.576066,39.146176],[-84.573797,39.146146],[-84.570485,39.146479],[-84.563951,39.145164],[-84.561658,39.145059],[-84.557939,39.142895],[-84.556882,39.142578],[-84.554514,39.142275],[-84.552261,39.141207],[-84.551665,39.140646],[-84.551209,39.139543],[-84.548505,39.137664],[-84.537695,39.137014],[-84.536458,39.137185],[-84.535488,39.13756],[-84.532533,39.139778],[-84.5319,39.14004],[-84.53099,39.140088],[-84.52984,39.139722],[-84.528716,39.139632],[-84.525744,39.140065],[-84.524316,39.139366],[-84.522985,39.137732],[-84.520779,39.135547],[-84.52022,39.135341],[-84.517003,39.135109],[-84.514736,39.135744],[-84.510455,39.135399],[-84.502488,39.135284],[-84.490084,39.134579],[-84.487493,39.133877],[-84.487026,39.134393],[-84.485756,39.134935],[-84.482609,39.137501],[-84.481658,39.137898],[-84.480959,39.137835],[-84.477815,39.136592],[-84.477155,39.136669],[-84.475951,39.137473],[-84.471855,39.14186],[-84.4672,39.141392],[-84.465713,39.141659],[-84.464558,39.141624],[-84.461961,39.142243],[-84.457513,39.143969],[-84.456754,39.144107],[-84.45635,39.14402],[-84.455448,39.143444],[-84.455084,39.14282],[-84.454977,39.141997],[-84.455169,39.139681],[-84.454899,39.139053],[-84.45433,39.138473],[-84.450965,39.140564],[-84.443347,39.139708],[-84.44274,39.139519],[-84.441656,39.139516],[-84.426738,39.137955],[-84.425646,39.138165],[-84.424229,39.139493],[-84.42431,39.140034],[-84.425007,39.140716],[-84.424894,39.141261],[-84.424465,39.141428],[-84.422287,39.141303],[-84.421459,39.149627],[-84.421513,39.150201],[-84.421999,39.151396],[-84.422948,39.152934],[-84.42298,39.153885],[-84.422834,39.154787],[-84.421499,39.1566],[-84.420863,39.160747],[-84.423204,39.160701],[-84.423193,39.160846],[-84.423515,39.160863]]}},{"type":"Feature","properties":{"route_id":"37","shape_id":"370023","route_short_name":"37","route_long_name":"MLK / Westwood Northern","route_color":"#008080","route_text_color":"#000000"},"geometry":{"type":"LineString","coordinates":[[-84.477996,39.14299],[-84.471396,39.142519],[-84.471941,39.141931],[-84.471761,39.141789],[-84.467051,39.14139],[-84.465713,39.141659],[-84.464558,39.141624],[-84.462601,39.14206],[-84.457513,39.143969],[-84.456625,39.144098],[-84.455448,39.143444],[-84.455084,39.14282],[-84.454977,39.141997],[-84.455169,39.139681],[-84.454899,39.139053],[-84.45433,39.138473],[-84.450965,39.140564],[-84.443347,39.139708],[-84.44274,39.139519],[-84.441656,39.139516],[-84.426738,39.137955],[-84.425646,39.138165],[-84.424229,39.139493],[-84.42431,39.140034],[-84.425007,39.140716],[-84.424894,39.141261],[-84.424465,39.141428],[-84.422287,39.141303],[-84.421459,39.149627],[-84.421513,39.150201],[-84.421999,39.151396],[-84.422948,39.152934],[-84.42298,39.153885],[-84.422834,39.154787],[-84.421499,39.1566],[-84.420863,39.160747],[-84.423204,39.160701],[-84.423193,39.160846],[-84.423515,39.160863]]}},{"type":"Feature","properties":{"route_id":"37","shape_id":"370036","route_short_name":"37","route_long_name":"MLK / Westwood Northern","route_color":"#008080","route_text_color":"#000000"},"geometry":{"type":"LineString","coordinates":[[-84.423515,39.160863],[-84.42477,39.160822],[-84.425073,39.158172],[-84.423397,39.158063],[-84.422772,39.157626],[-84.421729,39.158235],[-84.421352,39.158109],[-84.421499,39.1566],[-84.422834,39.154787],[-84.422983,39.153803],[-84.422948,39.152934],[-84.421999,39.151396],[-84.421513,39.150201],[-84.421459,39.149627],[-84.422287,39.141303],[-84.424465,39.141428],[-84.424894,39.141261],[-84.425007,39.140716],[-84.42431,39.140034],[-84.424229,39.139493],[-84.425646,39.138165],[-84.426738,39.137955],[-84.450965,39.140564],[-84.453145,39.13926],[-84.454373,39.138755],[-84.454779,39.138903],[-84.455169,39.139681],[-84.454977,39.141997],[-84.455084,39.14282],[-84.455792,39.143852],[-84.456681,39.144397],[-84.461638,39.142349],[-84.464558,39.141624],[-84.465713,39.141659],[-84.4672,39.141392],[-84.47094,39.141737],[-84.471901,39.141981],[-84.475951,39.137473],[-84.477155,39.136669],[-84.477815,39.136592],[-84.480959,39.137835],[-84.48213,39.137871],[-84.482761,39.137572],[-84.485756,39.134935],[-84.487026,39.134393],[-84.487493,39.133877],[-84.490267,39.134596],[-84.497948,39.134933],[-84.505962,39.135561],[-84.507713,39.135453],[-84.514736,39.135744],[-84.517003,39.135109],[-84.52022,39.135341],[-84.520779,39.135547],[-84.522985,39.137732],[-84.524316,39.139366],[-84.525285,39.139936],[-84.526049,39.140142],[-84.528636,39.139672],[-84.530861,39.140114],[-84.5319,39.14004],[-84.532533,39.139778],[-84.535356,39.137701],[-84.536652,39.137201],[-84.537695,39.137014],[-84.548362,39.137645],[-84.550981,39.139435],[-84.551282,39.139793],[-84.551664,39.140784],[-84.552378,39.14135],[-84.554377,39.14231],[-84.557726,39.142881],[-84.561683,39.145142],[-84.563955,39.145234],[-84.570621,39.146569],[-84.573733,39.146213],[-84.57632,39.146284],[-84.582085,39.148323],[-84.586253,39.148916],[-84.587806,39.149756],[-84.589587,39.151445],[-84.590065,39.15209],[-84.590521,39.153174],[-84.59113,39.153966],[-84.593817,39.155743],[-84.594864,39.156655],[-84.602603,39.157106],[-84.604258,39.140508],[-84.599629,39.140283],[-84.60111,39.126154],[-84.60183,39.122759],[-84.60217,39.122744],[-84.605443,39.127464],[-84.606161,39.12911],[-84.606639,39.12956],[-84.609194,39.131187],[-84.610131,39.130123],[-84.610669,39.129884],[-84.615324,39.130061]]}},{"type":"Feature","properties":{"route_id":"37","shape_id":"370034","route_short_name":"37","route_long_name":"MLK / Westwood Northern","route_color":"#008080","route_text_color":"#000000"},"geometry":{"type":"LineString","coordinates":[[-84.423515,39.160863],[-84.42477,39.160822],[-84.425073,39.158172],[-84.423397,39.158063],[-84.422772,39.157626],[-84.421729,39.158235],[-84.421352,39.158109],[-84.421499,39.1566],[-84.422834,39.154787],[-84.422983,39.153803],[-84.422948,39.152934],[-84.421999,39.151396],[-84.421513,39.150201],[-84.421459,39.149627],[-84.422287,39.141303],[-84.424465,39.141428],[-84.424894,39.141261],[-84.425007,39.140716],[-84.42431,39.140034],[-84.424229,39.139493],[-84.425646,39.138165],[-84.426738,39.137955],[-84.450965,39.140564],[-84.453145,39.13926],[-84.454373,39.138755],[-84.454779,39.138903],[-84.455169,39.139681],[-84.454977,39.141997],[-84.455084,39.14282],[-84.455792,39.143852],[-84.456681,39.144397],[-84.461638,39.142349],[-84.464558,39.141624],[-84.465713,39.141659],[-84.4672,39.141392],[-84.47094,39.141737],[-84.471901,39.141981],[-84.475951,39.137473],[-84.477155,39.136669],[-84.477815,39.136592],[-84.480959,39.137835],[-84.48213,39.137871],[-84.482761,39.137572],[-84.485756,39.134935],[-84.487026,39.134393],[-84.487493,39.133877],[-84.490267,39.134596],[-84.497948,39.134933],[-84.505962,39.135561],[-84.507713,39.135453],[-84.514736,39.135744],[-84.517003,39.135109],[-84.52022,39.135341],[-84.520779,39.135547],[-84.522985,39.137732],[-84.524316,39.139366],[-84.525285,39.139936],[-84.526049,39.140142],[-84.528636,39.139672],[-84.530861,39.140114],[-84.5319,39.14004],[-84.532533,39.139778],[-84.535356,39.137701],[-84.536652,39.137201],[-84.537695,39.137014],[-84.548362,39.137645],[-84.550981,39.139435],[-84.551282,39.139793],[-84.551664,39.140784],[-84.552378,39.14135],[-84.554377,39.14231],[-84.557726,39.142881],[-84.561683,39.145142],[-84.563955,39.145234],[-84.570621,39.146569],[-84.573733,39.146213],[-84.57632,39.146284],[-84.582085,39.148323],[-84.586253,39.148916],[-84.587806,39.149756],[-84.589587,39.151445],[-84.590065,39.15209],[-84.590521,39.153174],[-84.59113,39.153966],[-84.593817,39.155743],[-84.594864,39.156655],[-84.602603,39.157106],[-84.604258,39.140508],[-84.599629,39.140283],[-84.60111,39.126154],[-84.60183,39.122759],[-84.60217,39.122744],[-84.605443,39.127464],[-84.606161,39.12911],[-84.606639,39.12956],[-84.609194,39.131187],[-84.610131,39.130123],[-84.610669,39.129884],[-84.615324,39.130061]]}},{"type":"Feature","properties":{"route_id":"37","shape_id":"370028","route_short_name":"37","route_long_name":"MLK / Westwood Northern","route_color":"#008080","route_text_color":"#000000"},"geometry":{"type":"LineString","coordinates":[[-84.615324,39.130061],[-84.615808,39.130233],[-84.614827,39.13058],[-84.614666,39.130547],[-84.614702,39.130025],[-84.610669,39.129884],[-84.610131,39.130123],[-84.609194,39.131187],[-84.606639,39.12956],[-84.606161,39.12911],[-84.60555,39.127624],[-84.601887,39.122506],[-84.60111,39.126154],[-84.599629,39.140283],[-84.604258,39.140508],[-84.602603,39.157106],[-84.594994,39.15666],[-84.59374,39.155557],[-84.591302,39.153973],[-84.590793,39.153407],[-84.589946,39.151729],[-84.587453,39.149393],[-84.586259,39.148845],[-84.581787,39.14818],[-84.576066,39.146176],[-84.573797,39.146146],[-84.570485,39.146479],[-84.563951,39.145164],[-84.561658,39.145059],[-84.557939,39.142895],[-84.556882,39.142578],[-84.554514,39.142275],[-84.552261,39.141207],[-84.551665,39.140646],[-84.551209,39.139543],[-84.548505,39.137664],[-84.537695,39.137014],[-84.536458,39.137185],[-84.535488,39.13756],[-84.532533,39.139778],[-84.5319,39.14004],[-84.53099,39.140088],[-84.52984,39.139722],[-84.528716,39.139632],[-84.525744,39.140065],[-84.524316,39.139366],[-84.522985,39.137732],[-84.520779,39.135547],[-84.52022,39.135341],[-84.517003,39.135109],[-84.514736,39.135744],[-84.510455,39.135399],[-84.502488,39.135284],[-84.490084,39.134579],[-84.487493,39.133877],[-84.487026,39.134393],[-84.485756,39.134935],[-84.482609,39.137501],[-84.481658,39.137898],[-84.482065,39.139116],[-84.482716,39.140301],[-84.482226,39.140667],[-84.482035,39.141894],[-84.48181,39.142293],[-84.480856,39.142912],[-84.48001,39.143126],[-84.471396,39.142519],[-84.471941,39.141931],[-84.471761,39.141789],[-84.467051,39.14139],[-84.465713,39.141659],[-84.464558,39.141624],[-84.462601,39.14206],[-84.457513,39.143969],[-84.456625,39.144098],[-84.455448,39.143444],[-84.455084,39.14282],[-84.454977,39.141997],[-84.455169,39.139681],[-84.454899,39.139053],[-84.45433,39.138473],[-84.450965,39.140564],[-84.443347,39.139708],[-84.44274,39.139519],[-84.441656,39.139516],[-84.426738,39.137955],[-84.425646,39.138165],[-84.424229,39.139493],[-84.42431,39.140034],[-84.425007,39.140716],[-84.424894,39.141261],[-84.424465,39.141428],[-84.422287,39.141303],[-84.421459,39.149627],[-84.421513,39.150201],[-84.421999,39.151396],[-84.422948,39.152934],[-84.42298,39.153885],[-84.422834,39.154787],[-84.421499,39.1566],[-84.420863,39.160747],[-84.423204,39.160701],[-84.423193,39.160846],[-84.423515,39.160863]]}},{"type":"Feature","properties":{"route_id":"37","shape_id":"370035","route_short_name":"37","route_long_name":"MLK / Westwood Northern","route_color":"#008080","route_text_color":"#000000"},"geometry":{"type":"LineString","coordinates":[[-84.470466,39.135266],[-84.472287,39.135385],[-84.472064,39.137386],[-84.47579,39.137638],[-84.477155,39.136669],[-84.477602,39.136558],[-84.480959,39.137835],[-84.48186,39.137921],[-84.482761,39.137572],[-84.485756,39.134935],[-84.487026,39.134393],[-84.487493,39.133877],[-84.490267,39.134596],[-84.497948,39.134933],[-84.505962,39.135561],[-84.507713,39.135453],[-84.514736,39.135744],[-84.517003,39.135109],[-84.520189,39.135337],[-84.520779,39.135547],[-84.522985,39.137732],[-84.524316,39.139366],[-84.525285,39.139936],[-84.526049,39.140142],[-84.528636,39.139672],[-84.530861,39.140114],[-84.5319,39.14004],[-84.532533,39.139778],[-84.535356,39.137701],[-84.536652,39.137201],[-84.537695,39.137014],[-84.548115,39.137603],[-84.548749,39.137877],[-84.550981,39.139435],[-84.551282,39.139793],[-84.551664,39.140784],[-84.552378,39.14135],[-84.554377,39.14231],[-84.557726,39.142881],[-84.561683,39.145142],[-84.563955,39.145234],[-84.570621,39.146569],[-84.573733,39.146213],[-84.57632,39.146284],[-84.582085,39.148323],[-84.586253,39.148916],[-84.587806,39.149756],[-84.589587,39.151445],[-84.590065,39.15209],[-84.590521,39.153174],[-84.59113,39.153966],[-84.593817,39.155743],[-84.594864,39.156655],[-84.602603,39.157106],[-84.604258,39.140508],[-84.599629,39.140283],[-84.60111,39.126154],[-84.60183,39.122759],[-84.60217,39.122744],[-84.605443,39.127464],[-84.606161,39.12911],[-84.606639,39.12956],[-84.609194,39.131187],[-84.610131,39.130123],[-84.610669,39.129884],[-84.615324,39.130061]]}},{"type":"Feature","properties":{"route_id":"37","shape_id":"370014","route_short_name":"37","route_long_name":"MLK / Westwood Northern","route_color":"#008080","route_text_color":"#000000"},"geometry":{"type":"LineString","coordinates":[[-84.453997,39.138683],[-84.450965,39.140564],[-84.443347,39.139708],[-84.44274,39.139519],[-84.441656,39.139516],[-84.426738,39.137955],[-84.425448,39.138283],[-84.424344,39.13928],[-84.424208,39.13958],[-84.42431,39.140034],[-84.425007,39.140716],[-84.424894,39.141261],[-84.424465,39.141428],[-84.422287,39.141303],[-84.421459,39.149627],[-84.421513,39.150201],[-84.421999,39.151396],[-84.422948,39.152934],[-84.42298,39.153885],[-84.422834,39.154787],[-84.421499,39.1566],[-84.420863,39.160747],[-84.423204,39.160701],[-84.423193,39.160846],[-84.423515,39.160863]]}},{"type":"Feature","properties":{"route_id":"38","shape_id":"380014","route_short_name":"38","route_long_name":"Uptown Commuter","route_color":"#C2D231","route_text_color":"#000000"},"geometry":{"type":"LineString","coordinates":[[-84.615329,39.130471],[-84.614666,39.130547],[-84.614702,39.130025],[-84.610669,39.129884],[-84.610131,39.130123],[-84.609194,39.131187],[-84.606639,39.12956],[-84.606161,39.12911],[-84.605382,39.128859],[-84.603509,39.148345],[-84.602997,39.153247],[-84.602827,39.15333],[-84.602611,39.153291],[-84.598264,39.14856],[-84.591706,39.149032],[-84.588814,39.150697],[-84.587453,39.149393],[-84.586493,39.148915],[-84.581787,39.14818],[-84.576363,39.146224],[-84.573797,39.146146],[-84.570485,39.146479],[-84.563951,39.145164],[-84.561783,39.145099],[-84.557939,39.142895],[-84.556882,39.142578],[-84.554514,39.142275],[-84.552261,39.141207],[-84.551665,39.140646],[-84.551209,39.139543],[-84.54884,39.137823],[-84.548115,39.137603],[-84.537695,39.137014],[-84.536458,39.137185],[-84.535488,39.13756],[-84.532533,39.139778],[-84.531766,39.140071],[-84.53099,39.140088],[-84.52984,39.139722],[-84.528873,39.139632],[-84.525744,39.140065],[-84.524446,39.139467],[-84.523298,39.140288],[-84.520586,39.14101],[-84.519443,39.141055],[-84.520037,39.135327],[-84.517003,39.135109],[-84.514736,39.135744],[-84.50942,39.13539],[-84.509104,39.136198],[-84.509514,39.138234],[-84.509297,39.14219],[-84.508237,39.142374],[-84.504046,39.142107],[-84.502354,39.142885],[-84.500181,39.142874],[-84.50102,39.1352],[-84.505962,39.135561],[-84.510537,39.135524],[-84.510616,39.135406],[-84.510985,39.134141],[-84.510884,39.134012],[-84.511462,39.129326],[-84.511407,39.129214],[-84.508263,39.129013],[-84.508037,39.128787],[-84.508621,39.128222],[-84.508743,39.127829],[-84.508384,39.127116],[-84.508454,39.121929],[-84.508726,39.118887]]}},{"type":"Feature","properties":{"route_id":"38","shape_id":"380013","route_short_name":"38","route_long_name":"Uptown Commuter","route_color":"#C2D231","route_text_color":"#000000"},"geometry":{"type":"LineString","coordinates":[[-84.508512,39.118638],[-84.508745,39.118652],[-84.508454,39.121929],[-84.508384,39.127116],[-84.508743,39.127829],[-84.508621,39.128222],[-84.507971,39.129],[-84.511407,39.129214],[-84.510884,39.134012],[-84.51048,39.134654],[-84.50942,39.13539],[-84.50912,39.136056],[-84.509514,39.138234],[-84.509297,39.14219],[-84.508237,39.142374],[-84.504046,39.142107],[-84.502354,39.142885],[-84.500181,39.142874],[-84.50102,39.1352],[-84.505962,39.135561],[-84.507713,39.135453],[-84.514736,39.135744],[-84.517003,39.135109],[-84.519636,39.135299],[-84.520009,39.135584],[-84.519437,39.141117],[-84.519592,39.141126],[-84.520496,39.141101],[-84.523259,39.140386],[-84.524446,39.139467],[-84.525886,39.140131],[-84.528636,39.139672],[-84.530861,39.140114],[-84.531766,39.140071],[-84.532533,39.139778],[-84.535356,39.137701],[-84.536652,39.137201],[-84.537695,39.137014],[-84.548115,39.137603],[-84.548749,39.137877],[-84.550981,39.139435],[-84.551282,39.139793],[-84.551664,39.140784],[-84.552378,39.14135],[-84.554377,39.14231],[-84.557726,39.142881],[-84.561348,39.145003],[-84.562001,39.145225],[-84.563955,39.145234],[-84.570621,39.146569],[-84.573733,39.146213],[-84.57632,39.146284],[-84.58164,39.148204],[-84.586663,39.149051],[-84.587806,39.149756],[-84.588814,39.150697],[-84.591706,39.149032],[-84.598264,39.14856],[-84.602952,39.153636],[-84.605382,39.128859],[-84.606161,39.12911],[-84.606639,39.12956],[-84.609194,39.131187],[-84.610131,39.130123],[-84.610669,39.129884],[-84.615273,39.130053],[-84.615808,39.130233],[-84.615329,39.130471]]}},{"type":"Feature","properties":{"route_id":"4","shape_id":"40030","route_short_name":"4","route_long_name":"Montgomery Road","route_color":"#F68923","route_text_color":"#000000"},"geometry":{"type":"LineString","coordinates":[[-84.398937,39.233787],[-84.399157,39.233662],[-84.399097,39.233535],[-84.398016,39.233741],[-84.396591,39.233455],[-84.396672,39.232148],[-84.396438,39.231506],[-84.395982,39.231161],[-84.394822,39.23085],[-84.394553,39.228289],[-84.393916,39.22505],[-84.392003,39.217964],[-84.391729,39.215846],[-84.392094,39.215263],[-84.39326,39.214779],[-84.396021,39.213054],[-84.397272,39.2117],[-84.398855,39.210484],[-84.399077,39.208454],[-84.414203,39.20948],[-84.413789,39.214618],[-84.414074,39.215376],[-84.415127,39.216591],[-84.416883,39.215823],[-84.421573,39.215965],[-84.422864,39.215237],[-84.423195,39.214611],[-84.426557,39.214785],[-84.4276,39.204306],[-84.427847,39.203862],[-84.429313,39.202372],[-84.430999,39.200148],[-84.431323,39.195746],[-84.448988,39.196812],[-84.449436,39.190935],[-84.445824,39.190692],[-84.446681,39.181923],[-84.437253,39.181304],[-84.43668,39.181083],[-84.434474,39.179526],[-84.438455,39.177407],[-84.443306,39.174408],[-84.444041,39.173792],[-84.444759,39.172573],[-84.446883,39.170713],[-84.451344,39.169337],[-84.452504,39.168488],[-84.452908,39.167897],[-84.454394,39.164048],[-84.456296,39.160409],[-84.457476,39.158535],[-84.459643,39.155604],[-84.462533,39.152105],[-84.475951,39.137473],[-84.477155,39.136669],[-84.477602,39.136558],[-84.480959,39.137835],[-84.48226,39.137834],[-84.482863,39.137488],[-84.485756,39.134935],[-84.487241,39.134223],[-84.487792,39.133253],[-84.488961,39.128359],[-84.491977,39.123116],[-84.498659,39.115752],[-84.500068,39.113022],[-84.502341,39.113304],[-84.504575,39.110004],[-84.508683,39.10814],[-84.509681,39.107933],[-84.507827,39.100672],[-84.509458,39.100432],[-84.510023,39.102656]]}},{"type":"Feature","properties":{"route_id":"4","shape_id":"40005","route_short_name":"4","route_long_name":"Montgomery Road","route_color":"#F68923","route_text_color":"#000000"},"geometry":{"type":"LineString","coordinates":[[-84.381361,39.198598],[-84.394059,39.194192],[-84.401189,39.193282],[-84.414484,39.188396],[-84.420634,39.185786],[-84.427138,39.182219],[-84.43006,39.181461],[-84.431851,39.180815],[-84.435573,39.17898],[-84.438455,39.177407],[-84.443306,39.174408],[-84.444041,39.173792],[-84.444759,39.172573],[-84.446883,39.170713],[-84.451008,39.16946],[-84.452099,39.168837],[-84.452841,39.168051],[-84.454394,39.164048],[-84.456296,39.160409],[-84.457476,39.158535],[-84.459643,39.155604],[-84.462533,39.152105],[-84.475951,39.137473],[-84.477155,39.136669],[-84.477602,39.136558],[-84.480959,39.137835],[-84.48226,39.137834],[-84.482863,39.137488],[-84.485756,39.134935],[-84.487026,39.134393],[-84.487337,39.134116],[-84.487809,39.133194],[-84.488961,39.128359],[-84.491977,39.123116],[-84.498659,39.115752],[-84.500068,39.113022],[-84.502341,39.113304],[-84.504575,39.110004],[-84.508683,39.10814],[-84.509681,39.107933],[-84.507827,39.100672],[-84.509458,39.100432],[-84.510023,39.102656]]}},{"type":"Feature","properties":{"route_id":"4","shape_id":"40016","route_short_name":"4","route_long_name":"Montgomery Road","route_color":"#F68923","route_text_color":"#000000"},"geometry":{"type":"LineString","coordinates":[[-84.510023,39.102656],[-84.511252,39.107566],[-84.508659,39.108037],[-84.504615,39.109833],[-84.502341,39.113304],[-84.501508,39.113119],[-84.499963,39.113122],[-84.498541,39.115714],[-84.491961,39.12297],[-84.491524,39.123668],[-84.488961,39.128359],[-84.487792,39.133253],[-84.487105,39.13434],[-84.485756,39.134935],[-84.482609,39.137501],[-84.481658,39.137898],[-84.480959,39.137835],[-84.477602,39.136558],[-84.477155,39.136669],[-84.47579,39.137638],[-84.462533,39.152105],[-84.459643,39.155604],[-84.457476,39.158535],[-84.456296,39.160409],[-84.454394,39.164048],[-84.452841,39.168051],[-84.452099,39.168837],[-84.451008,39.16946],[-84.446798,39.170766],[-84.444759,39.172573],[-84.444134,39.17367],[-84.443519,39.174251],[-84.437467,39.177976],[-84.432135,39.180702],[-84.43006,39.181461],[-84.427138,39.182219],[-84.420326,39.185919],[-84.414148,39.188529],[-84.401189,39.193282],[-84.393888,39.19424],[-84.374651,39.20098],[-84.372659,39.20175],[-84.370161,39.20323],[-84.367586,39.205234],[-84.379475,39.20671],[-84.399077,39.208454],[-84.398855,39.210484],[-84.397272,39.2117],[-84.396021,39.213054],[-84.39326,39.214779],[-84.391585,39.215386],[-84.392142,39.21864],[-84.394146,39.226215],[-84.394822,39.23085],[-84.395982,39.231161],[-84.396438,39.231506],[-84.396672,39.232148],[-84.396579,39.233582],[-84.398076,39.233848],[-84.398937,39.233787]]}},{"type":"Feature","properties":{"route_id":"4","shape_id":"40004","route_short_name":"4","route_long_name":"Montgomery Road","route_color":"#F68923","route_text_color":"#000000"},"geometry":{"type":"LineString","coordinates":[[-84.398937,39.233787],[-84.399157,39.233662],[-84.399097,39.233535],[-84.398016,39.233741],[-84.396591,39.233455],[-84.396672,39.232148],[-84.396438,39.231506],[-84.395982,39.231161],[-84.394822,39.23085],[-84.394442,39.227599],[-84.394305,39.227453],[-84.393634,39.223889],[-84.393232,39.22286],[-84.392142,39.21864],[-84.391729,39.215846],[-84.39226,39.215141],[-84.39326,39.214779],[-84.396021,39.213054],[-84.397272,39.2117],[-84.398855,39.210484],[-84.399077,39.208454],[-84.379475,39.20671],[-84.367586,39.205234],[-84.370161,39.20323],[-84.372531,39.201878],[-84.374651,39.20098],[-84.393888,39.19424],[-84.401189,39.193282],[-84.414148,39.188529],[-84.420326,39.185919],[-84.427138,39.182219],[-84.43006,39.181461],[-84.432135,39.180702],[-84.437467,39.177976],[-84.443519,39.174251],[-84.444134,39.17367],[-84.444759,39.172573],[-84.446798,39.170766],[-84.451008,39.16946],[-84.452099,39.168837],[-84.452841,39.168051],[-84.454394,39.164048],[-84.456296,39.160409],[-84.457476,39.158535],[-84.459643,39.155604],[-84.462533,39.152105],[-84.475951,39.137473],[-84.477155,39.136669],[-84.477602,39.136558],[-84.480959,39.137835],[-84.48226,39.137834],[-84.482863,39.137488],[-84.485756,39.134935],[-84.487026,39.134393],[-84.487337,39.134116],[-84.487809,39.133194],[-84.488961,39.128359],[-84.491977,39.123116],[-84.498659,39.115752],[-84.500068,39.113022],[-84.502341,39.113304],[-84.504575,39.110004],[-84.508683,39.10814],[-84.509681,39.107933],[-84.507827,39.100672],[-84.509458,39.100432],[-84.510023,39.102656]]}},{"type":"Feature","properties":{"route_id":"4","shape_id":"40029","route_short_name":"4","route_long_name":"Montgomery Road","route_color":"#F68923","route_text_color":"#000000"},"geometry":{"type":"LineString","coordinates":[[-84.398937,39.233787],[-84.399157,39.233662],[-84.399097,39.233535],[-84.398016,39.233741],[-84.396591,39.233455],[-84.396672,39.232148],[-84.396438,39.231506],[-84.395982,39.231161],[-84.394822,39.23085],[-84.394442,39.227599],[-84.394305,39.227453],[-84.393634,39.223889],[-84.393232,39.22286],[-84.392142,39.21864],[-84.391729,39.215846],[-84.39226,39.215141],[-84.39326,39.214779],[-84.396021,39.213054],[-84.397272,39.2117],[-84.398855,39.210484],[-84.399077,39.208454],[-84.379475,39.20671],[-84.367586,39.205234],[-84.370161,39.20323],[-84.372531,39.201878],[-84.374651,39.20098],[-84.393888,39.19424],[-84.401189,39.193282],[-84.414148,39.188529],[-84.420326,39.185919],[-84.427138,39.182219],[-84.43006,39.181461],[-84.432135,39.180702],[-84.437467,39.177976],[-84.443519,39.174251],[-84.444134,39.17367],[-84.444759,39.172573],[-84.446798,39.170766],[-84.451008,39.16946],[-84.452099,39.168837],[-84.452841,39.168051],[-84.454394,39.164048],[-84.455757,39.161402],[-84.458167,39.157558],[-84.462121,39.152564],[-84.471941,39.141931],[-84.471689,39.141771],[-84.4672,39.141392],[-84.466548,39.141503],[-84.467038,39.137055],[-84.468121,39.137134],[-84.46834,39.135126],[-84.472287,39.135385],[-84.472064,39.137386],[-84.47579,39.137638],[-84.477155,39.136669],[-84.477602,39.136558],[-84.480959,39.137835],[-84.48186,39.137921],[-84.482761,39.137572],[-84.485756,39.134935],[-84.487105,39.13434],[-84.487792,39.133253],[-84.488961,39.128359],[-84.491977,39.123116],[-84.498659,39.115752],[-84.500068,39.113022],[-84.502341,39.113304],[-84.504575,39.110004],[-84.508683,39.10814],[-84.509681,39.107933],[-84.507827,39.100672],[-84.509458,39.100432],[-84.510023,39.102656]]}},{"type":"Feature","properties":{"route_id":"4","shape_id":"40017","route_short_name":"4","route_long_name":"Montgomery Road","route_color":"#F68923","route_text_color":"#000000"},"geometry":{"type":"LineString","coordinates":[[-84.510023,39.102656],[-84.511252,39.107566],[-84.508659,39.108037],[-84.504615,39.109833],[-84.502341,39.113304],[-84.501508,39.113119],[-84.499963,39.113122],[-84.498541,39.115714],[-84.491961,39.12297],[-84.491524,39.123668],[-84.488961,39.128359],[-84.487809,39.133194],[-84.487337,39.134116],[-84.487026,39.134393],[-84.485756,39.134935],[-84.482609,39.137501],[-84.481658,39.137898],[-84.482065,39.139116],[-84.482716,39.140301],[-84.482226,39.140667],[-84.481891,39.142203],[-84.480856,39.142912],[-84.480189,39.143113],[-84.475299,39.142794],[-84.475661,39.140092],[-84.473773,39.139789],[-84.462121,39.152564],[-84.458167,39.157558],[-84.455757,39.161402],[-84.454394,39.164048],[-84.452841,39.168051],[-84.452099,39.168837],[-84.451008,39.16946],[-84.446798,39.170766],[-84.444759,39.172573],[-84.444134,39.17367],[-84.443519,39.174251],[-84.437467,39.177976],[-84.432135,39.180702],[-84.43006,39.181461],[-84.427138,39.182219],[-84.420326,39.185919],[-84.414148,39.188529],[-84.401189,39.193282],[-84.393888,39.19424],[-84.374651,39.20098],[-84.372659,39.20175],[-84.370161,39.20323],[-84.367586,39.205234],[-84.379475,39.20671],[-84.399077,39.208454],[-84.398855,39.210484],[-84.397272,39.2117],[-84.396021,39.213054],[-84.39326,39.214779],[-84.391585,39.215386],[-84.392142,39.21864],[-84.394146,39.226215],[-84.394822,39.23085],[-84.395982,39.231161],[-84.396438,39.231506],[-84.396672,39.232148],[-84.396579,39.233582],[-84.398076,39.233848],[-84.398937,39.233787]]}},{"type":"Feature","properties":{"route_id":"4","shape_id":"40031","route_short_name":"4","route_long_name":"Montgomery Road","route_color":"#F68923","route_text_color":"#000000"},"geometry":{"type":"LineString","coordinates":[[-84.510023,39.102656],[-84.511252,39.107566],[-84.508659,39.108037],[-84.504615,39.109833],[-84.502341,39.113304],[-84.501508,39.113119],[-84.499963,39.113122],[-84.498541,39.115714],[-84.491961,39.12297],[-84.491524,39.123668],[-84.488961,39.128359],[-84.487809,39.133194],[-84.487337,39.134116],[-84.487026,39.134393],[-84.485756,39.134935],[-84.482609,39.137501],[-84.481658,39.137898],[-84.482065,39.139116],[-84.482716,39.140301],[-84.482226,39.140667],[-84.482035,39.141894],[-84.48181,39.142293],[-84.480856,39.142912],[-84.480189,39.143113],[-84.475299,39.142794],[-84.475661,39.140092],[-84.473773,39.139789],[-84.462121,39.152564],[-84.458167,39.157558],[-84.455757,39.161402],[-84.454394,39.164048],[-84.452908,39.167897],[-84.452504,39.168488],[-84.451344,39.169337],[-84.446883,39.170713],[-84.444759,39.172573],[-84.444041,39.173792],[-84.443306,39.174408],[-84.438455,39.177407],[-84.434474,39.179526],[-84.43668,39.181083],[-84.437253,39.181304],[-84.446681,39.181923],[-84.445824,39.190692],[-84.449436,39.190935],[-84.448988,39.196812],[-84.431323,39.195746],[-84.430999,39.200148],[-84.429313,39.202372],[-84.427847,39.203862],[-84.4276,39.204306],[-84.426557,39.214785],[-84.423195,39.214611],[-84.422864,39.215237],[-84.421573,39.215965],[-84.416883,39.215823],[-84.415127,39.216591],[-84.414074,39.215376],[-84.413789,39.214618],[-84.414203,39.20948],[-84.399077,39.208454],[-84.398855,39.210484],[-84.397272,39.2117],[-84.396362,39.212776],[-84.39326,39.214779],[-84.391639,39.215278],[-84.392142,39.21864],[-84.394146,39.226215],[-84.394822,39.23085],[-84.395982,39.231161],[-84.396438,39.231506],[-84.396672,39.232148],[-84.396579,39.233582],[-84.398076,39.233848],[-84.398937,39.233787]]}},{"type":"Feature","properties":{"route_id":"4","shape_id":"40028","route_short_name":"4","route_long_name":"Montgomery Road","route_color":"#F68923","route_text_color":"#000000"},"geometry":{"type":"LineString","coordinates":[[-84.398937,39.233787],[-84.399157,39.233662],[-84.399097,39.233535],[-84.398016,39.233741],[-84.396591,39.233455],[-84.396672,39.232148],[-84.396438,39.231506],[-84.395982,39.231161],[-84.394822,39.23085],[-84.394442,39.227599],[-84.394305,39.227453],[-84.393634,39.223889],[-84.393232,39.22286],[-84.392142,39.21864],[-84.391729,39.215846],[-84.39226,39.215141],[-84.39326,39.214779],[-84.396021,39.213054],[-84.397272,39.2117],[-84.398855,39.210484],[-84.399077,39.208454],[-84.379475,39.20671],[-84.367586,39.205234],[-84.370161,39.20323],[-84.372531,39.201878],[-84.374651,39.20098],[-84.393888,39.19424],[-84.401189,39.193282],[-84.414148,39.188529],[-84.420326,39.185919],[-84.427138,39.182219],[-84.43006,39.181461],[-84.432135,39.180702],[-84.437467,39.177976],[-84.443519,39.174251],[-84.444134,39.17367],[-84.444759,39.172573],[-84.446798,39.170766],[-84.451008,39.16946],[-84.452099,39.168837],[-84.452841,39.168051],[-84.454394,39.164048],[-84.456296,39.160409],[-84.457476,39.158535],[-84.459643,39.155604],[-84.462533,39.152105],[-84.475951,39.137473],[-84.477155,39.136669],[-84.477602,39.136558],[-84.480959,39.137835],[-84.48226,39.137834],[-84.482863,39.137488],[-84.485756,39.134935],[-84.487026,39.134393],[-84.487337,39.134116],[-84.487809,39.133194],[-84.488961,39.128359],[-84.491977,39.123116],[-84.498659,39.115752],[-84.500068,39.113022],[-84.502341,39.113304],[-84.504575,39.110004],[-84.508683,39.10814],[-84.509681,39.107933],[-84.507827,39.100672],[-84.509458,39.100432],[-84.510023,39.102656]]}},{"type":"Feature","properties":{"route_id":"4","shape_id":"40026","route_short_name":"4","route_long_name":"Montgomery Road","route_color":"#F68923","route_text_color":"#000000"},"geometry":{"type":"LineString","coordinates":[[-84.381361,39.198598],[-84.394059,39.194192],[-84.401189,39.193282],[-84.414484,39.188396],[-84.420634,39.185786],[-84.427138,39.182219],[-84.43006,39.181461],[-84.431851,39.180815],[-84.435573,39.17898],[-84.438455,39.177407],[-84.443306,39.174408],[-84.444041,39.173792],[-84.444759,39.172573],[-84.446883,39.170713],[-84.451008,39.16946],[-84.452099,39.168837],[-84.452841,39.168051],[-84.454394,39.164048],[-84.456296,39.160409],[-84.457476,39.158535],[-84.459643,39.155604],[-84.462533,39.152105],[-84.475951,39.137473],[-84.477155,39.136669],[-84.477602,39.136558],[-84.480959,39.137835],[-84.48226,39.137834],[-84.482863,39.137488],[-84.485756,39.134935],[-84.487026,39.134393],[-84.487337,39.134116],[-84.487809,39.133194],[-84.488961,39.128359],[-84.491977,39.123116],[-84.498659,39.115752],[-84.500068,39.113022],[-84.502341,39.113304],[-84.504575,39.110004],[-84.508683,39.10814],[-84.509681,39.107933],[-84.507827,39.100672],[-84.509458,39.100432],[-84.510023,39.102656]]}},{"type":"Feature","properties":{"route_id":"4","shape_id":"40018","route_short_name":"4","route_long_name":"Montgomery Road","route_color":"#F68923","route_text_color":"#000000"},"geometry":{"type":"LineString","coordinates":[[-84.510023,39.102656],[-84.511252,39.107566],[-84.508659,39.108037],[-84.504615,39.109833],[-84.502341,39.113304],[-84.501508,39.113119],[-84.499963,39.113122],[-84.498541,39.115714],[-84.491961,39.12297],[-84.491524,39.123668],[-84.488961,39.128359],[-84.487809,39.133194],[-84.487337,39.134116],[-84.487026,39.134393],[-84.485756,39.134935],[-84.482609,39.137501],[-84.481658,39.137898],[-84.482065,39.139116],[-84.482716,39.140301],[-84.482226,39.140667],[-84.482004,39.142002],[-84.481714,39.142374],[-84.480701,39.142983],[-84.48001,39.143126],[-84.475299,39.142794],[-84.475669,39.140177],[-84.475556,39.139907],[-84.475997,39.135629],[-84.46834,39.135126],[-84.468121,39.137134],[-84.467038,39.137055],[-84.466548,39.141503],[-84.4672,39.141392],[-84.47094,39.141737],[-84.47145,39.141806],[-84.471588,39.142118],[-84.462121,39.152564],[-84.458167,39.157558],[-84.455757,39.161402],[-84.454394,39.164048],[-84.452841,39.168051],[-84.452099,39.168837],[-84.451008,39.16946],[-84.446798,39.170766],[-84.444759,39.172573],[-84.444134,39.17367],[-84.443519,39.174251],[-84.437467,39.177976],[-84.432135,39.180702],[-84.43006,39.181461],[-84.427138,39.182219],[-84.420326,39.185919],[-84.414148,39.188529],[-84.401189,39.193282],[-84.393888,39.19424],[-84.374651,39.20098],[-84.372659,39.20175],[-84.370161,39.20323],[-84.367586,39.205234],[-84.379475,39.20671],[-84.399077,39.208454],[-84.398855,39.210484],[-84.397272,39.2117],[-84.396021,39.213054],[-84.39326,39.214779],[-84.391585,39.215386],[-84.392142,39.21864],[-84.394146,39.226215],[-84.394822,39.23085],[-84.395982,39.231161],[-84.396438,39.231506],[-84.396672,39.232148],[-84.396579,39.233582],[-84.398076,39.233848],[-84.398937,39.233787]]}},{"type":"Feature","properties":{"route_id":"4","shape_id":"40025","route_short_name":"4","route_long_name":"Montgomery Road","route_color":"#F68923","route_text_color":"#000000"},"geometry":{"type":"LineString","coordinates":[[-84.398937,39.233787],[-84.399157,39.233662],[-84.399097,39.233535],[-84.398016,39.233741],[-84.396591,39.233455],[-84.396672,39.232148],[-84.396438,39.231506],[-84.395982,39.231161],[-84.394822,39.23085],[-84.394442,39.227599],[-84.394305,39.227453],[-84.393634,39.223889],[-84.393232,39.22286],[-84.392142,39.21864],[-84.391729,39.215846],[-84.39226,39.215141],[-84.39326,39.214779],[-84.396021,39.213054],[-84.397272,39.2117],[-84.398855,39.210484],[-84.399077,39.208454],[-84.379475,39.20671],[-84.367586,39.205234],[-84.370161,39.20323],[-84.372531,39.201878],[-84.374651,39.20098],[-84.393888,39.19424],[-84.401189,39.193282],[-84.414148,39.188529],[-84.420326,39.185919],[-84.427138,39.182219],[-84.43006,39.181461],[-84.432135,39.180702],[-84.437467,39.177976],[-84.443519,39.174251],[-84.444134,39.17367],[-84.444759,39.172573],[-84.446798,39.170766],[-84.451008,39.16946],[-84.452099,39.168837],[-84.452841,39.168051],[-84.454394,39.164048],[-84.456296,39.160409],[-84.457476,39.158535],[-84.459643,39.155604],[-84.462533,39.152105],[-84.475951,39.137473],[-84.477155,39.136669],[-84.477602,39.136558],[-84.480959,39.137835],[-84.48226,39.137834],[-84.482863,39.137488],[-84.485756,39.134935],[-84.487026,39.134393],[-84.487337,39.134116],[-84.487809,39.133194],[-84.488961,39.128359],[-84.491977,39.123116],[-84.498659,39.115752],[-84.500068,39.113022],[-84.502341,39.113304],[-84.504575,39.110004],[-84.508683,39.10814],[-84.509681,39.107933],[-84.507827,39.100672],[-84.509458,39.100432],[-84.510023,39.102656]]}},{"type":"Feature","properties":{"route_id":"40","shape_id":"400014","route_short_name":"40","route_long_name":"Montana Commuter","route_color":"#C2D231","route_text_color":"#000000"},"geometry":{"type":"LineString","coordinates":[[-84.520099,39.102713],[-84.515236,39.103449],[-84.514608,39.100957],[-84.511233,39.101301],[-84.506466,39.102151],[-84.507504,39.106365],[-84.520437,39.104415],[-84.521979,39.104015],[-84.526611,39.103309],[-84.531589,39.103597],[-84.532696,39.10374],[-84.532989,39.104021],[-84.532864,39.104706],[-84.532501,39.105374],[-84.531219,39.106544],[-84.530932,39.107067],[-84.531353,39.10902],[-84.531259,39.112809],[-84.531465,39.113642],[-84.531951,39.114564],[-84.534818,39.118513],[-84.535289,39.119665],[-84.535437,39.120898],[-84.535214,39.123096],[-84.53444,39.126446],[-84.532536,39.131342],[-84.53238,39.132484],[-84.532453,39.133781],[-84.533821,39.137573],[-84.534994,39.142245],[-84.535413,39.143294],[-84.536202,39.144544],[-84.537847,39.146605],[-84.538924,39.149115],[-84.540689,39.15128],[-84.541702,39.153358],[-84.542741,39.154403],[-84.548732,39.157883],[-84.551736,39.160466],[-84.552878,39.161198],[-84.555212,39.16199],[-84.557475,39.162049],[-84.558615,39.161849],[-84.559956,39.161367],[-84.564416,39.158855],[-84.566019,39.158454],[-84.56722,39.158392],[-84.568285,39.1562],[-84.56867,39.155782],[-84.569294,39.155467],[-84.570522,39.155524],[-84.574205,39.157145],[-84.574807,39.157099],[-84.576201,39.15662],[-84.578122,39.156331],[-84.578774,39.156106],[-84.580326,39.155176],[-84.582834,39.154839],[-84.586196,39.151617],[-84.588814,39.150697],[-84.591367,39.149137],[-84.598264,39.14856],[-84.604337,39.155112],[-84.609189,39.155894],[-84.617273,39.157762],[-84.619815,39.159701],[-84.621203,39.160517],[-84.620565,39.165808],[-84.608524,39.165107],[-84.606949,39.164821],[-84.603593,39.163729],[-84.602135,39.162882]]}},{"type":"Feature","properties":{"route_id":"40","shape_id":"400010","route_short_name":"40","route_long_name":"Montana Commuter","route_color":"#C2D231","route_text_color":"#000000"},"geometry":{"type":"LineString","coordinates":[[-84.601485,39.162267],[-84.602237,39.16311],[-84.603233,39.163703],[-84.607902,39.165094],[-84.620556,39.165906],[-84.621203,39.160517],[-84.619815,39.159701],[-84.617273,39.157762],[-84.609189,39.155894],[-84.604337,39.155112],[-84.598264,39.14856],[-84.591367,39.149137],[-84.588814,39.150697],[-84.586196,39.151617],[-84.582834,39.154839],[-84.580326,39.155176],[-84.578774,39.156106],[-84.578122,39.156331],[-84.576201,39.15662],[-84.574807,39.157099],[-84.574205,39.157145],[-84.570522,39.155524],[-84.569294,39.155467],[-84.56867,39.155782],[-84.56796,39.156805],[-84.567458,39.157092],[-84.56405,39.158278],[-84.559043,39.161334],[-84.557041,39.16185],[-84.555178,39.161823],[-84.553891,39.161511],[-84.552972,39.161105],[-84.552045,39.160546],[-84.548775,39.15777],[-84.543093,39.154436],[-84.542291,39.153688],[-84.541762,39.152878],[-84.53992,39.148449],[-84.539359,39.147427],[-84.537032,39.144968],[-84.53585,39.143228],[-84.535216,39.141723],[-84.534084,39.137497],[-84.532812,39.133967],[-84.532707,39.132651],[-84.5329,39.13119],[-84.535009,39.126492],[-84.535377,39.125113],[-84.535693,39.120631],[-84.53529,39.118993],[-84.534567,39.117781],[-84.5325,39.115004],[-84.531637,39.113409],[-84.531454,39.111858],[-84.531697,39.108174],[-84.53156,39.107535],[-84.531002,39.106436],[-84.530367,39.105643],[-84.529457,39.104977],[-84.527216,39.103838],[-84.525251,39.102547],[-84.524658,39.102372],[-84.52269,39.102361],[-84.515236,39.103449],[-84.514608,39.100957],[-84.511233,39.101301],[-84.506466,39.102151],[-84.507504,39.106365],[-84.520965,39.104285]]}},{"type":"Feature","properties":{"route_id":"41","shape_id":"410031","route_short_name":"41","route_long_name":"North Bend Road","route_color":"#2A75B0","route_text_color":"#000000"},"geometry":{"type":"LineString","coordinates":[[-84.615324,39.130061],[-84.615808,39.130233],[-84.615329,39.130471],[-84.614666,39.130547],[-84.614841,39.128348],[-84.616939,39.126338],[-84.622158,39.126726],[-84.621497,39.133015],[-84.621529,39.134087],[-84.620493,39.135743],[-84.620069,39.136014],[-84.618574,39.136368],[-84.614296,39.136908],[-84.613907,39.137151],[-84.612781,39.149331],[-84.599921,39.148479],[-84.599729,39.150192],[-84.602952,39.153636],[-84.601971,39.162877],[-84.602992,39.16359],[-84.60558,39.164394],[-84.605834,39.164713],[-84.6057,39.165569],[-84.605296,39.166441],[-84.603196,39.169394],[-84.601877,39.170436],[-84.601731,39.17094],[-84.602131,39.174078],[-84.604415,39.181183],[-84.604225,39.183354],[-84.602576,39.187447],[-84.600505,39.18929],[-84.599323,39.190785],[-84.595097,39.19066],[-84.589537,39.189927],[-84.574829,39.188979],[-84.573635,39.189059],[-84.570521,39.191157],[-84.568736,39.19187],[-84.566947,39.193256],[-84.566674,39.193727],[-84.565771,39.197659],[-84.564444,39.199249],[-84.563468,39.200746],[-84.562856,39.200678],[-84.559777,39.199273],[-84.555237,39.198654],[-84.554471,39.198426],[-84.553972,39.19793],[-84.552783,39.195892],[-84.551815,39.194801],[-84.550088,39.19343],[-84.548279,39.192395],[-84.546515,39.190735],[-84.546195,39.190661],[-84.545716,39.193772],[-84.545953,39.197076],[-84.547561,39.200586],[-84.547678,39.203027],[-84.517415,39.201151],[-84.513689,39.203828],[-84.511299,39.204788],[-84.508008,39.207593],[-84.507251,39.207697],[-84.502824,39.207362],[-84.501971,39.20719],[-84.501751,39.206334],[-84.500772,39.205585],[-84.49848,39.204674],[-84.498835,39.200321],[-84.494648,39.196684],[-84.494007,39.195373],[-84.491515,39.195191],[-84.48914,39.195759],[-84.484679,39.195892],[-84.481447,39.195581],[-84.476139,39.192205],[-84.475308,39.191844],[-84.471837,39.190992],[-84.466567,39.190746],[-84.465567,39.190516],[-84.463367,39.189321],[-84.457345,39.184153],[-84.456807,39.183498],[-84.456433,39.182288],[-84.455075,39.18246],[-84.452925,39.182333],[-84.452016,39.191103],[-84.440586,39.190359],[-84.439006,39.187909],[-84.434502,39.186892],[-84.430655,39.184318],[-84.42944,39.182991],[-84.428908,39.181743],[-84.428586,39.181362],[-84.427294,39.180811],[-84.427643,39.1791],[-84.427426,39.176859],[-84.426833,39.174133],[-84.427017,39.172389],[-84.426903,39.171942],[-84.425221,39.169999],[-84.422416,39.170496],[-84.419965,39.17046],[-84.420391,39.165709],[-84.405451,39.164508],[-84.402476,39.16353],[-84.40364,39.161417],[-84.412822,39.161951],[-84.418498,39.15975],[-84.418835,39.160629],[-84.421164,39.160769],[-84.423204,39.160701],[-84.423193,39.160846],[-84.423515,39.160863]]}},{"type":"Feature","properties":{"route_id":"41","shape_id":"410036","route_short_name":"41","route_long_name":"North Bend Road","route_color":"#2A75B0","route_text_color":"#000000"},"geometry":{"type":"LineString","coordinates":[[-84.615324,39.130061],[-84.615808,39.130233],[-84.615329,39.130471],[-84.614666,39.130547],[-84.614841,39.128348],[-84.616939,39.126338],[-84.622158,39.126726],[-84.621497,39.133015],[-84.621529,39.134087],[-84.620493,39.135743],[-84.620069,39.136014],[-84.618574,39.136368],[-84.614296,39.136908],[-84.613907,39.137151],[-84.612781,39.149331],[-84.599921,39.148479],[-84.599729,39.150192],[-84.602952,39.153636],[-84.601971,39.162877],[-84.602992,39.16359],[-84.60558,39.164394],[-84.605834,39.164713],[-84.6057,39.165569],[-84.605296,39.166441],[-84.603196,39.169394],[-84.601877,39.170436],[-84.601731,39.17094],[-84.602131,39.174078],[-84.603894,39.179442],[-84.602988,39.179678],[-84.602216,39.180339],[-84.601658,39.180534],[-84.599395,39.18031],[-84.598997,39.18014],[-84.598677,39.180328],[-84.598873,39.180527],[-84.599714,39.180408],[-84.601695,39.180639],[-84.602428,39.180343],[-84.602988,39.179794],[-84.603936,39.179571],[-84.604415,39.181183],[-84.604273,39.183115],[-84.602576,39.187447],[-84.600505,39.18929],[-84.599323,39.190785],[-84.595097,39.19066],[-84.589537,39.189927],[-84.574829,39.188979],[-84.573635,39.189059],[-84.570521,39.191157],[-84.568736,39.19187],[-84.566947,39.193256],[-84.566674,39.193727],[-84.565706,39.197795],[-84.564319,39.19942],[-84.562306,39.202765],[-84.561672,39.203276],[-84.560781,39.203636],[-84.550374,39.203191],[-84.511207,39.200702],[-84.510482,39.200362],[-84.509038,39.198582],[-84.506808,39.196841],[-84.505978,39.194672],[-84.50524,39.193806],[-84.504037,39.193115],[-84.501668,39.192629],[-84.500774,39.192124],[-84.500441,39.191693],[-84.499979,39.190487],[-84.49785,39.188056],[-84.493566,39.191703],[-84.490866,39.193294],[-84.490058,39.194318],[-84.490012,39.194903],[-84.490214,39.195498],[-84.48914,39.195759],[-84.484679,39.195892],[-84.481447,39.195581],[-84.476139,39.192205],[-84.475308,39.191844],[-84.47152,39.190951],[-84.466315,39.190713],[-84.464187,39.189864],[-84.461611,39.187885],[-84.457183,39.184004],[-84.456733,39.183341],[-84.456433,39.182288],[-84.455075,39.18246],[-84.452925,39.182333],[-84.452016,39.191103],[-84.440586,39.190359],[-84.439006,39.187909],[-84.434502,39.186892],[-84.430655,39.184318],[-84.42944,39.182991],[-84.428908,39.181743],[-84.428586,39.181362],[-84.427294,39.180811],[-84.427643,39.1791],[-84.427426,39.176859],[-84.426817,39.173973],[-84.426974,39.172099],[-84.424491,39.169186],[-84.42395,39.168202],[-84.423158,39.166439],[-84.423153,39.164546],[-84.423006,39.164114],[-84.422496,39.163674],[-84.42109,39.163101],[-84.420734,39.162425],[-84.420863,39.160747],[-84.423204,39.160701],[-84.423193,39.160846],[-84.423515,39.160863]]}},{"type":"Feature","properties":{"route_id":"41","shape_id":"410035","route_short_name":"41","route_long_name":"North Bend Road","route_color":"#2A75B0","route_text_color":"#000000"},"geometry":{"type":"LineString","coordinates":[[-84.538421,39.202459],[-84.547678,39.203027],[-84.547561,39.200586],[-84.545972,39.197203],[-84.545716,39.193772],[-84.545959,39.192228],[-84.5477,39.191875],[-84.548499,39.19254],[-84.550088,39.19343],[-84.551815,39.194801],[-84.552783,39.195892],[-84.553972,39.19793],[-84.554471,39.198426],[-84.555237,39.198654],[-84.559982,39.199328],[-84.562763,39.200623],[-84.563223,39.201201],[-84.564319,39.19942],[-84.565771,39.197659],[-84.566674,39.193727],[-84.566947,39.193256],[-84.568736,39.19187],[-84.570521,39.191157],[-84.57377,39.189016],[-84.589537,39.189927],[-84.595097,39.19066],[-84.599323,39.190785],[-84.600505,39.18929],[-84.602576,39.187447],[-84.604225,39.183354],[-84.604402,39.181951],[-84.604373,39.180479],[-84.602131,39.174078],[-84.60171,39.171126],[-84.601877,39.170436],[-84.603196,39.169394],[-84.605296,39.166441],[-84.605976,39.164511],[-84.603018,39.163496],[-84.601992,39.162725],[-84.602952,39.153636],[-84.598464,39.148792],[-84.598618,39.14857],[-84.600301,39.148455],[-84.612781,39.149331],[-84.613907,39.137151],[-84.614296,39.136908],[-84.618574,39.136368],[-84.620069,39.136014],[-84.620493,39.135743],[-84.621529,39.134087],[-84.621497,39.133015],[-84.622158,39.126726],[-84.616939,39.126338],[-84.614841,39.128348],[-84.614702,39.130025],[-84.615324,39.130061]]}},{"type":"Feature","properties":{"route_id":"41","shape_id":"410032","route_short_name":"41","route_long_name":"North Bend Road","route_color":"#2A75B0","route_text_color":"#000000"},"geometry":{"type":"LineString","coordinates":[[-84.423515,39.160863],[-84.42477,39.160822],[-84.425073,39.158172],[-84.423397,39.158063],[-84.422772,39.157626],[-84.420416,39.159009],[-84.412822,39.161951],[-84.403554,39.161304],[-84.402344,39.16348],[-84.405451,39.164508],[-84.420391,39.165709],[-84.419965,39.17046],[-84.422416,39.170496],[-84.425221,39.169999],[-84.426903,39.171942],[-84.427017,39.172389],[-84.426833,39.174133],[-84.427454,39.17703],[-84.427643,39.1791],[-84.427294,39.180811],[-84.428586,39.181362],[-84.428908,39.181743],[-84.42944,39.182991],[-84.430655,39.184318],[-84.434502,39.186892],[-84.439006,39.187909],[-84.440586,39.190359],[-84.452016,39.191103],[-84.452925,39.182333],[-84.455075,39.18246],[-84.456433,39.182288],[-84.456807,39.183498],[-84.457345,39.184153],[-84.45874,39.185245],[-84.462835,39.189076],[-84.463877,39.189798],[-84.465567,39.190516],[-84.466567,39.190746],[-84.471837,39.190992],[-84.475308,39.191844],[-84.476139,39.192205],[-84.481447,39.195581],[-84.484679,39.195892],[-84.48914,39.195759],[-84.491515,39.195191],[-84.494007,39.195373],[-84.494648,39.196684],[-84.498835,39.200321],[-84.49848,39.204674],[-84.500772,39.205585],[-84.501751,39.206334],[-84.501971,39.20719],[-84.502824,39.207362],[-84.507251,39.207697],[-84.508008,39.207593],[-84.511299,39.204788],[-84.513689,39.203828],[-84.517415,39.201151],[-84.547678,39.203027],[-84.547561,39.200586],[-84.545972,39.197203],[-84.545716,39.193772],[-84.545959,39.192228],[-84.5477,39.191875],[-84.548499,39.19254],[-84.550088,39.19343],[-84.551815,39.194801],[-84.552783,39.195892],[-84.553972,39.19793],[-84.554471,39.198426],[-84.555237,39.198654],[-84.559982,39.199328],[-84.562763,39.200623],[-84.563223,39.201201],[-84.564319,39.19942],[-84.565771,39.197659],[-84.566674,39.193727],[-84.566947,39.193256],[-84.568736,39.19187],[-84.570521,39.191157],[-84.573635,39.189059],[-84.574829,39.188979],[-84.589537,39.189927],[-84.595097,39.19066],[-84.599323,39.190785],[-84.600505,39.18929],[-84.602576,39.187447],[-84.604225,39.183354],[-84.604431,39.180888],[-84.604094,39.179543],[-84.602131,39.174078],[-84.601731,39.17094],[-84.601877,39.170436],[-84.603196,39.169394],[-84.605296,39.166441],[-84.605976,39.164511],[-84.603018,39.163496],[-84.601992,39.162725],[-84.602952,39.153636],[-84.598464,39.148792],[-84.598618,39.14857],[-84.600301,39.148455],[-84.612781,39.149331],[-84.613907,39.137151],[-84.614296,39.136908],[-84.618574,39.136368],[-84.620069,39.136014],[-84.620493,39.135743],[-84.621529,39.134087],[-84.621497,39.133015],[-84.622158,39.126726],[-84.616939,39.126338],[-84.614841,39.128348],[-84.614702,39.130025],[-84.615324,39.130061]]}},{"type":"Feature","properties":{"route_id":"41","shape_id":"410034","route_short_name":"41","route_long_name":"North Bend Road","route_color":"#2A75B0","route_text_color":"#000000"},"geometry":{"type":"LineString","coordinates":[[-84.547656,39.201974],[-84.54751,39.200422],[-84.545972,39.197203],[-84.545716,39.193772],[-84.545959,39.192228],[-84.5477,39.191875],[-84.548499,39.19254],[-84.550088,39.19343],[-84.552394,39.195421],[-84.553972,39.19793],[-84.554471,39.198426],[-84.555237,39.198654],[-84.559982,39.199328],[-84.562763,39.200623],[-84.563223,39.201201],[-84.564319,39.19942],[-84.565771,39.197659],[-84.566674,39.193727],[-84.566947,39.193256],[-84.568736,39.19187],[-84.570521,39.191157],[-84.573635,39.189059],[-84.574829,39.188979],[-84.589537,39.189927],[-84.595097,39.19066],[-84.599323,39.190785],[-84.600505,39.18929],[-84.602166,39.187936],[-84.602777,39.187065],[-84.604142,39.183616],[-84.604431,39.180888],[-84.604094,39.179543],[-84.602131,39.174078],[-84.601731,39.17094],[-84.601877,39.170436],[-84.603196,39.169394],[-84.605296,39.166441],[-84.605976,39.164511],[-84.603018,39.163496],[-84.601992,39.162725],[-84.602952,39.153636],[-84.598464,39.148792],[-84.598618,39.14857],[-84.600301,39.148455],[-84.612781,39.149331],[-84.613907,39.137151],[-84.614296,39.136908],[-84.618574,39.136368],[-84.620069,39.136014],[-84.620493,39.135743],[-84.621529,39.134087],[-84.621497,39.133015],[-84.622158,39.126726],[-84.616939,39.126338],[-84.614841,39.128348],[-84.614702,39.130025],[-84.615324,39.130061]]}},{"type":"Feature","properties":{"route_id":"41","shape_id":"410037","route_short_name":"41","route_long_name":"North Bend Road","route_color":"#2A75B0","route_text_color":"#000000"},"geometry":{"type":"LineString","coordinates":[[-84.423515,39.160863],[-84.42477,39.160822],[-84.424616,39.162778],[-84.420765,39.162536],[-84.420792,39.162705],[-84.421219,39.163196],[-84.422496,39.163674],[-84.423006,39.164114],[-84.423153,39.164546],[-84.423158,39.166439],[-84.42395,39.168202],[-84.424491,39.169186],[-84.426974,39.172099],[-84.426817,39.173973],[-84.427454,39.17703],[-84.427643,39.1791],[-84.427294,39.180811],[-84.428586,39.181362],[-84.428908,39.181743],[-84.42944,39.182991],[-84.430655,39.184318],[-84.434502,39.186892],[-84.439006,39.187909],[-84.440586,39.190359],[-84.452016,39.191103],[-84.452925,39.182333],[-84.455075,39.18246],[-84.456433,39.182288],[-84.456733,39.183341],[-84.457183,39.184004],[-84.45874,39.185245],[-84.462699,39.188961],[-84.463877,39.189798],[-84.466315,39.190713],[-84.47152,39.190951],[-84.475308,39.191844],[-84.476139,39.192205],[-84.481447,39.195581],[-84.484679,39.195892],[-84.48914,39.195759],[-84.490214,39.195498],[-84.490012,39.194903],[-84.490058,39.194318],[-84.490866,39.193294],[-84.493566,39.191703],[-84.49785,39.188056],[-84.499979,39.190487],[-84.500441,39.191693],[-84.500774,39.192124],[-84.501668,39.192629],[-84.504037,39.193115],[-84.50524,39.193806],[-84.505978,39.194672],[-84.506808,39.196841],[-84.509038,39.198582],[-84.510482,39.200362],[-84.511207,39.200702],[-84.550374,39.203191],[-84.560781,39.203636],[-84.561672,39.203276],[-84.562306,39.202765],[-84.564319,39.19942],[-84.565706,39.197795],[-84.566674,39.193727],[-84.566947,39.193256],[-84.568736,39.19187],[-84.570521,39.191157],[-84.573635,39.189059],[-84.574829,39.188979],[-84.589537,39.189927],[-84.595097,39.19066],[-84.599323,39.190785],[-84.600505,39.18929],[-84.602576,39.187447],[-84.604273,39.183115],[-84.604431,39.180888],[-84.604044,39.179409],[-84.602988,39.179678],[-84.602216,39.180339],[-84.601658,39.180534],[-84.599395,39.18031],[-84.598997,39.18014],[-84.598677,39.180328],[-84.598873,39.180527],[-84.599714,39.180408],[-84.601695,39.180639],[-84.602428,39.180343],[-84.602988,39.179794],[-84.604094,39.179543],[-84.602131,39.174078],[-84.601731,39.17094],[-84.601877,39.170436],[-84.603196,39.169394],[-84.605296,39.166441],[-84.605976,39.164511],[-84.603018,39.163496],[-84.601992,39.162725],[-84.602952,39.153636],[-84.598464,39.148792],[-84.598618,39.14857],[-84.600301,39.148455],[-84.612781,39.149331],[-84.613907,39.137151],[-84.614296,39.136908],[-84.618574,39.136368],[-84.620069,39.136014],[-84.620493,39.135743],[-84.621529,39.134087],[-84.621497,39.133015],[-84.622158,39.126726],[-84.616939,39.126338],[-84.614841,39.128348],[-84.614702,39.130025],[-84.615324,39.130061]]}},{"type":"Feature","properties":{"route_id":"43","shape_id":"430015","route_short_name":"43","route_long_name":"Reading Road","route_color":"#F68923","route_text_color":"#000000"},"geometry":{"type":"LineString","coordinates":[[-84.430157,39.250751],[-84.428971,39.252756],[-84.428194,39.253055],[-84.426692,39.252852],[-84.426558,39.252187],[-84.426965,39.251165],[-84.426835,39.250529],[-84.425541,39.250674],[-84.424637,39.250463],[-84.427416,39.244098],[-84.431295,39.237667],[-84.437047,39.229464],[-84.447461,39.212086],[-84.448681,39.209645],[-84.455313,39.202972],[-84.461223,39.192689],[-84.463716,39.189075],[-84.464591,39.187409],[-84.464991,39.186157],[-84.464998,39.184355],[-84.464058,39.184232],[-84.460665,39.182318],[-84.459062,39.181959],[-84.459161,39.180813],[-84.458575,39.179723],[-84.459205,39.173816],[-84.467354,39.17397],[-84.466806,39.175978],[-84.477796,39.176156],[-84.479322,39.161656],[-84.4806,39.159016],[-84.480785,39.15815],[-84.480732,39.157575],[-84.479891,39.156393],[-84.487657,39.14985],[-84.492947,39.141135],[-84.493863,39.139818],[-84.495793,39.137773],[-84.496367,39.136966],[-84.496881,39.135492],[-84.496991,39.133441],[-84.498559,39.129314],[-84.499343,39.128533],[-84.500995,39.127531],[-84.50184,39.12662],[-84.501937,39.12539],[-84.501322,39.12387],[-84.501232,39.122312],[-84.500125,39.119775],[-84.500612,39.117439],[-84.501392,39.114816],[-84.504311,39.110255],[-84.505465,39.109529],[-84.508823,39.10809],[-84.512904,39.107489],[-84.511391,39.10149],[-84.510247,39.101665]]}},{"type":"Feature","properties":{"route_id":"43","shape_id":"430009","route_short_name":"43","route_long_name":"Reading Road","route_color":"#F68923","route_text_color":"#000000"},"geometry":{"type":"LineString","coordinates":[[-84.510247,39.101665],[-84.509787,39.101735],[-84.511252,39.107566],[-84.508659,39.108037],[-84.504615,39.109833],[-84.502341,39.113304],[-84.500584,39.114447],[-84.500034,39.116785],[-84.500244,39.119037],[-84.500123,39.119858],[-84.501232,39.122312],[-84.501322,39.12387],[-84.501937,39.12539],[-84.50184,39.12662],[-84.500995,39.127531],[-84.499343,39.128533],[-84.498559,39.129314],[-84.496991,39.133441],[-84.496881,39.135492],[-84.496367,39.136966],[-84.495793,39.137773],[-84.493863,39.139818],[-84.493015,39.141034],[-84.487657,39.14985],[-84.479891,39.156393],[-84.480732,39.157575],[-84.480785,39.15815],[-84.4806,39.159016],[-84.479322,39.161656],[-84.477796,39.176156],[-84.466806,39.175978],[-84.467874,39.172095],[-84.4594,39.171924],[-84.458575,39.179723],[-84.459174,39.180928],[-84.458915,39.183616],[-84.45784,39.184534],[-84.461611,39.187885],[-84.462835,39.189076],[-84.463135,39.189609],[-84.461969,39.19128],[-84.455313,39.202972],[-84.448681,39.209645],[-84.447461,39.212086],[-84.437178,39.229142],[-84.431295,39.237667],[-84.427143,39.244489],[-84.424637,39.250463],[-84.425541,39.250674],[-84.426835,39.250529],[-84.42681,39.249852],[-84.427803,39.248474],[-84.430209,39.248206],[-84.430559,39.248294],[-84.43087,39.249611],[-84.431353,39.249695],[-84.43108,39.250164],[-84.430157,39.250751]]}},{"type":"Feature","properties":{"route_id":"43","shape_id":"430013","route_short_name":"43","route_long_name":"Reading Road","route_color":"#F68923","route_text_color":"#000000"},"geometry":{"type":"LineString","coordinates":[[-84.510247,39.101665],[-84.509787,39.101735],[-84.511252,39.107566],[-84.508659,39.108037],[-84.504615,39.109833],[-84.502341,39.113304],[-84.500584,39.114447],[-84.500034,39.116785],[-84.500244,39.119037],[-84.500123,39.119858],[-84.501232,39.122312],[-84.501322,39.12387],[-84.501937,39.12539],[-84.50184,39.12662],[-84.500995,39.127531],[-84.499343,39.128533],[-84.498559,39.129314],[-84.496991,39.133441],[-84.496855,39.135635],[-84.496284,39.137107],[-84.493863,39.139818],[-84.493015,39.141034],[-84.487558,39.149961],[-84.479891,39.156393],[-84.478558,39.156935],[-84.475981,39.157525],[-84.474996,39.158088],[-84.474273,39.158896],[-84.473968,39.159653],[-84.473942,39.161071],[-84.473673,39.161899],[-84.471102,39.165204],[-84.470019,39.168414],[-84.469337,39.169475],[-84.468603,39.170212],[-84.467874,39.172095],[-84.465092,39.182061],[-84.464892,39.186536],[-84.463707,39.18879],[-84.461454,39.192164],[-84.455744,39.202268],[-84.456675,39.202402]]}},{"type":"Feature","properties":{"route_id":"43","shape_id":"430007","route_short_name":"43","route_long_name":"Reading Road","route_color":"#F68923","route_text_color":"#000000"},"geometry":{"type":"LineString","coordinates":[[-84.430157,39.250751],[-84.428971,39.252756],[-84.428194,39.253055],[-84.426692,39.252852],[-84.426558,39.252187],[-84.426965,39.251165],[-84.426835,39.250529],[-84.425541,39.250674],[-84.424637,39.250463],[-84.427416,39.244098],[-84.431295,39.237667],[-84.437047,39.229464],[-84.447461,39.212086],[-84.448681,39.209645],[-84.455313,39.202972],[-84.461223,39.192689],[-84.463477,39.189404],[-84.45784,39.184534],[-84.458915,39.183616],[-84.459174,39.180928],[-84.458575,39.179723],[-84.459205,39.173816],[-84.467354,39.17397],[-84.466806,39.175978],[-84.477796,39.176156],[-84.479322,39.161656],[-84.4806,39.159016],[-84.480785,39.15815],[-84.480732,39.157575],[-84.479891,39.156393],[-84.487657,39.14985],[-84.492947,39.141135],[-84.493863,39.139818],[-84.495793,39.137773],[-84.496367,39.136966],[-84.496881,39.135492],[-84.496991,39.133441],[-84.498559,39.129314],[-84.499343,39.128533],[-84.500995,39.127531],[-84.50184,39.12662],[-84.501937,39.12539],[-84.501322,39.12387],[-84.501232,39.122312],[-84.500125,39.119775],[-84.500612,39.117439],[-84.501392,39.114816],[-84.504311,39.110255],[-84.505465,39.109529],[-84.508823,39.10809],[-84.512904,39.107489],[-84.511391,39.10149],[-84.510247,39.101665]]}},{"type":"Feature","properties":{"route_id":"43","shape_id":"430010","route_short_name":"43","route_long_name":"Reading Road","route_color":"#F68923","route_text_color":"#000000"},"geometry":{"type":"LineString","coordinates":[[-84.510247,39.101665],[-84.509787,39.101735],[-84.511252,39.107566],[-84.508659,39.108037],[-84.504615,39.109833],[-84.502341,39.113304],[-84.500584,39.114447],[-84.500034,39.116785],[-84.500244,39.119037],[-84.500123,39.119858],[-84.501232,39.122312],[-84.501322,39.12387],[-84.501937,39.12539],[-84.50184,39.12662],[-84.500995,39.127531],[-84.499343,39.128533],[-84.498559,39.129314],[-84.496991,39.133441],[-84.496881,39.135492],[-84.496367,39.136966],[-84.495793,39.137773],[-84.493863,39.139818],[-84.493015,39.141034],[-84.487558,39.149961],[-84.479891,39.156393],[-84.478558,39.156935],[-84.475981,39.157525],[-84.474996,39.158088],[-84.474273,39.158896],[-84.473968,39.159653],[-84.473942,39.161071],[-84.473673,39.161899],[-84.471102,39.165204],[-84.470019,39.168414],[-84.469337,39.169475],[-84.468603,39.170212],[-84.467874,39.172095],[-84.465092,39.182061],[-84.464991,39.186157],[-84.464553,39.18727],[-84.463367,39.189321],[-84.461969,39.19128],[-84.455313,39.202972],[-84.448681,39.209645],[-84.447461,39.212086],[-84.437178,39.229142],[-84.431295,39.237667],[-84.427143,39.244489],[-84.424637,39.250463],[-84.425541,39.250674],[-84.426835,39.250529],[-84.426965,39.251165],[-84.426558,39.252187],[-84.426786,39.25345],[-84.426454,39.254353],[-84.422532,39.254097],[-84.413466,39.266932],[-84.413032,39.268157],[-84.411917,39.268931],[-84.411372,39.274088],[-84.409106,39.277728],[-84.403367,39.281831],[-84.397012,39.286781],[-84.395773,39.288348],[-84.394796,39.290019],[-84.393069,39.293996],[-84.39189,39.296202],[-84.390341,39.295975],[-84.390571,39.295715]]}},{"type":"Feature","properties":{"route_id":"43","shape_id":"430006","route_short_name":"43","route_long_name":"Reading Road","route_color":"#F68923","route_text_color":"#000000"},"geometry":{"type":"LineString","coordinates":[[-84.456377,39.202416],[-84.455744,39.202268],[-84.461223,39.192689],[-84.463716,39.189075],[-84.464591,39.187409],[-84.465007,39.185992],[-84.465092,39.182061],[-84.467874,39.172095],[-84.468548,39.170443],[-84.469338,39.169618],[-84.470019,39.168414],[-84.471102,39.165204],[-84.473673,39.161899],[-84.473942,39.161071],[-84.473968,39.159653],[-84.474273,39.158896],[-84.474996,39.158088],[-84.475981,39.157525],[-84.478558,39.156935],[-84.479891,39.156393],[-84.487657,39.14985],[-84.492947,39.141135],[-84.493863,39.139818],[-84.495793,39.137773],[-84.496367,39.136966],[-84.496881,39.135492],[-84.496991,39.133441],[-84.498559,39.129314],[-84.499343,39.128533],[-84.500995,39.127531],[-84.50184,39.12662],[-84.501937,39.12539],[-84.501322,39.12387],[-84.501232,39.122312],[-84.500123,39.119858],[-84.500612,39.117439],[-84.50146,39.114696],[-84.504311,39.110255],[-84.504741,39.10989],[-84.508823,39.10809],[-84.512904,39.107489],[-84.511391,39.10149],[-84.510247,39.101665]]}},{"type":"Feature","properties":{"route_id":"43","shape_id":"430008","route_short_name":"43","route_long_name":"Reading Road","route_color":"#F68923","route_text_color":"#000000"},"geometry":{"type":"LineString","coordinates":[[-84.390571,39.295715],[-84.391019,39.294961],[-84.392306,39.295457],[-84.395217,39.289277],[-84.397012,39.286781],[-84.403367,39.281831],[-84.409106,39.277728],[-84.411372,39.274088],[-84.411469,39.273151],[-84.412771,39.27179],[-84.413152,39.267812],[-84.413466,39.266932],[-84.422725,39.254108],[-84.426454,39.254353],[-84.426786,39.25345],[-84.426558,39.252187],[-84.426965,39.251165],[-84.426835,39.250529],[-84.425541,39.250674],[-84.424637,39.250463],[-84.427666,39.243643],[-84.431295,39.237667],[-84.437047,39.229464],[-84.447461,39.212086],[-84.448681,39.209645],[-84.455313,39.202972],[-84.461223,39.192689],[-84.464119,39.188382],[-84.464991,39.186157],[-84.465092,39.182061],[-84.467874,39.172095],[-84.468548,39.170443],[-84.469338,39.169618],[-84.470019,39.168414],[-84.471102,39.165204],[-84.473673,39.161899],[-84.473942,39.161071],[-84.473968,39.159653],[-84.474273,39.158896],[-84.474996,39.158088],[-84.475981,39.157525],[-84.478558,39.156935],[-84.479891,39.156393],[-84.487657,39.14985],[-84.492947,39.141135],[-84.493863,39.139818],[-84.495793,39.137773],[-84.496367,39.136966],[-84.496881,39.135492],[-84.496991,39.133441],[-84.498559,39.129314],[-84.499343,39.128533],[-84.500995,39.127531],[-84.50184,39.12662],[-84.501937,39.12539],[-84.501322,39.12387],[-84.501232,39.122312],[-84.500123,39.119858],[-84.500612,39.117439],[-84.50146,39.114696],[-84.504311,39.110255],[-84.504741,39.10989],[-84.508823,39.10809],[-84.512904,39.107489],[-84.511391,39.10149],[-84.510247,39.101665]]}},{"type":"Feature","properties":{"route_id":"46","shape_id":"460006","route_short_name":"46","route_long_name":"Avondale","route_color":"#2A75B0","route_text_color":"#000000"},"geometry":{"type":"LineString","coordinates":[[-84.510247,39.101665],[-84.509787,39.101735],[-84.510833,39.105869],[-84.514041,39.105379],[-84.517515,39.119464],[-84.517344,39.119826],[-84.516051,39.120711],[-84.515046,39.121972],[-84.514162,39.1246],[-84.511666,39.127326],[-84.503412,39.126782],[-84.502488,39.135284],[-84.50102,39.1352],[-84.500181,39.142874],[-84.502354,39.142885],[-84.504046,39.142107],[-84.505757,39.14223],[-84.505321,39.146565],[-84.492682,39.145668],[-84.49214,39.145471],[-84.491463,39.144675],[-84.490921,39.144428],[-84.487657,39.14985],[-84.483185,39.153641],[-84.485133,39.154784],[-84.485133,39.15652],[-84.486767,39.15839],[-84.489905,39.160232],[-84.5014,39.161015],[-84.504155,39.16036],[-84.504603,39.160378],[-84.506553,39.161194],[-84.50909,39.163284],[-84.512142,39.165086],[-84.514081,39.163393],[-84.514584,39.163371],[-84.515877,39.163763],[-84.516568,39.163746],[-84.516781,39.16467],[-84.516279,39.164752],[-84.515327,39.165249],[-84.513778,39.166385],[-84.514154,39.169138],[-84.51453,39.170388],[-84.514452,39.170736],[-84.51277,39.171714],[-84.511032,39.173134],[-84.511855,39.17459],[-84.515421,39.173389],[-84.519661,39.173464],[-84.519534,39.175331],[-84.519748,39.179607],[-84.520624,39.181632],[-84.523256,39.185561],[-84.523725,39.1866],[-84.524106,39.188341],[-84.523937,39.190487],[-84.520972,39.190294],[-84.519376,39.19055],[-84.518494,39.190358],[-84.514621,39.190172],[-84.513323,39.189945],[-84.51341,39.189455],[-84.512652,39.187651],[-84.514613,39.187271],[-84.51464,39.185666],[-84.514147,39.184877],[-84.51249,39.18358],[-84.512338,39.181962],[-84.51062,39.17983],[-84.510428,39.179371],[-84.510484,39.178708],[-84.510961,39.178022],[-84.509871,39.177362],[-84.509171,39.175689],[-84.508248,39.177345],[-84.508324,39.177872],[-84.508747,39.178663],[-84.508664,39.179549],[-84.508387,39.180008],[-84.50409,39.182705],[-84.493566,39.191703],[-84.491057,39.193123],[-84.49032,39.193864],[-84.489775,39.194812]]}},{"type":"Feature","properties":{"route_id":"46","shape_id":"460003","route_short_name":"46","route_long_name":"Avondale","route_color":"#2A75B0","route_text_color":"#000000"},"geometry":{"type":"LineString","coordinates":[[-84.510247,39.101665],[-84.509787,39.101735],[-84.510833,39.105869],[-84.514041,39.105379],[-84.517515,39.119464],[-84.517344,39.119826],[-84.516051,39.120711],[-84.515046,39.121972],[-84.514162,39.1246],[-84.511666,39.127326],[-84.503412,39.126782],[-84.502488,39.135284],[-84.50102,39.1352],[-84.500181,39.142874],[-84.502354,39.142885],[-84.504046,39.142107],[-84.505757,39.14223],[-84.505321,39.146565],[-84.492682,39.145668],[-84.49214,39.145471],[-84.491463,39.144675],[-84.490921,39.144428],[-84.487657,39.14985],[-84.483185,39.153641],[-84.485133,39.154784],[-84.485133,39.15652],[-84.486767,39.15839],[-84.489905,39.160232],[-84.5014,39.161015],[-84.504155,39.16036],[-84.504603,39.160378],[-84.506553,39.161194],[-84.50909,39.163284],[-84.512142,39.165086],[-84.514081,39.163393],[-84.514584,39.163371],[-84.515877,39.163763],[-84.516568,39.163746],[-84.516781,39.16467],[-84.516279,39.164752],[-84.515327,39.165249],[-84.513778,39.166385],[-84.514154,39.169138],[-84.51453,39.170388],[-84.514452,39.170736],[-84.51277,39.171714],[-84.511032,39.173134],[-84.511855,39.17459],[-84.515421,39.173389],[-84.519661,39.173464],[-84.519534,39.175331],[-84.519748,39.179607],[-84.520624,39.181632],[-84.523256,39.185561],[-84.523725,39.1866],[-84.524106,39.188341],[-84.523937,39.190487],[-84.520972,39.190294],[-84.519376,39.19055],[-84.518494,39.190358],[-84.514621,39.190172],[-84.513323,39.189945],[-84.51341,39.189455],[-84.512652,39.187651],[-84.514613,39.187271],[-84.51464,39.185666],[-84.514147,39.184877],[-84.51249,39.18358],[-84.512338,39.181962],[-84.51062,39.17983],[-84.510428,39.179371],[-84.510484,39.178708],[-84.510961,39.178022],[-84.509871,39.177362],[-84.509171,39.175689],[-84.508248,39.177345],[-84.508324,39.177872],[-84.508747,39.178663],[-84.508664,39.179549],[-84.508387,39.180008],[-84.50409,39.182705],[-84.493566,39.191703],[-84.491057,39.193123],[-84.49032,39.193864],[-84.489775,39.194812]]}},{"type":"Feature","properties":{"route_id":"46","shape_id":"460007","route_short_name":"46","route_long_name":"Avondale","route_color":"#2A75B0","route_text_color":"#000000"},"geometry":{"type":"LineString","coordinates":[[-84.489775,39.194812],[-84.490012,39.194903],[-84.490138,39.194151],[-84.491057,39.193123],[-84.493566,39.191703],[-84.50409,39.182705],[-84.508387,39.180008],[-84.508664,39.179549],[-84.508747,39.178663],[-84.508324,39.177872],[-84.508248,39.177345],[-84.50883,39.176253],[-84.509445,39.176329],[-84.509871,39.177362],[-84.510961,39.178022],[-84.510439,39.178871],[-84.510559,39.179714],[-84.512338,39.181962],[-84.51249,39.18358],[-84.514147,39.184877],[-84.514683,39.185831],[-84.514613,39.187271],[-84.514129,39.187276],[-84.511518,39.18797],[-84.510602,39.188712],[-84.511145,39.189417],[-84.511508,39.189615],[-84.514621,39.190172],[-84.518494,39.190358],[-84.519376,39.19055],[-84.520972,39.190294],[-84.523937,39.190487],[-84.524106,39.188341],[-84.523725,39.1866],[-84.523256,39.185561],[-84.520624,39.181632],[-84.519748,39.179607],[-84.519534,39.175331],[-84.519661,39.173464],[-84.515421,39.173389],[-84.514696,39.170957],[-84.514401,39.170808],[-84.51453,39.170388],[-84.514128,39.16897],[-84.514159,39.167148],[-84.513884,39.166493],[-84.515145,39.165484],[-84.516781,39.16467],[-84.516568,39.163746],[-84.515877,39.163763],[-84.514584,39.163371],[-84.514081,39.163393],[-84.512142,39.165086],[-84.509316,39.163319],[-84.506553,39.161194],[-84.504603,39.160378],[-84.504155,39.16036],[-84.5014,39.161015],[-84.489905,39.160232],[-84.486767,39.15839],[-84.485133,39.15652],[-84.485133,39.154784],[-84.483185,39.153641],[-84.487657,39.14985],[-84.490921,39.144428],[-84.491463,39.144675],[-84.49214,39.145471],[-84.492682,39.145668],[-84.505321,39.146565],[-84.505757,39.14223],[-84.504046,39.142107],[-84.502354,39.142885],[-84.500181,39.142874],[-84.50102,39.1352],[-84.502488,39.135284],[-84.503223,39.128552],[-84.50548,39.128082],[-84.507599,39.128179],[-84.508977,39.127669],[-84.51117,39.127972],[-84.511306,39.127635],[-84.514162,39.1246],[-84.515046,39.121972],[-84.516051,39.120711],[-84.517432,39.119693],[-84.517516,39.11931],[-84.516928,39.116836],[-84.518543,39.116584],[-84.515236,39.103449],[-84.512007,39.103933],[-84.511391,39.10149],[-84.510247,39.101665]]}},{"type":"Feature","properties":{"route_id":"49","shape_id":"490011","route_short_name":"49","route_long_name":"Fairmount","route_color":"#2A75B0","route_text_color":"#000000"},"geometry":{"type":"LineString","coordinates":[[-84.536739,39.119848],[-84.53643,39.119825],[-84.536042,39.124509],[-84.539301,39.124788],[-84.543245,39.124488],[-84.545203,39.124505],[-84.547331,39.125171],[-84.54844,39.125924],[-84.54829,39.126254],[-84.545619,39.126308],[-84.544087,39.128941],[-84.544239,39.130616],[-84.544942,39.132582],[-84.545686,39.134064],[-84.546233,39.134475],[-84.547159,39.134546],[-84.547708,39.135502],[-84.548362,39.137645],[-84.550981,39.139435],[-84.551282,39.139793],[-84.551664,39.140784],[-84.551974,39.141101],[-84.554377,39.14231],[-84.557726,39.142881],[-84.559814,39.144064],[-84.560132,39.143622],[-84.560075,39.143102],[-84.559704,39.142623],[-84.557857,39.141099],[-84.557288,39.140348],[-84.556657,39.139165],[-84.556448,39.138126]]}},{"type":"Feature","properties":{"route_id":"49","shape_id":"490012","route_short_name":"49","route_long_name":"Fairmount","route_color":"#2A75B0","route_text_color":"#000000"},"geometry":{"type":"LineString","coordinates":[[-84.509974,39.1015],[-84.508136,39.101881],[-84.507827,39.100672],[-84.519094,39.099004],[-84.521597,39.109171],[-84.523211,39.109013],[-84.529815,39.10943],[-84.530968,39.109672],[-84.535855,39.109977],[-84.536435,39.110237],[-84.536929,39.110263],[-84.537056,39.109655],[-84.536926,39.109558],[-84.535854,39.109717],[-84.53222,39.10944],[-84.532601,39.10664],[-84.532891,39.106531],[-84.536099,39.106847],[-84.536288,39.106992],[-84.536431,39.107132],[-84.536491,39.108678],[-84.535458,39.118028],[-84.535603,39.118488],[-84.536436,39.119711],[-84.536042,39.124509],[-84.539301,39.124788],[-84.543245,39.124488],[-84.545203,39.124505],[-84.547331,39.125171],[-84.54844,39.125924],[-84.54829,39.126254],[-84.545619,39.126308],[-84.544087,39.128941],[-84.544239,39.130616],[-84.544942,39.132582],[-84.545686,39.134064],[-84.546233,39.134475],[-84.547159,39.134546],[-84.547708,39.135502],[-84.548362,39.137645],[-84.550981,39.139435],[-84.551282,39.139793],[-84.551664,39.140784],[-84.551974,39.141101],[-84.554377,39.14231],[-84.557726,39.142881],[-84.559814,39.144064],[-84.560132,39.143622],[-84.560075,39.143102],[-84.559704,39.142623],[-84.557857,39.141099],[-84.557288,39.140348],[-84.556657,39.139165],[-84.556448,39.138126]]}},{"type":"Feature","properties":{"route_id":"49","shape_id":"490001","route_short_name":"49","route_long_name":"Fairmount","route_color":"#2A75B0","route_text_color":"#000000"},"geometry":{"type":"LineString","coordinates":[[-84.556448,39.138126],[-84.556434,39.13791],[-84.555483,39.137754],[-84.553002,39.138267],[-84.552722,39.138531],[-84.55385,39.138872],[-84.55415,39.138398],[-84.554084,39.138049],[-84.555589,39.137743],[-84.556434,39.13791],[-84.556657,39.139165],[-84.557288,39.140348],[-84.557857,39.141099],[-84.559704,39.142623],[-84.560075,39.143102],[-84.560132,39.143622],[-84.559887,39.143997],[-84.557505,39.142728],[-84.554514,39.142275],[-84.552009,39.141043],[-84.551665,39.140646],[-84.551209,39.139543],[-84.549023,39.137943],[-84.548362,39.137645],[-84.547708,39.135502],[-84.547159,39.134546],[-84.546233,39.134475],[-84.545686,39.134064],[-84.544942,39.132582],[-84.544239,39.130616],[-84.544087,39.128941],[-84.545619,39.126308],[-84.548874,39.126223],[-84.546946,39.12489],[-84.545373,39.124322],[-84.544609,39.124276],[-84.539301,39.124788],[-84.536042,39.124509],[-84.536436,39.119711],[-84.535603,39.118488],[-84.535458,39.118028],[-84.53629,39.110728],[-84.532096,39.110475],[-84.532178,39.109753],[-84.535855,39.109977],[-84.536896,39.110267],[-84.537018,39.109591],[-84.536474,39.109538],[-84.535854,39.109717],[-84.523211,39.109013],[-84.521671,39.109017],[-84.520166,39.109244],[-84.518453,39.102962],[-84.515236,39.103449],[-84.514608,39.100957],[-84.509974,39.1015]]}},{"type":"Feature","properties":{"route_id":"49","shape_id":"490002","route_short_name":"49","route_long_name":"Fairmount","route_color":"#2A75B0","route_text_color":"#000000"},"geometry":{"type":"LineString","coordinates":[[-84.557253,39.140282],[-84.557857,39.141099],[-84.559704,39.142623],[-84.560075,39.143102],[-84.560132,39.143622],[-84.559887,39.143997],[-84.557505,39.142728],[-84.554514,39.142275],[-84.552009,39.141043],[-84.551665,39.140646],[-84.551209,39.139543],[-84.549023,39.137943],[-84.548362,39.137645],[-84.547708,39.135502],[-84.547159,39.134546],[-84.546233,39.134475],[-84.545686,39.134064],[-84.544942,39.132582],[-84.544239,39.130616],[-84.544087,39.128941],[-84.545619,39.126308],[-84.548874,39.126223],[-84.546946,39.12489],[-84.545373,39.124322],[-84.544609,39.124276],[-84.539301,39.124788],[-84.536042,39.124509],[-84.536436,39.119711],[-84.535603,39.118488],[-84.535458,39.118028],[-84.53629,39.110728],[-84.532096,39.110475],[-84.532178,39.109753],[-84.535855,39.109977],[-84.536896,39.110267],[-84.537018,39.109591],[-84.536474,39.109538],[-84.535854,39.109717],[-84.523211,39.109013],[-84.521671,39.109017],[-84.520166,39.109244],[-84.518453,39.102962],[-84.515236,39.103449],[-84.514608,39.100957],[-84.509974,39.1015]]}},{"type":"Feature","properties":{"route_id":"49","shape_id":"490010","route_short_name":"49","route_long_name":"Fairmount","route_color":"#2A75B0","route_text_color":"#000000"},"geometry":{"type":"LineString","coordinates":[[-84.509974,39.1015],[-84.508136,39.101881],[-84.507827,39.100672],[-84.519094,39.099004],[-84.521597,39.109171],[-84.523211,39.109013],[-84.529815,39.10943],[-84.530968,39.109672],[-84.535855,39.109977],[-84.536435,39.110237],[-84.536929,39.110263],[-84.537056,39.109655],[-84.536926,39.109558],[-84.535854,39.109717],[-84.53222,39.10944],[-84.532601,39.10664],[-84.532891,39.106531],[-84.536099,39.106847],[-84.536288,39.106992],[-84.536431,39.107132],[-84.536491,39.108678],[-84.535458,39.118028],[-84.535603,39.118488],[-84.536436,39.119711],[-84.536042,39.124509],[-84.539301,39.124788],[-84.543245,39.124488],[-84.545203,39.124505],[-84.547331,39.125171],[-84.54844,39.125924],[-84.54829,39.126254],[-84.545619,39.126308],[-84.544087,39.128941],[-84.544239,39.130616],[-84.544942,39.132582],[-84.545686,39.134064],[-84.546233,39.134475],[-84.547159,39.134546],[-84.547708,39.135502],[-84.548362,39.137645],[-84.550981,39.139435],[-84.551282,39.139793],[-84.551664,39.140784],[-84.551974,39.141101],[-84.554377,39.14231],[-84.557726,39.142881],[-84.559814,39.144064],[-84.560132,39.143622],[-84.560075,39.143102],[-84.559704,39.142623],[-84.557857,39.141099],[-84.557288,39.140348],[-84.556657,39.139165],[-84.556434,39.13791],[-84.555483,39.137754],[-84.553002,39.138267],[-84.552722,39.138531],[-84.55385,39.138872],[-84.55415,39.138398],[-84.554084,39.138049],[-84.555589,39.137743],[-84.556434,39.13791],[-84.556657,39.139165],[-84.557253,39.140282]]}},{"type":"Feature","properties":{"route_id":"49","shape_id":"490013","route_short_name":"49","route_long_name":"Fairmount","route_color":"#2A75B0","route_text_color":"#000000"},"geometry":{"type":"LineString","coordinates":[[-84.509974,39.1015],[-84.508136,39.101881],[-84.507827,39.100672],[-84.519094,39.099004],[-84.521597,39.109171],[-84.523211,39.109013],[-84.529815,39.10943],[-84.530968,39.109672],[-84.530754,39.112697],[-84.530914,39.113448],[-84.531232,39.113893],[-84.535843,39.114178],[-84.53629,39.110728],[-84.532096,39.110475],[-84.532178,39.109753],[-84.535855,39.109977],[-84.536435,39.110237],[-84.536963,39.110252],[-84.537056,39.109655],[-84.536926,39.109558],[-84.535854,39.109717],[-84.53222,39.10944],[-84.532601,39.10664],[-84.532891,39.106531],[-84.536099,39.106847],[-84.536288,39.106992],[-84.536431,39.107132],[-84.536491,39.108678],[-84.535458,39.118028],[-84.535603,39.118488],[-84.536436,39.119711],[-84.536042,39.124509],[-84.539301,39.124788],[-84.543245,39.124488],[-84.545203,39.124505],[-84.547331,39.125171],[-84.54844,39.125924],[-84.54829,39.126254],[-84.545619,39.126308],[-84.544087,39.128941],[-84.544239,39.130616],[-84.544942,39.132582],[-84.545686,39.134064],[-84.546233,39.134475],[-84.547159,39.134546],[-84.547708,39.135502],[-84.548362,39.137645],[-84.550981,39.139435],[-84.551282,39.139793],[-84.551664,39.140784],[-84.551974,39.141101],[-84.554377,39.14231],[-84.557726,39.142881],[-84.559814,39.144064],[-84.560132,39.143622],[-84.560075,39.143102],[-84.559704,39.142623],[-84.557857,39.141099],[-84.557288,39.140348],[-84.556657,39.139165],[-84.556448,39.138126]]}},{"type":"Feature","properties":{"route_id":"49","shape_id":"490005","route_short_name":"49","route_long_name":"Fairmount","route_color":"#2A75B0","route_text_color":"#000000"},"geometry":{"type":"LineString","coordinates":[[-84.557253,39.140282],[-84.557857,39.141099],[-84.559704,39.142623],[-84.560075,39.143102],[-84.560132,39.143622],[-84.559887,39.143997],[-84.557505,39.142728],[-84.554514,39.142275],[-84.552009,39.141043],[-84.551665,39.140646],[-84.551209,39.139543],[-84.549023,39.137943],[-84.548362,39.137645],[-84.547708,39.135502],[-84.547159,39.134546],[-84.546233,39.134475],[-84.545686,39.134064],[-84.544942,39.132582],[-84.544239,39.130616],[-84.544087,39.128941],[-84.545619,39.126308],[-84.548874,39.126223],[-84.546946,39.12489],[-84.545373,39.124322],[-84.544609,39.124276],[-84.539301,39.124788],[-84.536042,39.124509],[-84.536419,39.119931],[-84.537154,39.119884]]}},{"type":"Feature","properties":{"route_id":"5","shape_id":"50008","route_short_name":"5","route_long_name":"Blue Ash","route_color":"#2A75B0","route_text_color":"#000000"},"geometry":{"type":"LineString","coordinates":[[-84.398937,39.233787],[-84.399157,39.233662],[-84.399097,39.233535],[-84.398016,39.233741],[-84.396591,39.233455],[-84.396672,39.232148],[-84.396438,39.231506],[-84.395982,39.231161],[-84.394822,39.23085],[-84.394442,39.227599],[-84.394305,39.227453],[-84.393634,39.223889],[-84.393232,39.22286],[-84.392142,39.21864],[-84.391765,39.215739],[-84.39226,39.215141],[-84.39326,39.214779],[-84.396021,39.213054],[-84.397272,39.2117],[-84.398855,39.210484],[-84.40056,39.193391],[-84.401226,39.193269],[-84.413827,39.188646],[-84.414655,39.178937],[-84.415289,39.178955],[-84.415494,39.178805],[-84.415685,39.176936],[-84.41626,39.176086],[-84.416523,39.174162],[-84.417051,39.173617],[-84.41956,39.172274],[-84.419799,39.17178],[-84.419965,39.17046],[-84.422416,39.170496],[-84.425221,39.169999],[-84.424361,39.16899],[-84.423267,39.166809],[-84.423125,39.166218],[-84.423153,39.164546],[-84.423006,39.164114],[-84.422496,39.163674],[-84.42109,39.163101],[-84.420734,39.162425],[-84.420863,39.160747],[-84.423204,39.160701],[-84.423193,39.160846],[-84.424186,39.160898]]}},{"type":"Feature","properties":{"route_id":"5","shape_id":"50012","route_short_name":"5","route_long_name":"Blue Ash","route_color":"#2A75B0","route_text_color":"#000000"},"geometry":{"type":"LineString","coordinates":[[-84.424186,39.160898],[-84.424761,39.160928],[-84.424616,39.162778],[-84.420765,39.162536],[-84.421219,39.163196],[-84.422496,39.163674],[-84.423006,39.164114],[-84.423153,39.164546],[-84.423125,39.166218],[-84.423267,39.166809],[-84.424361,39.16899],[-84.425221,39.169999],[-84.422416,39.170496],[-84.419965,39.17046],[-84.419799,39.17178],[-84.41956,39.172274],[-84.417051,39.173617],[-84.416523,39.174162],[-84.41626,39.176086],[-84.415685,39.176936],[-84.415494,39.178805],[-84.415289,39.178955],[-84.414655,39.178937],[-84.413827,39.188646],[-84.401226,39.193269],[-84.40056,39.193391],[-84.398855,39.210484],[-84.397272,39.2117],[-84.396021,39.213054],[-84.39326,39.214779],[-84.3916,39.215328],[-84.392142,39.21864],[-84.394146,39.226215],[-84.394822,39.23085],[-84.395982,39.231161],[-84.396438,39.231506],[-84.396672,39.232148],[-84.396579,39.233582],[-84.398076,39.233848],[-84.398937,39.233787]]}},{"type":"Feature","properties":{"route_id":"5","shape_id":"50013","route_short_name":"5","route_long_name":"Blue Ash","route_color":"#2A75B0","route_text_color":"#000000"},"geometry":{"type":"LineString","coordinates":[[-84.398937,39.233787],[-84.399157,39.233662],[-84.399097,39.233535],[-84.398016,39.233741],[-84.396591,39.233455],[-84.396672,39.232148],[-84.396438,39.231506],[-84.395982,39.231161],[-84.394822,39.23085],[-84.394442,39.227599],[-84.394305,39.227453],[-84.393634,39.223889],[-84.393232,39.22286],[-84.392142,39.21864],[-84.391765,39.215739],[-84.39226,39.215141],[-84.39326,39.214779],[-84.396021,39.213054],[-84.397272,39.2117],[-84.398855,39.210484],[-84.40056,39.193391],[-84.401226,39.193269],[-84.413827,39.188646],[-84.414655,39.178937],[-84.415289,39.178955],[-84.415494,39.178805],[-84.415685,39.176936],[-84.41626,39.176086],[-84.416523,39.174162],[-84.417051,39.173617],[-84.41956,39.172274],[-84.419799,39.17178],[-84.419965,39.17046],[-84.422416,39.170496],[-84.425221,39.169999],[-84.424361,39.16899],[-84.423267,39.166809],[-84.423125,39.166218],[-84.423153,39.164546],[-84.423006,39.164114],[-84.422496,39.163674],[-84.42109,39.163101],[-84.420734,39.162425],[-84.420863,39.160747],[-84.423204,39.160701],[-84.423193,39.160846],[-84.424186,39.160898]]}},{"type":"Feature","properties":{"route_id":"5","shape_id":"50007","route_short_name":"5","route_long_name":"Blue Ash","route_color":"#2A75B0","route_text_color":"#000000"},"geometry":{"type":"LineString","coordinates":[[-84.390571,39.295715],[-84.391019,39.294961],[-84.392306,39.295457],[-84.395217,39.289277],[-84.397012,39.286781],[-84.403367,39.281831],[-84.409008,39.277843],[-84.411372,39.274088],[-84.411461,39.27286],[-84.392957,39.272418],[-84.375817,39.270201],[-84.375702,39.271864],[-84.375055,39.273764],[-84.371745,39.273297],[-84.370824,39.272804],[-84.370474,39.272015],[-84.370954,39.269517],[-84.373212,39.269815],[-84.373834,39.264211],[-84.376068,39.263991],[-84.378016,39.264016],[-84.379269,39.264772],[-84.379921,39.264985],[-84.380484,39.257681],[-84.380123,39.254672],[-84.38336,39.254333],[-84.384259,39.253869],[-84.384489,39.253408],[-84.384591,39.252151],[-84.384909,39.251689],[-84.384702,39.251427],[-84.384589,39.250768],[-84.383649,39.249625],[-84.383669,39.249208],[-84.384725,39.248108],[-84.386487,39.24665],[-84.387713,39.245864],[-84.385866,39.244793],[-84.385126,39.243881],[-84.391187,39.240534],[-84.390879,39.240187],[-84.390459,39.240015],[-84.390809,39.239282],[-84.39117,39.237522],[-84.396196,39.237972],[-84.396579,39.233582],[-84.398076,39.233848],[-84.399157,39.233662],[-84.398994,39.233502],[-84.398016,39.233741],[-84.396591,39.233455],[-84.396672,39.232148],[-84.396438,39.231506],[-84.395982,39.231161],[-84.394822,39.23085],[-84.394442,39.227599],[-84.394305,39.227453],[-84.393634,39.223889],[-84.393232,39.22286],[-84.392142,39.21864],[-84.391765,39.215739],[-84.39226,39.215141],[-84.39326,39.214779],[-84.396021,39.213054],[-84.397272,39.2117],[-84.398855,39.210484],[-84.40056,39.193391],[-84.401226,39.193269],[-84.413827,39.188646],[-84.414655,39.178937],[-84.415289,39.178955],[-84.415494,39.178805],[-84.415685,39.176936],[-84.41626,39.176086],[-84.416523,39.174162],[-84.417051,39.173617],[-84.41956,39.172274],[-84.419799,39.17178],[-84.419965,39.17046],[-84.422416,39.170496],[-84.425221,39.169999],[-84.424361,39.16899],[-84.423267,39.166809],[-84.423125,39.166218],[-84.423153,39.164546],[-84.423006,39.164114],[-84.422496,39.163674],[-84.42109,39.163101],[-84.420734,39.162425],[-84.420863,39.160747],[-84.423204,39.160701],[-84.423193,39.160846],[-84.424186,39.160898]]}},{"type":"Feature","properties":{"route_id":"5","shape_id":"50011","route_short_name":"5","route_long_name":"Blue Ash","route_color":"#2A75B0","route_text_color":"#000000"},"geometry":{"type":"LineString","coordinates":[[-84.424186,39.160898],[-84.424761,39.160928],[-84.424616,39.162778],[-84.420765,39.162536],[-84.421219,39.163196],[-84.422496,39.163674],[-84.423006,39.164114],[-84.423153,39.164546],[-84.423125,39.166218],[-84.423267,39.166809],[-84.424361,39.16899],[-84.425221,39.169999],[-84.422416,39.170496],[-84.419965,39.17046],[-84.419799,39.17178],[-84.41956,39.172274],[-84.417051,39.173617],[-84.416523,39.174162],[-84.41626,39.176086],[-84.415685,39.176936],[-84.415494,39.178805],[-84.415289,39.178955],[-84.414655,39.178937],[-84.413827,39.188646],[-84.401226,39.193269],[-84.40056,39.193391],[-84.398855,39.210484],[-84.397272,39.2117],[-84.396021,39.213054],[-84.39326,39.214779],[-84.3916,39.215328],[-84.392142,39.21864],[-84.394146,39.226215],[-84.394822,39.23085],[-84.395982,39.231161],[-84.396438,39.231506],[-84.396672,39.232148],[-84.396579,39.233582],[-84.398076,39.233848],[-84.399157,39.233662],[-84.398994,39.233502],[-84.398016,39.233741],[-84.396591,39.233455],[-84.396196,39.237972],[-84.39117,39.237522],[-84.390809,39.239282],[-84.390459,39.240015],[-84.390879,39.240187],[-84.391187,39.240534],[-84.385019,39.24394],[-84.38612,39.244979],[-84.387713,39.245864],[-84.386487,39.24665],[-84.384725,39.248108],[-84.383365,39.249467],[-84.384337,39.250406],[-84.384712,39.251138],[-84.384702,39.251427],[-84.384417,39.251698],[-84.384597,39.252262],[-84.384489,39.253408],[-84.384259,39.253869],[-84.38336,39.254333],[-84.380106,39.254551],[-84.380484,39.257681],[-84.379706,39.264923],[-84.379269,39.264772],[-84.378576,39.264116],[-84.377975,39.263878],[-84.376124,39.263821],[-84.373847,39.264091],[-84.373212,39.269815],[-84.370954,39.269517],[-84.370474,39.272015],[-84.370824,39.272804],[-84.371745,39.273297],[-84.375055,39.273764],[-84.375812,39.271768],[-84.376056,39.270227],[-84.392957,39.272418],[-84.411461,39.27286],[-84.411372,39.274088],[-84.409008,39.277843],[-84.403367,39.281831],[-84.397012,39.286781],[-84.395773,39.288348],[-84.394796,39.290019],[-84.393069,39.293996],[-84.39189,39.296202],[-84.390341,39.295975],[-84.390571,39.295715]]}},{"type":"Feature","properties":{"route_id":"5","shape_id":"50014","route_short_name":"5","route_long_name":"Blue Ash","route_color":"#2A75B0","route_text_color":"#000000"},"geometry":{"type":"LineString","coordinates":[[-84.390571,39.295715],[-84.391019,39.294961],[-84.392306,39.295457],[-84.395217,39.289277],[-84.397012,39.286781],[-84.403367,39.281831],[-84.409008,39.277843],[-84.411372,39.274088],[-84.411461,39.27286],[-84.392957,39.272418],[-84.375817,39.270201],[-84.375702,39.271864],[-84.375055,39.273764],[-84.371745,39.273297],[-84.370824,39.272804],[-84.370474,39.272015],[-84.370954,39.269517],[-84.373212,39.269815],[-84.373834,39.264211],[-84.376068,39.263991],[-84.378016,39.264016],[-84.379269,39.264772],[-84.379921,39.264985],[-84.380484,39.257681],[-84.380123,39.254672],[-84.38336,39.254333],[-84.384259,39.253869],[-84.384489,39.253408],[-84.384591,39.252151],[-84.384909,39.251689],[-84.384702,39.251427],[-84.384589,39.250768],[-84.383649,39.249625],[-84.383669,39.249208],[-84.384725,39.248108],[-84.386487,39.24665],[-84.387713,39.245864],[-84.385866,39.244793],[-84.385126,39.243881],[-84.391187,39.240534],[-84.390879,39.240187],[-84.390459,39.240015],[-84.390809,39.239282],[-84.39117,39.237522],[-84.396196,39.237972],[-84.396579,39.233582],[-84.398076,39.233848],[-84.399157,39.233662],[-84.398994,39.233502],[-84.398016,39.233741],[-84.396591,39.233455],[-84.396672,39.232148],[-84.396438,39.231506],[-84.395982,39.231161],[-84.394822,39.23085],[-84.394442,39.227599],[-84.394305,39.227453],[-84.393634,39.223889],[-84.393232,39.22286],[-84.392142,39.21864],[-84.391765,39.215739],[-84.39226,39.215141],[-84.39326,39.214779],[-84.396021,39.213054],[-84.397272,39.2117],[-84.398855,39.210484],[-84.40056,39.193391],[-84.401226,39.193269],[-84.413827,39.188646],[-84.414655,39.178937],[-84.415289,39.178955],[-84.415494,39.178805],[-84.415685,39.176936],[-84.41626,39.176086],[-84.416523,39.174162],[-84.417051,39.173617],[-84.41956,39.172274],[-84.419799,39.17178],[-84.419965,39.17046],[-84.422416,39.170496],[-84.425221,39.169999],[-84.424361,39.16899],[-84.423267,39.166809],[-84.423125,39.166218],[-84.423153,39.164546],[-84.423006,39.164114],[-84.422496,39.163674],[-84.42109,39.163101],[-84.420734,39.162425],[-84.420863,39.160747],[-84.423204,39.160701],[-84.423193,39.160846],[-84.424186,39.160898]]}},{"type":"Feature","properties":{"route_id":"50","shape_id":"500025","route_short_name":"50","route_long_name":"River Road Commuter","route_color":"#C2D231","route_text_color":"#000000"},"geometry":{"type":"LineString","coordinates":[[-84.711496,39.137814],[-84.715025,39.139228],[-84.715295,39.138773],[-84.711141,39.137387],[-84.709909,39.136553],[-84.709373,39.135558],[-84.707667,39.131161],[-84.706658,39.131402],[-84.705039,39.129245],[-84.704906,39.128644],[-84.705082,39.127601],[-84.704941,39.127241],[-84.70432,39.126524],[-84.702565,39.125578],[-84.700533,39.122123],[-84.696848,39.117518],[-84.696349,39.117163],[-84.690218,39.109626],[-84.68615,39.105631],[-84.683294,39.104042],[-84.683142,39.103864],[-84.683204,39.103702],[-84.678109,39.101325],[-84.676154,39.100945],[-84.67239,39.100766],[-84.667581,39.099293],[-84.657019,39.097329],[-84.654531,39.096496],[-84.648519,39.092918],[-84.646941,39.091803],[-84.63771,39.083457],[-84.636315,39.08239],[-84.632639,39.080191],[-84.630771,39.079279],[-84.627343,39.077977],[-84.625268,39.077441],[-84.619401,39.076838],[-84.611483,39.076556],[-84.605177,39.076659],[-84.600853,39.077277],[-84.598406,39.077773],[-84.588696,39.08134],[-84.585463,39.082029],[-84.584213,39.082496],[-84.582902,39.083318],[-84.581556,39.084926],[-84.580779,39.085429],[-84.577259,39.0861],[-84.575622,39.086231],[-84.573633,39.086785],[-84.571409,39.087085],[-84.569476,39.088152],[-84.566117,39.088399],[-84.563763,39.089985],[-84.562037,39.091848],[-84.560807,39.093528],[-84.558758,39.09547],[-84.557555,39.097085],[-84.553522,39.100756],[-84.55399,39.10128],[-84.554164,39.102084],[-84.553216,39.105299],[-84.536362,39.104021],[-84.533172,39.103659],[-84.533306,39.100197],[-84.533613,39.09975],[-84.534025,39.09963],[-84.534554,39.09993],[-84.534538,39.100172],[-84.534323,39.100352],[-84.529841,39.100513],[-84.525077,39.101165],[-84.524103,39.101046],[-84.522095,39.099964],[-84.521536,39.099896],[-84.513202,39.10117],[-84.512803,39.101086],[-84.509974,39.1015]]}},{"type":"Feature","properties":{"route_id":"50","shape_id":"500030","route_short_name":"50","route_long_name":"River Road Commuter","route_color":"#C2D231","route_text_color":"#000000"},"geometry":{"type":"LineString","coordinates":[[-84.516313,39.100702],[-84.513202,39.10117],[-84.512803,39.101086],[-84.511233,39.101301],[-84.506466,39.102151],[-84.506782,39.103428],[-84.519736,39.101604],[-84.523936,39.101611],[-84.526657,39.101185],[-84.52873,39.101109],[-84.534047,39.101697],[-84.535963,39.102313],[-84.536313,39.102543],[-84.53647,39.102862],[-84.536342,39.104171],[-84.538399,39.104142],[-84.553216,39.105299],[-84.554164,39.102084],[-84.55399,39.10128],[-84.553522,39.100756],[-84.557555,39.097085],[-84.558758,39.09547],[-84.560807,39.093528],[-84.562037,39.091848],[-84.563763,39.089985],[-84.566117,39.088399],[-84.569476,39.088152],[-84.571409,39.087085],[-84.573633,39.086785],[-84.575622,39.086231],[-84.577259,39.0861],[-84.580779,39.085429],[-84.581556,39.084926],[-84.582902,39.083318],[-84.584213,39.082496],[-84.585463,39.082029],[-84.588696,39.08134],[-84.598406,39.077773],[-84.600853,39.077277],[-84.605177,39.076659],[-84.611483,39.076556],[-84.619401,39.076838],[-84.625268,39.077441],[-84.627343,39.077977],[-84.630771,39.079279],[-84.632639,39.080191],[-84.636315,39.08239],[-84.63771,39.083457],[-84.646941,39.091803],[-84.648519,39.092918],[-84.654531,39.096496],[-84.657019,39.097329],[-84.667581,39.099293],[-84.67239,39.100766],[-84.676154,39.100945],[-84.678109,39.101325],[-84.682898,39.103554],[-84.683294,39.104042],[-84.68615,39.105631],[-84.690218,39.109626],[-84.696349,39.117163],[-84.696848,39.117518],[-84.700533,39.122123],[-84.702565,39.125578],[-84.704187,39.126431],[-84.704642,39.126854],[-84.705082,39.127601],[-84.704907,39.128809],[-84.705132,39.129398],[-84.706658,39.131402],[-84.707667,39.131161],[-84.709373,39.135558],[-84.709909,39.136553],[-84.709873,39.137166],[-84.710398,39.137241],[-84.711496,39.137814]]}},{"type":"Feature","properties":{"route_id":"50","shape_id":"500031","route_short_name":"50","route_long_name":"River Road Commuter","route_color":"#C2D231","route_text_color":"#000000"},"geometry":{"type":"LineString","coordinates":[[-84.509974,39.1015],[-84.506466,39.102151],[-84.506782,39.103428],[-84.519736,39.101604],[-84.523936,39.101611],[-84.526657,39.101185],[-84.528438,39.101097],[-84.534047,39.101697],[-84.535963,39.102313],[-84.536313,39.102543],[-84.53647,39.102862],[-84.536342,39.104171],[-84.538399,39.104142],[-84.553216,39.105299],[-84.554164,39.102084],[-84.55399,39.10128],[-84.553522,39.100756],[-84.557555,39.097085],[-84.558758,39.09547],[-84.560807,39.093528],[-84.562037,39.091848],[-84.563763,39.089985],[-84.566117,39.088399],[-84.569476,39.088152],[-84.571409,39.087085],[-84.573633,39.086785],[-84.575622,39.086231],[-84.577259,39.0861],[-84.580779,39.085429],[-84.581556,39.084926],[-84.582902,39.083318],[-84.584213,39.082496],[-84.585463,39.082029],[-84.588696,39.08134],[-84.598406,39.077773],[-84.600853,39.077277],[-84.605177,39.076659],[-84.611483,39.076556],[-84.619401,39.076838],[-84.625268,39.077441],[-84.627343,39.077977],[-84.630771,39.079279],[-84.632639,39.080191],[-84.636315,39.08239],[-84.63771,39.083457],[-84.646941,39.091803],[-84.648519,39.092918],[-84.654531,39.096496],[-84.657019,39.097329],[-84.667581,39.099293],[-84.67239,39.100766],[-84.676154,39.100945],[-84.678109,39.101325],[-84.682898,39.103554],[-84.683294,39.104042],[-84.68615,39.105631],[-84.690218,39.109626],[-84.696349,39.117163],[-84.696848,39.117518],[-84.700533,39.122123],[-84.702565,39.125578],[-84.704187,39.126431],[-84.704642,39.126854],[-84.705082,39.127601],[-84.704907,39.128809],[-84.705132,39.129398],[-84.706658,39.131402],[-84.707667,39.131161],[-84.709373,39.135558],[-84.709909,39.136553],[-84.709873,39.137166],[-84.710398,39.137241],[-84.711496,39.137814]]}},{"type":"Feature","properties":{"route_id":"50","shape_id":"500026","route_short_name":"50","route_long_name":"River Road Commuter","route_color":"#C2D231","route_text_color":"#000000"},"geometry":{"type":"LineString","coordinates":[[-84.711496,39.137814],[-84.715025,39.139228],[-84.715295,39.138773],[-84.711141,39.137387],[-84.709909,39.136553],[-84.709373,39.135558],[-84.707667,39.131161],[-84.706658,39.131402],[-84.705039,39.129245],[-84.704906,39.128644],[-84.705082,39.127601],[-84.704941,39.127241],[-84.70432,39.126524],[-84.702565,39.125578],[-84.700533,39.122123],[-84.696848,39.117518],[-84.696349,39.117163],[-84.690218,39.109626],[-84.68615,39.105631],[-84.683294,39.104042],[-84.683142,39.103864],[-84.683204,39.103702],[-84.678109,39.101325],[-84.676154,39.100945],[-84.67239,39.100766],[-84.667581,39.099293],[-84.657019,39.097329],[-84.654531,39.096496],[-84.648519,39.092918],[-84.646941,39.091803],[-84.63771,39.083457],[-84.636315,39.08239],[-84.632639,39.080191],[-84.630771,39.079279],[-84.627343,39.077977],[-84.625268,39.077441],[-84.619401,39.076838],[-84.611483,39.076556],[-84.605177,39.076659],[-84.600853,39.077277],[-84.598406,39.077773],[-84.588696,39.08134],[-84.585463,39.082029],[-84.584213,39.082496],[-84.582902,39.083318],[-84.581556,39.084926],[-84.580779,39.085429],[-84.577259,39.0861],[-84.575622,39.086231],[-84.573633,39.086785],[-84.571409,39.087085],[-84.569476,39.088152],[-84.566117,39.088399],[-84.563763,39.089985],[-84.562037,39.091848],[-84.560807,39.093528],[-84.558758,39.09547],[-84.557555,39.097085],[-84.553522,39.100756],[-84.55399,39.10128],[-84.554164,39.102084],[-84.553216,39.105299],[-84.536362,39.104021],[-84.533172,39.103659],[-84.533306,39.100197],[-84.533613,39.09975],[-84.534025,39.09963],[-84.534554,39.09993],[-84.534538,39.100172],[-84.534323,39.100352],[-84.529841,39.100513],[-84.525077,39.101165],[-84.524103,39.101046],[-84.522095,39.099964],[-84.521356,39.09991],[-84.513202,39.10117],[-84.512803,39.101086],[-84.511233,39.101301],[-84.506466,39.102151],[-84.506782,39.103428],[-84.518071,39.101854]]}},{"type":"Feature","properties":{"route_id":"51","shape_id":"510022","route_short_name":"51","route_long_name":"Uptown Connector","route_color":"#F68923","route_text_color":"#000000"},"geometry":{"type":"LineString","coordinates":[[-84.423951,39.160886],[-84.424761,39.160928],[-84.424616,39.162778],[-84.420765,39.162536],[-84.420918,39.160177],[-84.421263,39.158683],[-84.421462,39.156734],[-84.422759,39.154919],[-84.422933,39.154435],[-84.422948,39.152934],[-84.422039,39.151462],[-84.42373,39.151101],[-84.426451,39.149837],[-84.429638,39.146264],[-84.433434,39.144354],[-84.433972,39.138715],[-84.443347,39.139708],[-84.442545,39.148153],[-84.444758,39.149103],[-84.445597,39.149847],[-84.446042,39.150867],[-84.445956,39.152488],[-84.446069,39.152863],[-84.448391,39.156424],[-84.453473,39.160062],[-84.454004,39.159999],[-84.456296,39.160409],[-84.458167,39.157558],[-84.461151,39.153704],[-84.470209,39.143702],[-84.466344,39.143495],[-84.467038,39.137055],[-84.468121,39.137134],[-84.46834,39.135126],[-84.474198,39.135511],[-84.47399,39.13752],[-84.47579,39.137638],[-84.477155,39.136669],[-84.477602,39.136558],[-84.480959,39.137835],[-84.481658,39.137898],[-84.482184,39.139383],[-84.483621,39.141976],[-84.483815,39.143034],[-84.48373,39.143916],[-84.483361,39.144662],[-84.482411,39.145577],[-84.481413,39.146261],[-84.479002,39.147493],[-84.479639,39.147567],[-84.480026,39.147882],[-84.47998,39.149156],[-84.480197,39.149568],[-84.483147,39.151729],[-84.483187,39.152003],[-84.483595,39.152052],[-84.48439,39.15262],[-84.487558,39.149961],[-84.488385,39.148671],[-84.493524,39.149973],[-84.494593,39.150001],[-84.495275,39.144732],[-84.499935,39.145118],[-84.50102,39.1352],[-84.505962,39.135561],[-84.507713,39.135453],[-84.514736,39.135744],[-84.517187,39.135108],[-84.519636,39.135299],[-84.520009,39.135584],[-84.519199,39.143468],[-84.524853,39.144332],[-84.526094,39.144936],[-84.529751,39.146266],[-84.532045,39.147679],[-84.534982,39.152241],[-84.537885,39.154046],[-84.538683,39.155062],[-84.539378,39.15839],[-84.538291,39.159106],[-84.538194,39.160034],[-84.544262,39.160625],[-84.546208,39.161416],[-84.547118,39.161972],[-84.549038,39.162625],[-84.550126,39.162771],[-84.551614,39.162623],[-84.552167,39.163279],[-84.552459,39.164237],[-84.555331,39.16435],[-84.559095,39.163021],[-84.561187,39.161546],[-84.563824,39.160329],[-84.566268,39.159781],[-84.566883,39.159063],[-84.568285,39.1562],[-84.569077,39.155542],[-84.569755,39.155396],[-84.570354,39.155468],[-84.574205,39.157145],[-84.574807,39.157099],[-84.576201,39.15662],[-84.578327,39.156273],[-84.580326,39.155176],[-84.582834,39.154839],[-84.586196,39.151617],[-84.588814,39.150697],[-84.591532,39.149077],[-84.600301,39.148455],[-84.612781,39.149331],[-84.613578,39.140972],[-84.618175,39.141301],[-84.613858,39.136318],[-84.611957,39.134659],[-84.609194,39.131187],[-84.610131,39.130123],[-84.610669,39.129884],[-84.615273,39.130053],[-84.615808,39.130233],[-84.615329,39.130471]]}},{"type":"Feature","properties":{"route_id":"51","shape_id":"510020","route_short_name":"51","route_long_name":"Uptown Connector","route_color":"#F68923","route_text_color":"#000000"},"geometry":{"type":"LineString","coordinates":[[-84.615329,39.130471],[-84.614666,39.130547],[-84.614702,39.130025],[-84.610669,39.129884],[-84.610131,39.130123],[-84.609194,39.131187],[-84.611957,39.134659],[-84.613858,39.136318],[-84.617948,39.141039],[-84.617745,39.141277],[-84.613578,39.140972],[-84.612781,39.149331],[-84.600301,39.148455],[-84.591532,39.149077],[-84.588814,39.150697],[-84.586196,39.151617],[-84.582834,39.154839],[-84.580326,39.155176],[-84.578327,39.156273],[-84.576201,39.15662],[-84.574807,39.157099],[-84.574205,39.157145],[-84.570354,39.155468],[-84.569755,39.155396],[-84.569077,39.155542],[-84.568285,39.1562],[-84.566883,39.159063],[-84.566268,39.159781],[-84.563824,39.160329],[-84.561187,39.161546],[-84.559095,39.163021],[-84.555331,39.16435],[-84.552459,39.164237],[-84.552333,39.163644],[-84.551633,39.162348],[-84.550458,39.162745],[-84.549506,39.162717],[-84.547118,39.161972],[-84.546208,39.161416],[-84.544262,39.160625],[-84.538194,39.160034],[-84.538291,39.159106],[-84.539378,39.15839],[-84.538683,39.155062],[-84.537885,39.154046],[-84.534982,39.152241],[-84.532045,39.147679],[-84.529751,39.146266],[-84.526094,39.144936],[-84.524853,39.144332],[-84.519199,39.143468],[-84.520037,39.135327],[-84.517187,39.135108],[-84.514736,39.135744],[-84.510534,39.135402],[-84.505611,39.135417],[-84.50102,39.1352],[-84.499935,39.145118],[-84.495275,39.144732],[-84.494593,39.150001],[-84.493524,39.149973],[-84.488385,39.148671],[-84.487558,39.149961],[-84.48439,39.15262],[-84.480047,39.149417],[-84.480058,39.147976],[-84.479639,39.147567],[-84.477529,39.147394],[-84.47631,39.146897],[-84.475316,39.146732],[-84.467856,39.146273],[-84.461151,39.153704],[-84.458167,39.157558],[-84.456296,39.160409],[-84.454004,39.159999],[-84.453473,39.160062],[-84.448391,39.156424],[-84.446069,39.152863],[-84.445956,39.152488],[-84.446042,39.150867],[-84.445597,39.149847],[-84.444758,39.149103],[-84.442545,39.148153],[-84.443347,39.139708],[-84.44274,39.139519],[-84.433972,39.138715],[-84.433434,39.144354],[-84.429638,39.146264],[-84.426451,39.149837],[-84.42373,39.151101],[-84.422039,39.151462],[-84.422948,39.152934],[-84.422933,39.154435],[-84.422759,39.154919],[-84.421499,39.1566],[-84.420863,39.160747],[-84.423204,39.160701],[-84.423982,39.160766],[-84.423829,39.160879],[-84.423951,39.160886]]}},{"type":"Feature","properties":{"route_id":"51","shape_id":"510021","route_short_name":"51","route_long_name":"Uptown Connector","route_color":"#F68923","route_text_color":"#000000"},"geometry":{"type":"LineString","coordinates":[[-84.615329,39.130471],[-84.614666,39.130547],[-84.614702,39.130025],[-84.610669,39.129884],[-84.610131,39.130123],[-84.609194,39.131187],[-84.611957,39.134659],[-84.613858,39.136318],[-84.617948,39.141039],[-84.617745,39.141277],[-84.613578,39.140972],[-84.612781,39.149331],[-84.600301,39.148455],[-84.591532,39.149077],[-84.588814,39.150697],[-84.586196,39.151617],[-84.582834,39.154839],[-84.580326,39.155176],[-84.578327,39.156273],[-84.576201,39.15662],[-84.574807,39.157099],[-84.574205,39.157145],[-84.570354,39.155468],[-84.569755,39.155396],[-84.569077,39.155542],[-84.568285,39.1562],[-84.566883,39.159063],[-84.566268,39.159781],[-84.563824,39.160329],[-84.561187,39.161546],[-84.559095,39.163021],[-84.555331,39.16435],[-84.552459,39.164237],[-84.552333,39.163644],[-84.551633,39.162348],[-84.550458,39.162745],[-84.549506,39.162717],[-84.547118,39.161972],[-84.546208,39.161416],[-84.544262,39.160625],[-84.538194,39.160034],[-84.538291,39.159106],[-84.539378,39.15839],[-84.538683,39.155062],[-84.537885,39.154046],[-84.534982,39.152241],[-84.532045,39.147679],[-84.529751,39.146266],[-84.526094,39.144936],[-84.524853,39.144332],[-84.519199,39.143468],[-84.520037,39.135327],[-84.517187,39.135108],[-84.514736,39.135744],[-84.510534,39.135402],[-84.505611,39.135417],[-84.50102,39.1352],[-84.499935,39.145118],[-84.495275,39.144732],[-84.494593,39.150001],[-84.493524,39.149973],[-84.488385,39.148671],[-84.487558,39.149961],[-84.48439,39.15262],[-84.480296,39.149658],[-84.479991,39.149259],[-84.480104,39.147432],[-84.480536,39.146702],[-84.482659,39.145381],[-84.483558,39.144562],[-84.483858,39.144036],[-84.483961,39.142984],[-84.483852,39.142057],[-84.482905,39.140248],[-84.482226,39.140667],[-84.481891,39.142203],[-84.480537,39.143041],[-84.47983,39.143124],[-84.475299,39.142794],[-84.475669,39.140177],[-84.475556,39.139907],[-84.475997,39.135629],[-84.46834,39.135126],[-84.468121,39.137134],[-84.47579,39.137638],[-84.475476,39.142113],[-84.475253,39.142905],[-84.474606,39.144151],[-84.474309,39.146662],[-84.467856,39.146273],[-84.461151,39.153704],[-84.458167,39.157558],[-84.456296,39.160409],[-84.454004,39.159999],[-84.453473,39.160062],[-84.448391,39.156424],[-84.446069,39.152863],[-84.445956,39.152488],[-84.446042,39.150867],[-84.445597,39.149847],[-84.444758,39.149103],[-84.442545,39.148153],[-84.443347,39.139708],[-84.44274,39.139519],[-84.433972,39.138715],[-84.433434,39.144354],[-84.429638,39.146264],[-84.426451,39.149837],[-84.42373,39.151101],[-84.422039,39.151462],[-84.422948,39.152934],[-84.422933,39.154435],[-84.422759,39.154919],[-84.421499,39.1566],[-84.420863,39.160747],[-84.423204,39.160701],[-84.423982,39.160766],[-84.423829,39.160879],[-84.423951,39.160886]]}},{"type":"Feature","properties":{"route_id":"51","shape_id":"510019","route_short_name":"51","route_long_name":"Uptown Connector","route_color":"#F68923","route_text_color":"#000000"},"geometry":{"type":"LineString","coordinates":[[-84.423951,39.160886],[-84.424761,39.160928],[-84.424616,39.162778],[-84.420765,39.162536],[-84.420918,39.160177],[-84.421263,39.158683],[-84.421462,39.156734],[-84.422759,39.154919],[-84.422933,39.154435],[-84.422948,39.152934],[-84.422039,39.151462],[-84.42373,39.151101],[-84.426451,39.149837],[-84.429638,39.146264],[-84.433434,39.144354],[-84.433972,39.138715],[-84.443347,39.139708],[-84.442545,39.148153],[-84.444758,39.149103],[-84.445597,39.149847],[-84.446042,39.150867],[-84.445956,39.152488],[-84.446069,39.152863],[-84.448391,39.156424],[-84.453473,39.160062],[-84.454004,39.159999],[-84.456296,39.160409],[-84.458167,39.157558],[-84.461151,39.153704],[-84.467856,39.146273],[-84.475818,39.146802],[-84.477426,39.147374],[-84.479639,39.147567],[-84.480058,39.147976],[-84.480047,39.149417],[-84.483147,39.151729],[-84.483187,39.152003],[-84.483595,39.152052],[-84.48439,39.15262],[-84.487558,39.149961],[-84.488385,39.148671],[-84.493524,39.149973],[-84.494593,39.150001],[-84.495275,39.144732],[-84.499935,39.145118],[-84.50102,39.1352],[-84.505962,39.135561],[-84.507713,39.135453],[-84.514736,39.135744],[-84.517187,39.135108],[-84.519636,39.135299],[-84.520009,39.135584],[-84.519199,39.143468],[-84.524853,39.144332],[-84.526094,39.144936],[-84.529751,39.146266],[-84.532045,39.147679],[-84.534982,39.152241],[-84.537885,39.154046],[-84.538683,39.155062],[-84.539378,39.15839],[-84.538291,39.159106],[-84.538194,39.160034],[-84.544262,39.160625],[-84.546208,39.161416],[-84.547118,39.161972],[-84.549038,39.162625],[-84.550126,39.162771],[-84.551614,39.162623],[-84.552167,39.163279],[-84.552459,39.164237],[-84.555331,39.16435],[-84.559095,39.163021],[-84.561187,39.161546],[-84.563824,39.160329],[-84.566268,39.159781],[-84.566883,39.159063],[-84.568285,39.1562],[-84.569077,39.155542],[-84.569755,39.155396],[-84.570354,39.155468],[-84.574205,39.157145],[-84.574807,39.157099],[-84.576201,39.15662],[-84.578327,39.156273],[-84.580326,39.155176],[-84.582834,39.154839],[-84.586196,39.151617],[-84.588814,39.150697],[-84.591532,39.149077],[-84.600301,39.148455],[-84.612781,39.149331],[-84.613578,39.140972],[-84.618175,39.141301],[-84.613858,39.136318],[-84.611957,39.134659],[-84.609194,39.131187],[-84.610131,39.130123],[-84.610669,39.129884],[-84.615273,39.130053],[-84.615808,39.130233],[-84.615329,39.130471]]}},{"type":"Feature","properties":{"route_id":"52","shape_id":"520010","route_short_name":"52X","route_long_name":"Harrison Express","route_color":"#C2D231","route_text_color":"#000000"},"geometry":{"type":"LineString","coordinates":[[-84.520099,39.102713],[-84.512007,39.103933],[-84.511065,39.100196],[-84.519204,39.099022],[-84.52033,39.100841],[-84.521325,39.101707],[-84.523517,39.102739],[-84.528618,39.104743],[-84.529783,39.105437],[-84.530778,39.106456],[-84.531353,39.107648],[-84.531516,39.10866],[-84.531242,39.11205],[-84.531379,39.113389],[-84.532114,39.114817],[-84.534818,39.118513],[-84.53542,39.120385],[-84.535214,39.123096],[-84.534734,39.125366],[-84.53401,39.127648],[-84.532745,39.130638],[-84.53238,39.132484],[-84.532582,39.134383],[-84.533821,39.137573],[-84.535107,39.142624],[-84.535953,39.144195],[-84.537961,39.146796],[-84.539099,39.149403],[-84.540689,39.15128],[-84.54148,39.153005],[-84.542259,39.154],[-84.54293,39.154536],[-84.548732,39.157883],[-84.551736,39.160466],[-84.552878,39.161198],[-84.555212,39.16199],[-84.557738,39.162018],[-84.559956,39.161367],[-84.564259,39.158795],[-84.5661,39.158113],[-84.567435,39.157933],[-84.568662,39.157977],[-84.569675,39.158163],[-84.571228,39.158755],[-84.572404,39.159554],[-84.576429,39.163527],[-84.589416,39.177421],[-84.591295,39.179211],[-84.593776,39.181014],[-84.595947,39.182291],[-84.598574,39.183502],[-84.60181,39.184627],[-84.604968,39.185339],[-84.607878,39.185744],[-84.627971,39.186709],[-84.639704,39.1878],[-84.642193,39.188478],[-84.644115,39.18947],[-84.645969,39.191033],[-84.649463,39.194512],[-84.650922,39.195357],[-84.652012,39.195729],[-84.660192,39.197312],[-84.661771,39.197259],[-84.668363,39.195982],[-84.669916,39.196095],[-84.671212,39.196468],[-84.672955,39.197559],[-84.673581,39.19831],[-84.673968,39.199015],[-84.675032,39.202028],[-84.675718,39.204808],[-84.676256,39.210342],[-84.676739,39.212342],[-84.677387,39.213278],[-84.678219,39.214028],[-84.680045,39.214922],[-84.681178,39.215159],[-84.682511,39.215212],[-84.68411,39.215024],[-84.686098,39.214492],[-84.706333,39.206651],[-84.707878,39.206445],[-84.709904,39.206511],[-84.711972,39.20711],[-84.739836,39.220919],[-84.75429,39.228951],[-84.75702,39.230899],[-84.762409,39.236238],[-84.764307,39.237388],[-84.767913,39.239117],[-84.769588,39.240214],[-84.771085,39.241739],[-84.76859,39.244507],[-84.768191,39.245199],[-84.767332,39.249723],[-84.766812,39.254597],[-84.78674,39.254703],[-84.788266,39.254176],[-84.792037,39.25135],[-84.794362,39.252728],[-84.795034,39.252033],[-84.79503,39.251582],[-84.793816,39.251568]]}},{"type":"Feature","properties":{"route_id":"52","shape_id":"520015","route_short_name":"52X","route_long_name":"Harrison Express","route_color":"#C2D231","route_text_color":"#000000"},"geometry":{"type":"LineString","coordinates":[[-84.793816,39.251568],[-84.792932,39.251558],[-84.79262,39.251416],[-84.792615,39.251694],[-84.775099,39.241418],[-84.774545,39.240835],[-84.774079,39.240828],[-84.772698,39.240032],[-84.772811,39.239753],[-84.77226,39.240431],[-84.770736,39.239989],[-84.768043,39.238896],[-84.763637,39.236743],[-84.76162,39.235194],[-84.757191,39.230699],[-84.754874,39.228991],[-84.739261,39.220354],[-84.711792,39.206844],[-84.710153,39.206391],[-84.70888,39.206242],[-84.706282,39.206458],[-84.703475,39.207382],[-84.686489,39.214033],[-84.685413,39.214309],[-84.683894,39.214442],[-84.681288,39.214069],[-84.679946,39.213555],[-84.678816,39.212869],[-84.677741,39.211871],[-84.677042,39.21088],[-84.676568,39.209504],[-84.67589,39.203651],[-84.674328,39.198962],[-84.673693,39.197884],[-84.673023,39.197199],[-84.671298,39.196181],[-84.669899,39.195789],[-84.668371,39.195683],[-84.661805,39.196966],[-84.660715,39.197033],[-84.659522,39.196947],[-84.652433,39.195536],[-84.650793,39.194971],[-84.649343,39.194013],[-84.645901,39.190507],[-84.644485,39.18935],[-84.642613,39.188345],[-84.640365,39.18766],[-84.628434,39.186509],[-84.608024,39.185531],[-84.604367,39.184979],[-84.600977,39.184108],[-84.598299,39.183116],[-84.596059,39.182038],[-84.593621,39.180588],[-84.591561,39.179038],[-84.590068,39.177694],[-84.573117,39.159534],[-84.571563,39.158403],[-84.569254,39.157631],[-84.567958,39.157511],[-84.566499,39.157617],[-84.564267,39.158293],[-84.559605,39.16106],[-84.557878,39.161716],[-84.556646,39.161883],[-84.555178,39.161823],[-84.553891,39.161511],[-84.552972,39.161105],[-84.552045,39.160546],[-84.548775,39.15777],[-84.543591,39.154749],[-84.542465,39.153888],[-84.541762,39.152878],[-84.539591,39.147793],[-84.538861,39.146788],[-84.536679,39.144528],[-84.535936,39.143398],[-84.535319,39.142027],[-84.534084,39.137497],[-84.532911,39.134357],[-84.532707,39.132651],[-84.533047,39.130707],[-84.534931,39.126681],[-84.535246,39.125716],[-84.535497,39.124281],[-84.535693,39.120631],[-84.53529,39.118993],[-84.534567,39.117781],[-84.5325,39.115004],[-84.531637,39.113409],[-84.531454,39.111858],[-84.531731,39.10864],[-84.53156,39.107535],[-84.531276,39.106902],[-84.530066,39.105377],[-84.527216,39.103838],[-84.525251,39.102547],[-84.523487,39.102295],[-84.520099,39.102713]]}},{"type":"Feature","properties":{"route_id":"52","shape_id":"520012","route_short_name":"52X","route_long_name":"Harrison Express","route_color":"#C2D231","route_text_color":"#000000"},"geometry":{"type":"LineString","coordinates":[[-84.770426,39.242465],[-84.76859,39.244507],[-84.768191,39.245199],[-84.767332,39.249723],[-84.766812,39.254597],[-84.78674,39.254703],[-84.788266,39.254176],[-84.792037,39.25135],[-84.794362,39.252728],[-84.795034,39.252033],[-84.79503,39.251582],[-84.792932,39.251558],[-84.79262,39.251416],[-84.792615,39.251694],[-84.775099,39.241418],[-84.774663,39.241026],[-84.774193,39.239894],[-84.773732,39.239454],[-84.773085,39.239217],[-84.77226,39.240431],[-84.770462,39.239894],[-84.768043,39.238896],[-84.763637,39.236743],[-84.76162,39.235194],[-84.757191,39.230699],[-84.754874,39.228991],[-84.739261,39.220354],[-84.711792,39.206844],[-84.710153,39.206391],[-84.70888,39.206242],[-84.706282,39.206458],[-84.703475,39.207382],[-84.686489,39.214033],[-84.685413,39.214309],[-84.683894,39.214442],[-84.681288,39.214069],[-84.679946,39.213555],[-84.678816,39.212869],[-84.677741,39.211871],[-84.677042,39.21088],[-84.676568,39.209504],[-84.67589,39.203651],[-84.674328,39.198962],[-84.673693,39.197884],[-84.673023,39.197199],[-84.671298,39.196181],[-84.669899,39.195789],[-84.668371,39.195683],[-84.661805,39.196966],[-84.660715,39.197033],[-84.659522,39.196947],[-84.652433,39.195536],[-84.650793,39.194971],[-84.649343,39.194013],[-84.645901,39.190507],[-84.644485,39.18935],[-84.642613,39.188345],[-84.640365,39.18766],[-84.628434,39.186509],[-84.608024,39.185531],[-84.604367,39.184979],[-84.600977,39.184108],[-84.598299,39.183116],[-84.596059,39.182038],[-84.593621,39.180588],[-84.591561,39.179038],[-84.590068,39.177694],[-84.573117,39.159534],[-84.571563,39.158403],[-84.569254,39.157631],[-84.567958,39.157511],[-84.566499,39.157617],[-84.564267,39.158293],[-84.559605,39.16106],[-84.557878,39.161716],[-84.556646,39.161883],[-84.555178,39.161823],[-84.553891,39.161511],[-84.552972,39.161105],[-84.552045,39.160546],[-84.548775,39.15777],[-84.543591,39.154749],[-84.542465,39.153888],[-84.541762,39.152878],[-84.539591,39.147793],[-84.538861,39.146788],[-84.536679,39.144528],[-84.535536,39.142569],[-84.534084,39.137497],[-84.532911,39.134357],[-84.532707,39.132651],[-84.533047,39.130707],[-84.534931,39.126681],[-84.535246,39.125716],[-84.535497,39.124281],[-84.535633,39.120131],[-84.534955,39.1184],[-84.5325,39.115004],[-84.531637,39.113409],[-84.531454,39.111858],[-84.531697,39.108174],[-84.53156,39.107535],[-84.531002,39.106436],[-84.530066,39.105377],[-84.524942,39.102433],[-84.524039,39.102287],[-84.52269,39.102361],[-84.512007,39.103933],[-84.51138,39.101445]]}},{"type":"Feature","properties":{"route_id":"52","shape_id":"520013","route_short_name":"52X","route_long_name":"Harrison Express","route_color":"#C2D231","route_text_color":"#000000"},"geometry":{"type":"LineString","coordinates":[[-84.51138,39.101445],[-84.511065,39.100196],[-84.519162,39.09901],[-84.52033,39.100841],[-84.521325,39.101707],[-84.523517,39.102739],[-84.528618,39.104743],[-84.529783,39.105437],[-84.530778,39.106456],[-84.531353,39.107648],[-84.531516,39.10866],[-84.531242,39.11205],[-84.531379,39.113389],[-84.532114,39.114817],[-84.534818,39.118513],[-84.53542,39.120385],[-84.535214,39.123096],[-84.534734,39.125366],[-84.53401,39.127648],[-84.532745,39.130638],[-84.53238,39.132484],[-84.532582,39.134383],[-84.533821,39.137573],[-84.535107,39.142624],[-84.535953,39.144195],[-84.537961,39.146796],[-84.539099,39.149403],[-84.540689,39.15128],[-84.54148,39.153005],[-84.542259,39.154],[-84.54293,39.154536],[-84.548732,39.157883],[-84.551736,39.160466],[-84.552878,39.161198],[-84.555212,39.16199],[-84.557738,39.162018],[-84.559956,39.161367],[-84.564259,39.158795],[-84.5661,39.158113],[-84.567435,39.157933],[-84.568662,39.157977],[-84.569675,39.158163],[-84.571228,39.158755],[-84.572404,39.159554],[-84.576429,39.163527],[-84.589416,39.177421],[-84.591295,39.179211],[-84.593776,39.181014],[-84.595947,39.182291],[-84.598574,39.183502],[-84.60181,39.184627],[-84.604968,39.185339],[-84.607878,39.185744],[-84.627971,39.186709],[-84.639704,39.1878],[-84.642193,39.188478],[-84.644115,39.18947],[-84.645969,39.191033],[-84.649463,39.194512],[-84.650922,39.195357],[-84.652012,39.195729],[-84.660192,39.197312],[-84.661771,39.197259],[-84.668363,39.195982],[-84.669916,39.196095],[-84.671212,39.196468],[-84.672955,39.197559],[-84.673581,39.19831],[-84.673968,39.199015],[-84.675032,39.202028],[-84.675718,39.204808],[-84.676256,39.210342],[-84.676739,39.212342],[-84.677387,39.213278],[-84.678219,39.214028],[-84.680045,39.214922],[-84.681178,39.215159],[-84.682511,39.215212],[-84.68411,39.215024],[-84.686098,39.214492],[-84.706333,39.206651],[-84.707878,39.206445],[-84.709904,39.206511],[-84.711972,39.20711],[-84.739836,39.220919],[-84.754831,39.22927],[-84.75702,39.230899],[-84.762409,39.236238],[-84.764307,39.237388],[-84.767913,39.239117],[-84.769588,39.240214],[-84.771085,39.241739],[-84.770426,39.242465]]}},{"type":"Feature","properties":{"route_id":"6","shape_id":"60001","route_short_name":"6","route_long_name":"Queen City Avenue","route_color":"#2A75B0","route_text_color":"#000000"},"geometry":{"type":"LineString","coordinates":[[-84.621476,39.146419],[-84.622149,39.146111],[-84.623655,39.145841],[-84.624309,39.145432],[-84.623332,39.144682],[-84.620147,39.142947],[-84.618175,39.141301],[-84.604258,39.140508],[-84.604718,39.136309],[-84.60201,39.135987],[-84.599644,39.134941],[-84.59585,39.134377],[-84.59512,39.134141],[-84.593309,39.133128],[-84.592957,39.132572],[-84.592846,39.131718],[-84.592634,39.131307],[-84.592138,39.130901],[-84.591305,39.130567],[-84.590532,39.130547],[-84.588843,39.131158],[-84.588156,39.131182],[-84.587798,39.131075],[-84.585964,39.12969],[-84.583302,39.128822],[-84.580904,39.128719],[-84.579291,39.129191],[-84.578653,39.129194],[-84.573935,39.127632],[-84.572298,39.127696],[-84.569927,39.12825],[-84.56874,39.128227],[-84.566007,39.127528],[-84.562482,39.126088],[-84.559018,39.125408],[-84.551402,39.124897],[-84.547757,39.125147],[-84.545264,39.124309],[-84.539214,39.1248],[-84.533486,39.124282],[-84.533154,39.123371],[-84.532017,39.122058],[-84.531043,39.121646],[-84.52626,39.120644],[-84.525009,39.11989],[-84.523442,39.1184],[-84.522851,39.117603],[-84.521703,39.115748],[-84.519458,39.106392],[-84.519211,39.106047],[-84.518453,39.102962],[-84.515236,39.103449],[-84.514608,39.100957],[-84.509837,39.101543],[-84.510023,39.102656]]}},{"type":"Feature","properties":{"route_id":"6","shape_id":"60002","route_short_name":"6","route_long_name":"Queen City Avenue","route_color":"#2A75B0","route_text_color":"#000000"},"geometry":{"type":"LineString","coordinates":[[-84.510023,39.102656],[-84.510833,39.105869],[-84.517264,39.10489],[-84.517737,39.106776],[-84.519195,39.106663],[-84.521703,39.115748],[-84.523442,39.1184],[-84.525009,39.11989],[-84.52626,39.120644],[-84.531043,39.121646],[-84.532017,39.122058],[-84.533154,39.123371],[-84.533486,39.124282],[-84.539214,39.1248],[-84.544813,39.124401],[-84.547331,39.125171],[-84.548874,39.126223],[-84.556436,39.125893],[-84.558741,39.125969],[-84.561345,39.126446],[-84.569006,39.128345],[-84.57047,39.128271],[-84.572679,39.127654],[-84.573445,39.127608],[-84.574507,39.127762],[-84.576357,39.128528],[-84.578832,39.129216],[-84.580904,39.128719],[-84.583126,39.128781],[-84.585964,39.12969],[-84.587798,39.131075],[-84.588156,39.131182],[-84.588843,39.131158],[-84.590532,39.130547],[-84.591305,39.130567],[-84.592138,39.130901],[-84.592634,39.131307],[-84.592846,39.131718],[-84.592957,39.132572],[-84.593309,39.133128],[-84.59512,39.134141],[-84.59585,39.134377],[-84.599644,39.134941],[-84.60201,39.135987],[-84.604718,39.136309],[-84.604258,39.140508],[-84.618175,39.141301],[-84.620448,39.143147],[-84.62364,39.144884],[-84.625964,39.146813],[-84.625527,39.147152],[-84.625323,39.148854],[-84.625044,39.149],[-84.623688,39.148931],[-84.622925,39.1486],[-84.6205,39.148362],[-84.620588,39.147062],[-84.621476,39.146419]]}},{"type":"Feature","properties":{"route_id":"61","shape_id":"610014","route_short_name":"61","route_long_name":"Galbraith Road","route_color":"#2A75B0","route_text_color":"#000000"},"geometry":{"type":"LineString","coordinates":[[-84.444826,39.222995],[-84.445473,39.216201],[-84.445123,39.215964],[-84.447756,39.211553],[-84.45721,39.212177],[-84.465326,39.211767],[-84.467074,39.212266],[-84.474156,39.21238],[-84.47626,39.213189],[-84.485201,39.214025],[-84.486864,39.214325],[-84.488402,39.214823],[-84.492207,39.216565],[-84.497439,39.217123],[-84.498816,39.217533],[-84.500322,39.2183],[-84.501148,39.218464],[-84.50219,39.218311],[-84.508434,39.216026],[-84.510136,39.215668],[-84.513057,39.215835],[-84.53115,39.216025],[-84.550541,39.217898],[-84.586118,39.220029],[-84.584463,39.211694],[-84.583009,39.206085],[-84.582441,39.204924],[-84.577997,39.198249],[-84.575712,39.195839],[-84.571543,39.192333],[-84.570521,39.191157],[-84.568867,39.191791],[-84.567138,39.193112],[-84.572045,39.193425]]}},{"type":"Feature","properties":{"route_id":"61","shape_id":"610013","route_short_name":"61","route_long_name":"Galbraith Road","route_color":"#2A75B0","route_text_color":"#000000"},"geometry":{"type":"LineString","coordinates":[[-84.572045,39.193425],[-84.572868,39.193433],[-84.574903,39.195084],[-84.577304,39.197404],[-84.578365,39.198778],[-84.582702,39.20536],[-84.583178,39.206608],[-84.583934,39.209657],[-84.586118,39.220029],[-84.550541,39.217898],[-84.53115,39.216025],[-84.513057,39.215835],[-84.510136,39.215668],[-84.508434,39.216026],[-84.50219,39.218311],[-84.501148,39.218464],[-84.500322,39.2183],[-84.498816,39.217533],[-84.497439,39.217123],[-84.492207,39.216565],[-84.488402,39.214823],[-84.486864,39.214325],[-84.485201,39.214025],[-84.47626,39.213189],[-84.474156,39.21238],[-84.467347,39.212282],[-84.466306,39.211888],[-84.465326,39.211767],[-84.45721,39.212177],[-84.447756,39.211553],[-84.44111,39.222625],[-84.444761,39.223604],[-84.444826,39.222995]]}},{"type":"Feature","properties":{"route_id":"61","shape_id":"610011","route_short_name":"61","route_long_name":"Galbraith Road","route_color":"#2A75B0","route_text_color":"#000000"},"geometry":{"type":"LineString","coordinates":[[-84.572045,39.193425],[-84.572868,39.193433],[-84.574903,39.195084],[-84.577304,39.197404],[-84.578365,39.198778],[-84.582702,39.20536],[-84.583178,39.206608],[-84.583934,39.209657],[-84.586118,39.220029],[-84.550541,39.217898],[-84.53115,39.216025],[-84.513057,39.215835],[-84.510136,39.215668],[-84.508434,39.216026],[-84.50219,39.218311],[-84.501148,39.218464],[-84.500322,39.2183],[-84.498816,39.217533],[-84.497439,39.217123],[-84.492207,39.216565],[-84.488402,39.214823],[-84.486864,39.214325],[-84.485201,39.214025],[-84.47626,39.213189],[-84.474156,39.21238],[-84.467347,39.212282],[-84.466306,39.211888],[-84.465326,39.211767],[-84.458158,39.212158],[-84.455382,39.212107],[-84.440969,39.21105],[-84.440386,39.211103],[-84.437505,39.212101],[-84.435999,39.212357],[-84.435262,39.212084],[-84.434976,39.211169],[-84.433165,39.210536],[-84.415897,39.20961],[-84.400717,39.20858],[-84.379626,39.206718],[-84.381154,39.192126],[-84.362998,39.191148],[-84.363213,39.18905],[-84.364537,39.189043],[-84.364674,39.187669],[-84.36427,39.187824]]}},{"type":"Feature","properties":{"route_id":"61","shape_id":"610012","route_short_name":"61","route_long_name":"Galbraith Road","route_color":"#2A75B0","route_text_color":"#000000"},"geometry":{"type":"LineString","coordinates":[[-84.36427,39.187824],[-84.363325,39.188102],[-84.362998,39.191148],[-84.381154,39.192126],[-84.380494,39.197344],[-84.379626,39.206718],[-84.400717,39.20858],[-84.415897,39.20961],[-84.433165,39.210536],[-84.434976,39.211169],[-84.435262,39.212084],[-84.435999,39.212357],[-84.437505,39.212101],[-84.440386,39.211103],[-84.440969,39.21105],[-84.455382,39.212107],[-84.458158,39.212158],[-84.465326,39.211767],[-84.467074,39.212266],[-84.474156,39.21238],[-84.47626,39.213189],[-84.485201,39.214025],[-84.486864,39.214325],[-84.488402,39.214823],[-84.492207,39.216565],[-84.497439,39.217123],[-84.498816,39.217533],[-84.500322,39.2183],[-84.501148,39.218464],[-84.50219,39.218311],[-84.508434,39.216026],[-84.510136,39.215668],[-84.513057,39.215835],[-84.53115,39.216025],[-84.550541,39.217898],[-84.586118,39.220029],[-84.584463,39.211694],[-84.583009,39.206085],[-84.582441,39.204924],[-84.577997,39.198249],[-84.575712,39.195839],[-84.571543,39.192333],[-84.570521,39.191157],[-84.568867,39.191791],[-84.567138,39.193112],[-84.572045,39.193425]]}},{"type":"Feature","properties":{"route_id":"64","shape_id":"640002","route_short_name":"64","route_long_name":"Westwood","route_color":"#2A75B0","route_text_color":"#000000"},"geometry":{"type":"LineString","coordinates":[[-84.51066,39.102839],[-84.516538,39.102047],[-84.520826,39.119003],[-84.52541,39.120639],[-84.526263,39.121477],[-84.530554,39.122049],[-84.532091,39.122898],[-84.532398,39.123326],[-84.532472,39.124164],[-84.530202,39.131835],[-84.530366,39.132018],[-84.535354,39.132321],[-84.536503,39.134724],[-84.537357,39.137059],[-84.540761,39.137111],[-84.548362,39.137645],[-84.547708,39.135502],[-84.547159,39.134546],[-84.54735,39.134521],[-84.557961,39.135164],[-84.559503,39.136466],[-84.560232,39.137451],[-84.561014,39.140396],[-84.562099,39.142293],[-84.562116,39.1442],[-84.562481,39.144919],[-84.563052,39.145498],[-84.563192,39.145962],[-84.561634,39.150355],[-84.561834,39.151428],[-84.561598,39.152017],[-84.560897,39.153323],[-84.559028,39.154751],[-84.558727,39.156827],[-84.557627,39.158869],[-84.558727,39.156827],[-84.559028,39.154751],[-84.560897,39.153323],[-84.561598,39.152017],[-84.561834,39.151428],[-84.561634,39.150355],[-84.561819,39.14975],[-84.56683,39.150079],[-84.568006,39.149893],[-84.570587,39.14852],[-84.571741,39.1468],[-84.574298,39.144384],[-84.578883,39.143602],[-84.580417,39.141349],[-84.580704,39.140674],[-84.581789,39.141275],[-84.585658,39.141862],[-84.59024,39.141156],[-84.590954,39.133867],[-84.59074,39.133396],[-84.588752,39.132084],[-84.588407,39.131394],[-84.590301,39.130602],[-84.591481,39.130612],[-84.592634,39.131307],[-84.593011,39.132706],[-84.593828,39.133506],[-84.595607,39.134326],[-84.598216,39.134665],[-84.600181,39.13513],[-84.601158,39.125782],[-84.60183,39.122759],[-84.60217,39.122744],[-84.605443,39.127464],[-84.606161,39.12911],[-84.606639,39.12956],[-84.609194,39.131187],[-84.610131,39.130123],[-84.610669,39.129884],[-84.615273,39.130053],[-84.615808,39.130233],[-84.615405,39.130445]]}},{"type":"Feature","properties":{"route_id":"64","shape_id":"640011","route_short_name":"64","route_long_name":"Westwood","route_color":"#2A75B0","route_text_color":"#000000"},"geometry":{"type":"LineString","coordinates":[[-84.615405,39.130445],[-84.614666,39.130547],[-84.614702,39.130025],[-84.610669,39.129884],[-84.610131,39.130123],[-84.609194,39.131187],[-84.606639,39.12956],[-84.606161,39.12911],[-84.60555,39.127624],[-84.601942,39.122431],[-84.601158,39.125782],[-84.600181,39.13513],[-84.598216,39.134665],[-84.595607,39.134326],[-84.593828,39.133506],[-84.593011,39.132706],[-84.592634,39.131307],[-84.591481,39.130612],[-84.590532,39.130547],[-84.589085,39.131092],[-84.588282,39.131196],[-84.588752,39.132084],[-84.59074,39.133396],[-84.590954,39.133867],[-84.59024,39.141156],[-84.585658,39.141862],[-84.581789,39.141275],[-84.580704,39.140674],[-84.580417,39.141349],[-84.578883,39.143602],[-84.574298,39.144384],[-84.571741,39.1468],[-84.570587,39.14852],[-84.568006,39.149893],[-84.56683,39.150079],[-84.561819,39.14975],[-84.561634,39.150355],[-84.561834,39.151428],[-84.561598,39.152017],[-84.560897,39.153323],[-84.559028,39.154751],[-84.558727,39.156827],[-84.557627,39.158869],[-84.558727,39.156827],[-84.559028,39.154751],[-84.560897,39.153323],[-84.561598,39.152017],[-84.561834,39.151428],[-84.561634,39.150355],[-84.563192,39.145962],[-84.563052,39.145498],[-84.562481,39.144919],[-84.562116,39.1442],[-84.562099,39.142293],[-84.561014,39.140396],[-84.560232,39.137451],[-84.559503,39.136466],[-84.557961,39.135164],[-84.54735,39.134521],[-84.547159,39.134546],[-84.547708,39.135502],[-84.548263,39.137389],[-84.548031,39.137596],[-84.538363,39.136989],[-84.537357,39.137059],[-84.536503,39.134724],[-84.535354,39.132321],[-84.530366,39.132018],[-84.530202,39.131835],[-84.532472,39.124164],[-84.532334,39.123197],[-84.531988,39.122811],[-84.530554,39.122049],[-84.526263,39.121477],[-84.52541,39.120639],[-84.518935,39.118339],[-84.516081,39.106805],[-84.509649,39.107812],[-84.508465,39.103173],[-84.51066,39.102839]]}},{"type":"Feature","properties":{"route_id":"65","shape_id":"650018","route_short_name":"65","route_long_name":"Western Hills","route_color":"#C2D231","route_text_color":"#000000"},"geometry":{"type":"LineString","coordinates":[[-84.615405,39.130445],[-84.614666,39.130547],[-84.614702,39.130025],[-84.610669,39.129884],[-84.610131,39.130123],[-84.609194,39.131187],[-84.606639,39.12956],[-84.606161,39.12911],[-84.604138,39.128668],[-84.603225,39.128268],[-84.600899,39.128152],[-84.601158,39.125782],[-84.601942,39.122431],[-84.601749,39.122147],[-84.599149,39.11846],[-84.597519,39.116778],[-84.595391,39.116456],[-84.593612,39.115916],[-84.592927,39.115465],[-84.591813,39.114186],[-84.591005,39.113603],[-84.589969,39.113231],[-84.588477,39.113203],[-84.58668,39.113384],[-84.585355,39.114074],[-84.584146,39.114367],[-84.58123,39.114279],[-84.580963,39.117221],[-84.576993,39.116947],[-84.576651,39.120459],[-84.574648,39.120434],[-84.574333,39.12344],[-84.573889,39.124799],[-84.574184,39.126031],[-84.573935,39.127632],[-84.578653,39.129194],[-84.579291,39.129191],[-84.580904,39.128719],[-84.582762,39.128739],[-84.585261,39.129402],[-84.586878,39.130297],[-84.588324,39.131442],[-84.588886,39.132197],[-84.59074,39.133396],[-84.590964,39.134133],[-84.59024,39.141156],[-84.585658,39.141862],[-84.581789,39.141275],[-84.580704,39.140674],[-84.580417,39.141349],[-84.578883,39.143602],[-84.574298,39.144384],[-84.571741,39.1468],[-84.570587,39.14852],[-84.568006,39.149893],[-84.56683,39.150079],[-84.561819,39.14975],[-84.561634,39.150355],[-84.561834,39.151428],[-84.561598,39.152017],[-84.560897,39.153323],[-84.559028,39.154751],[-84.558727,39.156827],[-84.557589,39.158842],[-84.557746,39.158838],[-84.557716,39.158553],[-84.558727,39.156827],[-84.559028,39.154751],[-84.560897,39.153323],[-84.561834,39.151428],[-84.56259,39.151966],[-84.563286,39.152748],[-84.563352,39.154748],[-84.563515,39.155179],[-84.5655,39.156825],[-84.566343,39.157033],[-84.567353,39.156412],[-84.568164,39.1564],[-84.566883,39.159063],[-84.566268,39.159781],[-84.563824,39.160329],[-84.561187,39.161546],[-84.559095,39.163021],[-84.55564,39.164278],[-84.554975,39.164376],[-84.552459,39.164237],[-84.552333,39.163644],[-84.551633,39.162348],[-84.550458,39.162745],[-84.549506,39.162717],[-84.547118,39.161972],[-84.546208,39.161416],[-84.544262,39.160625],[-84.537058,39.15991],[-84.538047,39.159273]]}},{"type":"Feature","properties":{"route_id":"65","shape_id":"650022","route_short_name":"65","route_long_name":"Western Hills","route_color":"#C2D231","route_text_color":"#000000"},"geometry":{"type":"LineString","coordinates":[[-84.538047,39.159273],[-84.539378,39.15839],[-84.544623,39.158761],[-84.546208,39.161416],[-84.546773,39.161814],[-84.549479,39.162713],[-84.551614,39.162623],[-84.552167,39.163279],[-84.552459,39.164237],[-84.554975,39.164376],[-84.55564,39.164278],[-84.559095,39.163021],[-84.561187,39.161546],[-84.563824,39.160329],[-84.566268,39.159781],[-84.566883,39.159063],[-84.568164,39.1564],[-84.567353,39.156412],[-84.566343,39.157033],[-84.5655,39.156825],[-84.563515,39.155179],[-84.563352,39.154748],[-84.563286,39.152748],[-84.56259,39.151966],[-84.561834,39.151428],[-84.560897,39.153323],[-84.559028,39.154751],[-84.558727,39.156827],[-84.557589,39.158842],[-84.557746,39.158838],[-84.557716,39.158553],[-84.558727,39.156827],[-84.559028,39.154751],[-84.560897,39.153323],[-84.561598,39.152017],[-84.561834,39.151428],[-84.561634,39.150355],[-84.561819,39.14975],[-84.56683,39.150079],[-84.568006,39.149893],[-84.570587,39.14852],[-84.571741,39.1468],[-84.574298,39.144384],[-84.578883,39.143602],[-84.580417,39.141349],[-84.580704,39.140674],[-84.581789,39.141275],[-84.585658,39.141862],[-84.59024,39.141156],[-84.590954,39.133867],[-84.59074,39.133396],[-84.588752,39.132084],[-84.588282,39.131196],[-84.587798,39.131075],[-84.585964,39.12969],[-84.583302,39.128822],[-84.580904,39.128719],[-84.579291,39.129191],[-84.578653,39.129194],[-84.573935,39.127632],[-84.574184,39.126031],[-84.573889,39.124799],[-84.574333,39.12344],[-84.574648,39.120434],[-84.576651,39.120459],[-84.576993,39.116947],[-84.580963,39.117221],[-84.58123,39.114279],[-84.584146,39.114367],[-84.585355,39.114074],[-84.58668,39.113384],[-84.588477,39.113203],[-84.589969,39.113231],[-84.591005,39.113603],[-84.591813,39.114186],[-84.592927,39.115465],[-84.593612,39.115916],[-84.595391,39.116456],[-84.597519,39.116778],[-84.599149,39.11846],[-84.601848,39.122292],[-84.601942,39.122431],[-84.601158,39.125782],[-84.600899,39.128152],[-84.603225,39.128268],[-84.604138,39.128668],[-84.606161,39.12911],[-84.606639,39.12956],[-84.609194,39.131187],[-84.610131,39.130123],[-84.610669,39.129884],[-84.615273,39.130053],[-84.615808,39.130233],[-84.615405,39.130445]]}},{"type":"Feature","properties":{"route_id":"65","shape_id":"650019","route_short_name":"65","route_long_name":"Western Hills","route_color":"#C2D231","route_text_color":"#000000"},"geometry":{"type":"LineString","coordinates":[[-84.615405,39.130445],[-84.614666,39.130547],[-84.614702,39.130025],[-84.610669,39.129884],[-84.610131,39.130123],[-84.609194,39.131187],[-84.606639,39.12956],[-84.606161,39.12911],[-84.604138,39.128668],[-84.603225,39.128268],[-84.600899,39.128152],[-84.601158,39.125782],[-84.601942,39.122431],[-84.601749,39.122147],[-84.599149,39.11846],[-84.597519,39.116778],[-84.595391,39.116456],[-84.593612,39.115916],[-84.592927,39.115465],[-84.591813,39.114186],[-84.591005,39.113603],[-84.589969,39.113231],[-84.588477,39.113203],[-84.58668,39.113384],[-84.585355,39.114074],[-84.584146,39.114367],[-84.58123,39.114279],[-84.580963,39.117221],[-84.576993,39.116947],[-84.576651,39.120459],[-84.574648,39.120434],[-84.574333,39.12344],[-84.573889,39.124799],[-84.574184,39.126031],[-84.573935,39.127632],[-84.578653,39.129194],[-84.579291,39.129191],[-84.580904,39.128719],[-84.582762,39.128739],[-84.585261,39.129402],[-84.586878,39.130297],[-84.588324,39.131442],[-84.588886,39.132197],[-84.59074,39.133396],[-84.590964,39.134133],[-84.59024,39.141156],[-84.585658,39.141862],[-84.581789,39.141275],[-84.580704,39.140674],[-84.580417,39.141349],[-84.578883,39.143602],[-84.574298,39.144384],[-84.571741,39.1468],[-84.570587,39.14852],[-84.568006,39.149893],[-84.56683,39.150079],[-84.561819,39.14975],[-84.561634,39.150355],[-84.561834,39.151428],[-84.561598,39.152017],[-84.560897,39.153323],[-84.559028,39.154751],[-84.558727,39.156827],[-84.557659,39.158875],[-84.558727,39.156827],[-84.559028,39.154751],[-84.560897,39.153323],[-84.561598,39.152017],[-84.561834,39.151428],[-84.561634,39.150355],[-84.563151,39.146185],[-84.563127,39.145639],[-84.562736,39.145158],[-84.561489,39.144992],[-84.557939,39.142895],[-84.556882,39.142578],[-84.554514,39.142275],[-84.552261,39.141207],[-84.551665,39.140646],[-84.551209,39.139543],[-84.549023,39.137943],[-84.548362,39.137645],[-84.551546,39.145232],[-84.550911,39.152457],[-84.550538,39.153482],[-84.550126,39.155853],[-84.544205,39.155445],[-84.542603,39.155804],[-84.54123,39.155686],[-84.540572,39.157044],[-84.540043,39.15768],[-84.539378,39.15839],[-84.538291,39.159106],[-84.538194,39.160034],[-84.537058,39.15991],[-84.538047,39.159273]]}},{"type":"Feature","properties":{"route_id":"65","shape_id":"650023","route_short_name":"65","route_long_name":"Western Hills","route_color":"#C2D231","route_text_color":"#000000"},"geometry":{"type":"LineString","coordinates":[[-84.538047,39.159273],[-84.539535,39.158315],[-84.540572,39.157044],[-84.54123,39.155686],[-84.542603,39.155804],[-84.544307,39.155549],[-84.550329,39.155859],[-84.550538,39.153482],[-84.550886,39.15263],[-84.551057,39.15125],[-84.551546,39.145232],[-84.548493,39.13797],[-84.54863,39.137893],[-84.550981,39.139435],[-84.551282,39.139793],[-84.551664,39.140784],[-84.552378,39.14135],[-84.554377,39.14231],[-84.557726,39.142881],[-84.561348,39.145003],[-84.562001,39.145225],[-84.562827,39.145238],[-84.563127,39.145639],[-84.563151,39.146185],[-84.561634,39.150355],[-84.561834,39.151428],[-84.561598,39.152017],[-84.560897,39.153323],[-84.559028,39.154751],[-84.558727,39.156827],[-84.557659,39.158875],[-84.558727,39.156827],[-84.559028,39.154751],[-84.560897,39.153323],[-84.561598,39.152017],[-84.561834,39.151428],[-84.561634,39.150355],[-84.561819,39.14975],[-84.56683,39.150079],[-84.568006,39.149893],[-84.570587,39.14852],[-84.571741,39.1468],[-84.574298,39.144384],[-84.578883,39.143602],[-84.580417,39.141349],[-84.580704,39.140674],[-84.581789,39.141275],[-84.585658,39.141862],[-84.59024,39.141156],[-84.590954,39.133867],[-84.59074,39.133396],[-84.588752,39.132084],[-84.588282,39.131196],[-84.587798,39.131075],[-84.585964,39.12969],[-84.583302,39.128822],[-84.580904,39.128719],[-84.579291,39.129191],[-84.578653,39.129194],[-84.573935,39.127632],[-84.574184,39.126031],[-84.573889,39.124799],[-84.574333,39.12344],[-84.574648,39.120434],[-84.576651,39.120459],[-84.576993,39.116947],[-84.580963,39.117221],[-84.58123,39.114279],[-84.584146,39.114367],[-84.585355,39.114074],[-84.58668,39.113384],[-84.588477,39.113203],[-84.589969,39.113231],[-84.591005,39.113603],[-84.591813,39.114186],[-84.592927,39.115465],[-84.593612,39.115916],[-84.595391,39.116456],[-84.597519,39.116778],[-84.599149,39.11846],[-84.601848,39.122292],[-84.601942,39.122431],[-84.601158,39.125782],[-84.600899,39.128152],[-84.603225,39.128268],[-84.604138,39.128668],[-84.606161,39.12911],[-84.606639,39.12956],[-84.609194,39.131187],[-84.610131,39.130123],[-84.610669,39.129884],[-84.615273,39.130053],[-84.615808,39.130233],[-84.615405,39.130445]]}},{"type":"Feature","properties":{"route_id":"67","shape_id":"670015","route_short_name":"67","route_long_name":"Kemper Road","route_color":"#2A75B0","route_text_color":"#000000"},"geometry":{"type":"LineString","coordinates":[[-84.522566,39.29367],[-84.522749,39.293448],[-84.522587,39.292562],[-84.523976,39.292387],[-84.523257,39.288838],[-84.506393,39.290893],[-84.50396,39.290455],[-84.505092,39.286874],[-84.505081,39.285957],[-84.504516,39.284842],[-84.502052,39.281434],[-84.501509,39.280327],[-84.498639,39.281104],[-84.495871,39.281465],[-84.479563,39.282719],[-84.477986,39.282955],[-84.476629,39.283412],[-84.475111,39.284338],[-84.474108,39.285364],[-84.473233,39.28719],[-84.472386,39.287689],[-84.46855,39.287902],[-84.464378,39.287752],[-84.459259,39.287076],[-84.449913,39.286229],[-84.446943,39.28553],[-84.443397,39.285287],[-84.442967,39.28488],[-84.444153,39.274926],[-84.444482,39.27075],[-84.430826,39.269322],[-84.413,39.268354],[-84.41226,39.268583],[-84.411917,39.268931],[-84.411401,39.273772],[-84.409259,39.277504],[-84.408789,39.278037],[-84.401913,39.282947],[-84.398644,39.282908],[-84.396768,39.283118],[-84.395413,39.283539],[-84.391648,39.28519],[-84.390328,39.285569],[-84.38783,39.28567],[-84.382624,39.285315],[-84.371073,39.283022],[-84.371521,39.281828],[-84.371765,39.281679],[-84.372096,39.281735],[-84.375055,39.273764],[-84.371745,39.273297],[-84.370824,39.272804],[-84.370474,39.272015],[-84.370954,39.269517],[-84.365332,39.268799],[-84.36509,39.271286],[-84.3672,39.274459],[-84.367107,39.28083],[-84.367332,39.281174],[-84.368155,39.281668],[-84.368214,39.282378],[-84.361998,39.281373],[-84.357029,39.280861],[-84.345098,39.279028],[-84.327135,39.272885],[-84.325624,39.274601],[-84.315962,39.282621],[-84.314116,39.283951],[-84.312754,39.284612],[-84.302048,39.288804],[-84.300377,39.289726],[-84.298955,39.290796],[-84.298041,39.290607],[-84.296915,39.289983],[-84.296121,39.289821],[-84.294434,39.289915],[-84.292614,39.290401],[-84.29285,39.290735],[-84.293943,39.291164]]}},{"type":"Feature","properties":{"route_id":"67","shape_id":"670013","route_short_name":"67","route_long_name":"Kemper Road","route_color":"#2A75B0","route_text_color":"#000000"},"geometry":{"type":"LineString","coordinates":[[-84.293943,39.291164],[-84.295245,39.291751],[-84.296415,39.291861],[-84.297058,39.292186],[-84.300377,39.289726],[-84.302048,39.288804],[-84.312754,39.284612],[-84.314116,39.283951],[-84.315385,39.283089],[-84.323585,39.276438],[-84.325132,39.275122],[-84.327135,39.272885],[-84.345098,39.279028],[-84.357029,39.280861],[-84.361998,39.281373],[-84.368214,39.282378],[-84.368155,39.281668],[-84.367332,39.281174],[-84.367107,39.28083],[-84.3672,39.274459],[-84.36509,39.271286],[-84.365332,39.268799],[-84.370954,39.269517],[-84.370474,39.272015],[-84.370824,39.272804],[-84.371745,39.273297],[-84.375055,39.273764],[-84.372096,39.281735],[-84.371765,39.281679],[-84.371521,39.281828],[-84.371073,39.283022],[-84.382624,39.285315],[-84.38783,39.28567],[-84.390328,39.285569],[-84.391648,39.28519],[-84.395413,39.283539],[-84.396768,39.283118],[-84.398644,39.282908],[-84.401913,39.282947],[-84.40864,39.27815],[-84.409259,39.277504],[-84.411372,39.274088],[-84.411469,39.273151],[-84.412771,39.27179],[-84.413092,39.268362],[-84.430826,39.269322],[-84.444482,39.27075],[-84.444153,39.274926],[-84.442925,39.285259],[-84.446943,39.28553],[-84.449913,39.286229],[-84.466797,39.288053],[-84.473141,39.287658],[-84.473995,39.285854],[-84.474902,39.28472],[-84.476353,39.283698],[-84.478051,39.283072],[-84.479419,39.28286],[-84.494402,39.28176],[-84.498608,39.281241],[-84.501577,39.280465],[-84.502052,39.281434],[-84.504872,39.285393],[-84.505081,39.285957],[-84.505092,39.286874],[-84.50396,39.290455],[-84.506393,39.290893],[-84.523112,39.288856],[-84.523842,39.292404],[-84.522587,39.292562],[-84.522741,39.293347],[-84.521813,39.293525],[-84.521705,39.293764],[-84.521837,39.293974],[-84.522086,39.293986],[-84.522566,39.29367]]}},{"type":"Feature","properties":{"route_id":"71","shape_id":"710003","route_short_name":"71X","route_long_name":"Kings Island Express","route_color":"#C2D231","route_text_color":"#000000"},"geometry":{"type":"LineString","coordinates":[[-84.509974,39.1015],[-84.504726,39.102421],[-84.503933,39.102904],[-84.503872,39.103286],[-84.504289,39.10465],[-84.504156,39.10567],[-84.503817,39.106481],[-84.501646,39.109747],[-84.501052,39.110996],[-84.499936,39.115791],[-84.497886,39.121048],[-84.497216,39.126205],[-84.493357,39.134239],[-84.492471,39.135251],[-84.491501,39.136026],[-84.487139,39.13812],[-84.485262,39.139334],[-84.482395,39.142283],[-84.481509,39.142968],[-84.480041,39.143595],[-84.478281,39.143801],[-84.463845,39.142716],[-84.46139,39.142956],[-84.459089,39.143622],[-84.453665,39.14667],[-84.447245,39.1491],[-84.44491,39.150438],[-84.443843,39.151537],[-84.441529,39.154857],[-84.438426,39.158248],[-84.436113,39.161732],[-84.435263,39.162564],[-84.434036,39.163369],[-84.432379,39.163961],[-84.426122,39.165532],[-84.425084,39.166051],[-84.419788,39.169645],[-84.418423,39.17017],[-84.416913,39.170416],[-84.40386,39.170795],[-84.402317,39.171178],[-84.401184,39.171672],[-84.399446,39.173005],[-84.39845,39.174648],[-84.396084,39.182491],[-84.39514,39.183936],[-84.3942,39.184754],[-84.391416,39.186512],[-84.390541,39.187292],[-84.389838,39.18824],[-84.388495,39.19072],[-84.386898,39.192275],[-84.384846,39.193326],[-84.378443,39.195259],[-84.376808,39.196305],[-84.376057,39.197126],[-84.375422,39.198166],[-84.372278,39.204685],[-84.370898,39.208967],[-84.368644,39.219605],[-84.367205,39.223425],[-84.366669,39.225451],[-84.366598,39.226629],[-84.366899,39.233038],[-84.366816,39.235872],[-84.365444,39.249228],[-84.365015,39.251594],[-84.363848,39.254386],[-84.357171,39.265427],[-84.355058,39.267597],[-84.348799,39.272694],[-84.346267,39.274485],[-84.330593,39.282504],[-84.326953,39.284789],[-84.32484,39.286328],[-84.318599,39.291433],[-84.30429,39.302062],[-84.301789,39.304248],[-84.298791,39.307484],[-84.290959,39.317178],[-84.289164,39.319652],[-84.287005,39.323435],[-84.285186,39.328082],[-84.282784,39.333443],[-84.282103,39.333976],[-84.279801,39.335035],[-84.279263,39.335534],[-84.279098,39.336013],[-84.274823,39.335943],[-84.274816,39.337023],[-84.276757,39.337372],[-84.277265,39.338596],[-84.277412,39.339401],[-84.278625,39.339793],[-84.275919,39.344019],[-84.273101,39.346887],[-84.272831,39.346836],[-84.271805,39.347866],[-84.271861,39.348109],[-84.269885,39.35004],[-84.260421,39.35462],[-84.2608,39.355345],[-84.260107,39.356052],[-84.260035,39.356485]]}},{"type":"Feature","properties":{"route_id":"71","shape_id":"710011","route_short_name":"71X","route_long_name":"Kings Island Express","route_color":"#C2D231","route_text_color":"#000000"},"geometry":{"type":"LineString","coordinates":[[-84.260035,39.356485],[-84.259973,39.357474],[-84.259171,39.357427],[-84.258519,39.357083],[-84.258446,39.356642],[-84.258671,39.35596],[-84.259474,39.355098],[-84.270045,39.35007],[-84.275934,39.344206],[-84.27694,39.342788],[-84.278856,39.339431],[-84.279112,39.338158],[-84.278999,39.336648],[-84.279098,39.336013],[-84.274823,39.335943],[-84.274816,39.337023],[-84.276757,39.337372],[-84.277265,39.338596],[-84.277412,39.339401],[-84.278625,39.339793],[-84.279066,39.338629],[-84.279041,39.336227],[-84.279585,39.33542],[-84.280717,39.334793],[-84.283565,39.33416],[-84.284527,39.333512],[-84.28493,39.332704],[-84.285034,39.330217],[-84.286547,39.325435],[-84.287465,39.323217],[-84.288999,39.320416],[-84.291135,39.317385],[-84.298929,39.307728],[-84.302498,39.303947],[-84.305065,39.301784],[-84.318695,39.291715],[-84.326679,39.285267],[-84.33107,39.282518],[-84.344102,39.275931],[-84.346963,39.274295],[-84.348735,39.273027],[-84.355614,39.267422],[-84.357436,39.265464],[-84.363822,39.254937],[-84.364648,39.253323],[-84.365401,39.251135],[-84.367079,39.235591],[-84.367148,39.233357],[-84.366916,39.225611],[-84.367422,39.22357],[-84.368903,39.219637],[-84.371281,39.208398],[-84.372049,39.205961],[-84.373097,39.203473],[-84.375908,39.197761],[-84.377041,39.196384],[-84.37899,39.195253],[-84.384861,39.193534],[-84.386823,39.192581],[-84.388465,39.191109],[-84.390781,39.187348],[-84.391635,39.186595],[-84.394506,39.184788],[-84.395438,39.183944],[-84.396,39.183188],[-84.396501,39.182065],[-84.398802,39.174435],[-84.399948,39.172808],[-84.400823,39.172129],[-84.401932,39.171552],[-84.404185,39.170973],[-84.416223,39.170657],[-84.418676,39.170281],[-84.420233,39.169609],[-84.424736,39.166533],[-84.42595,39.165878],[-84.427083,39.165499],[-84.43207,39.164767],[-84.433735,39.164175],[-84.434842,39.163503],[-84.436044,39.162331],[-84.439053,39.157835],[-84.44206,39.154611],[-84.443903,39.151823],[-84.445151,39.150551],[-84.446813,39.14952],[-84.453748,39.146855],[-84.459064,39.143881],[-84.461338,39.143155],[-84.464325,39.142909],[-84.478376,39.144008],[-84.480298,39.143744],[-84.481928,39.142978],[-84.48583,39.1392],[-84.487279,39.138297],[-84.491566,39.136255],[-84.49292,39.135171],[-84.493673,39.134229],[-84.497373,39.126614],[-84.497663,39.125498],[-84.498271,39.120925],[-84.500384,39.117506],[-84.50146,39.114696],[-84.504575,39.110004],[-84.508683,39.10814],[-84.509681,39.107933],[-84.507827,39.100672],[-84.512678,39.099958],[-84.512967,39.101111],[-84.509974,39.1015]]}},{"type":"Feature","properties":{"route_id":"71","shape_id":"710004","route_short_name":"71X","route_long_name":"Kings Island Express","route_color":"#C2D231","route_text_color":"#000000"},"geometry":{"type":"LineString","coordinates":[[-84.509974,39.1015],[-84.504726,39.102421],[-84.503933,39.102904],[-84.503872,39.103286],[-84.504289,39.10465],[-84.504156,39.10567],[-84.503817,39.106481],[-84.501646,39.109747],[-84.501052,39.110996],[-84.499936,39.115791],[-84.497886,39.121048],[-84.497216,39.126205],[-84.493357,39.134239],[-84.492471,39.135251],[-84.491501,39.136026],[-84.487139,39.13812],[-84.485262,39.139334],[-84.482395,39.142283],[-84.481509,39.142968],[-84.480041,39.143595],[-84.478281,39.143801],[-84.463845,39.142716],[-84.46139,39.142956],[-84.459089,39.143622],[-84.453665,39.14667],[-84.447245,39.1491],[-84.44491,39.150438],[-84.443843,39.151537],[-84.441529,39.154857],[-84.438426,39.158248],[-84.436113,39.161732],[-84.435263,39.162564],[-84.434036,39.163369],[-84.432379,39.163961],[-84.426122,39.165532],[-84.425084,39.166051],[-84.419788,39.169645],[-84.418423,39.17017],[-84.416913,39.170416],[-84.40386,39.170795],[-84.402317,39.171178],[-84.401184,39.171672],[-84.399446,39.173005],[-84.39845,39.174648],[-84.396084,39.182491],[-84.395017,39.184078],[-84.390715,39.187116],[-84.389992,39.187987],[-84.388495,39.19072],[-84.386898,39.192275],[-84.385455,39.193082],[-84.383698,39.193459],[-84.380904,39.193725],[-84.380414,39.198935],[-84.373143,39.201624],[-84.372993,39.202479],[-84.370898,39.208967],[-84.368644,39.219605],[-84.367205,39.223425],[-84.366669,39.225451],[-84.366598,39.226629],[-84.366899,39.233038],[-84.366816,39.235872],[-84.365444,39.249228],[-84.365015,39.251594],[-84.363848,39.254386],[-84.357171,39.265427],[-84.355058,39.267597],[-84.348799,39.272694],[-84.346267,39.274485],[-84.330593,39.282504],[-84.326953,39.284789],[-84.32484,39.286328],[-84.318599,39.291433],[-84.30429,39.302062],[-84.301789,39.304248],[-84.298791,39.307484],[-84.290959,39.317178],[-84.289164,39.319652],[-84.287005,39.323435],[-84.285186,39.328082],[-84.282784,39.333443],[-84.282103,39.333976],[-84.279801,39.335035],[-84.279263,39.335534],[-84.279098,39.336013],[-84.274823,39.335943],[-84.274816,39.337023],[-84.276757,39.337372],[-84.277265,39.338596],[-84.277412,39.339401],[-84.278625,39.339793],[-84.275919,39.344019],[-84.273101,39.346887],[-84.272831,39.346836],[-84.271805,39.347866],[-84.271861,39.348109],[-84.269885,39.35004],[-84.260421,39.35462],[-84.2608,39.355345],[-84.260107,39.356052],[-84.260035,39.356485]]}},{"type":"Feature","properties":{"route_id":"71","shape_id":"710012","route_short_name":"71X","route_long_name":"Kings Island Express","route_color":"#C2D231","route_text_color":"#000000"},"geometry":{"type":"LineString","coordinates":[[-84.260035,39.356485],[-84.259973,39.357474],[-84.259171,39.357427],[-84.258519,39.357083],[-84.258446,39.356642],[-84.258671,39.35596],[-84.259474,39.355098],[-84.270045,39.35007],[-84.275934,39.344206],[-84.27694,39.342788],[-84.278856,39.339431],[-84.279112,39.338158],[-84.278999,39.336648],[-84.279098,39.336013],[-84.274823,39.335943],[-84.274816,39.337023],[-84.276757,39.337372],[-84.277265,39.338596],[-84.277412,39.339401],[-84.278625,39.339793],[-84.279066,39.338629],[-84.279041,39.336227],[-84.279585,39.33542],[-84.280717,39.334793],[-84.283565,39.33416],[-84.284527,39.333512],[-84.28493,39.332704],[-84.285034,39.330217],[-84.286547,39.325435],[-84.287465,39.323217],[-84.288999,39.320416],[-84.291135,39.317385],[-84.298929,39.307728],[-84.302498,39.303947],[-84.305065,39.301784],[-84.318695,39.291715],[-84.326679,39.285267],[-84.33107,39.282518],[-84.344102,39.275931],[-84.346963,39.274295],[-84.348735,39.273027],[-84.355614,39.267422],[-84.357436,39.265464],[-84.363822,39.254937],[-84.364648,39.253323],[-84.365401,39.251135],[-84.367079,39.235591],[-84.367148,39.233357],[-84.366916,39.225611],[-84.367422,39.22357],[-84.368903,39.219637],[-84.371281,39.208398],[-84.372049,39.205961],[-84.373097,39.203473],[-84.374752,39.201613],[-84.374947,39.200893],[-84.380414,39.198935],[-84.380937,39.195432],[-84.386234,39.192925],[-84.387453,39.192094],[-84.388774,39.19069],[-84.390129,39.188221],[-84.390781,39.187348],[-84.391635,39.186595],[-84.394506,39.184788],[-84.395438,39.183944],[-84.396,39.183188],[-84.396501,39.182065],[-84.398802,39.174435],[-84.399948,39.172808],[-84.400823,39.172129],[-84.401932,39.171552],[-84.404185,39.170973],[-84.416223,39.170657],[-84.418676,39.170281],[-84.420233,39.169609],[-84.424736,39.166533],[-84.42595,39.165878],[-84.427083,39.165499],[-84.43207,39.164767],[-84.433735,39.164175],[-84.434842,39.163503],[-84.436044,39.162331],[-84.439053,39.157835],[-84.44206,39.154611],[-84.443903,39.151823],[-84.445151,39.150551],[-84.446813,39.14952],[-84.453748,39.146855],[-84.459064,39.143881],[-84.461338,39.143155],[-84.464325,39.142909],[-84.478376,39.144008],[-84.480298,39.143744],[-84.481928,39.142978],[-84.48583,39.1392],[-84.487279,39.138297],[-84.491566,39.136255],[-84.49292,39.135171],[-84.493673,39.134229],[-84.497373,39.126614],[-84.497663,39.125498],[-84.498271,39.120925],[-84.500384,39.117506],[-84.50146,39.114696],[-84.504575,39.110004],[-84.508683,39.10814],[-84.509681,39.107933],[-84.507827,39.100672],[-84.512678,39.099958],[-84.512967,39.101111],[-84.509974,39.1015]]}},{"type":"Feature","properties":{"route_id":"74","shape_id":"740019","route_short_name":"74X","route_long_name":"Colerain Express","route_color":"#C2D231","route_text_color":"#000000"},"geometry":{"type":"LineString","coordinates":[[-84.51593,39.106205],[-84.515236,39.103449],[-84.512007,39.103933],[-84.511065,39.100196],[-84.519204,39.099022],[-84.52033,39.100841],[-84.521325,39.101707],[-84.529079,39.10499],[-84.530426,39.106009],[-84.531087,39.106988],[-84.531516,39.10866],[-84.531242,39.11205],[-84.531379,39.113389],[-84.532114,39.114817],[-84.534818,39.118513],[-84.535289,39.119665],[-84.535437,39.120625],[-84.535214,39.123096],[-84.534734,39.125366],[-84.53415,39.127274],[-84.532536,39.131342],[-84.53238,39.132484],[-84.53252,39.134126],[-84.533821,39.137573],[-84.534994,39.142245],[-84.535413,39.143294],[-84.536202,39.144544],[-84.537847,39.146605],[-84.538924,39.149115],[-84.540689,39.15128],[-84.54148,39.153005],[-84.542259,39.154],[-84.54293,39.154536],[-84.548732,39.157883],[-84.552561,39.161018],[-84.55383,39.161624],[-84.555212,39.16199],[-84.557164,39.162078],[-84.559318,39.161633],[-84.560608,39.161019],[-84.564259,39.158795],[-84.566291,39.158073],[-84.568662,39.157977],[-84.569675,39.158163],[-84.571228,39.158755],[-84.572404,39.159554],[-84.576429,39.163527],[-84.589416,39.177421],[-84.591295,39.179211],[-84.592918,39.180435],[-84.595381,39.181979],[-84.600528,39.184482],[-84.601922,39.18599],[-84.603063,39.186371],[-84.602362,39.187717],[-84.600505,39.18929],[-84.599425,39.190625],[-84.599182,39.191836],[-84.599088,39.194556],[-84.599523,39.19543],[-84.601028,39.197295],[-84.601172,39.197713],[-84.60055,39.20153],[-84.59948,39.204966],[-84.599821,39.210184],[-84.599393,39.211463],[-84.600964,39.219507],[-84.601529,39.220753],[-84.601264,39.223384],[-84.600425,39.224769],[-84.600205,39.226345],[-84.599482,39.227929],[-84.599185,39.231484],[-84.595637,39.231718],[-84.593044,39.231618],[-84.591523,39.230928],[-84.590088,39.230932],[-84.597194,39.249886],[-84.598783,39.252991],[-84.599482,39.252814],[-84.601443,39.253068],[-84.602891,39.252814],[-84.60346,39.252989],[-84.603816,39.253406],[-84.604029,39.25335],[-84.603439,39.252901],[-84.603435,39.252742],[-84.602696,39.252629]]}},{"type":"Feature","properties":{"route_id":"74","shape_id":"740020","route_short_name":"74X","route_long_name":"Colerain Express","route_color":"#C2D231","route_text_color":"#000000"},"geometry":{"type":"LineString","coordinates":[[-84.51593,39.106205],[-84.515236,39.103449],[-84.512007,39.103933],[-84.511065,39.100196],[-84.519204,39.099022],[-84.52033,39.100841],[-84.521325,39.101707],[-84.529079,39.10499],[-84.530426,39.106009],[-84.531087,39.106988],[-84.531516,39.10866],[-84.531242,39.11205],[-84.531379,39.113389],[-84.532114,39.114817],[-84.534818,39.118513],[-84.535289,39.119665],[-84.535437,39.120625],[-84.535214,39.123096],[-84.534734,39.125366],[-84.53415,39.127274],[-84.532536,39.131342],[-84.53238,39.132484],[-84.53252,39.134126],[-84.533821,39.137573],[-84.534994,39.142245],[-84.535413,39.143294],[-84.536202,39.144544],[-84.537847,39.146605],[-84.538924,39.149115],[-84.540689,39.15128],[-84.54148,39.153005],[-84.542259,39.154],[-84.54293,39.154536],[-84.548732,39.157883],[-84.552561,39.161018],[-84.55383,39.161624],[-84.555212,39.16199],[-84.557164,39.162078],[-84.559318,39.161633],[-84.560608,39.161019],[-84.564259,39.158795],[-84.566291,39.158073],[-84.568662,39.157977],[-84.569675,39.158163],[-84.571228,39.158755],[-84.572404,39.159554],[-84.576429,39.163527],[-84.589416,39.177421],[-84.591295,39.179211],[-84.592918,39.180435],[-84.595381,39.181979],[-84.600528,39.184482],[-84.601922,39.18599],[-84.603063,39.186371],[-84.602362,39.187717],[-84.600505,39.18929],[-84.599425,39.190625],[-84.599265,39.19103],[-84.599088,39.194556],[-84.599523,39.19543],[-84.601028,39.197295],[-84.601172,39.197713],[-84.60055,39.20153],[-84.59946,39.205157],[-84.599821,39.210184],[-84.599393,39.211463],[-84.599683,39.212828],[-84.597334,39.212766],[-84.595092,39.212325],[-84.589138,39.212012],[-84.587699,39.211487],[-84.584237,39.21128],[-84.586104,39.220146],[-84.587025,39.222975],[-84.597194,39.249886],[-84.598783,39.252991],[-84.599482,39.252814],[-84.601443,39.253068],[-84.602891,39.252814],[-84.60346,39.252989],[-84.603816,39.253406],[-84.604029,39.25335],[-84.603439,39.252901],[-84.603435,39.252742],[-84.602696,39.252629]]}},{"type":"Feature","properties":{"route_id":"74","shape_id":"740013","route_short_name":"74X","route_long_name":"Colerain Express","route_color":"#C2D231","route_text_color":"#000000"},"geometry":{"type":"LineString","coordinates":[[-84.602696,39.252629],[-84.601403,39.253002],[-84.599482,39.252814],[-84.598946,39.252927],[-84.597439,39.250075],[-84.596805,39.248489],[-84.59023,39.2309],[-84.59171,39.230975],[-84.592565,39.231503],[-84.593044,39.231618],[-84.595637,39.231718],[-84.599185,39.231484],[-84.599482,39.227929],[-84.600205,39.226345],[-84.600425,39.224769],[-84.601264,39.223384],[-84.601529,39.220753],[-84.600964,39.219507],[-84.599393,39.211463],[-84.599821,39.210184],[-84.59948,39.204966],[-84.60055,39.20153],[-84.601172,39.197713],[-84.601028,39.197295],[-84.599523,39.19543],[-84.599088,39.194556],[-84.599265,39.19103],[-84.599425,39.190625],[-84.600505,39.18929],[-84.602576,39.187447],[-84.603945,39.184178],[-84.604708,39.183799],[-84.605358,39.184089],[-84.605356,39.184623],[-84.604616,39.184926],[-84.600282,39.183759],[-84.596634,39.182338],[-84.594669,39.181253],[-84.59254,39.17981],[-84.590068,39.177694],[-84.573117,39.159534],[-84.571563,39.158403],[-84.569254,39.157631],[-84.567615,39.157511],[-84.566045,39.157691],[-84.563736,39.158562],[-84.560038,39.160818],[-84.558691,39.161476],[-84.557041,39.16185],[-84.555178,39.161823],[-84.553891,39.161511],[-84.552414,39.160799],[-84.548775,39.15777],[-84.542664,39.15409],[-84.541762,39.152878],[-84.539591,39.147793],[-84.538861,39.146788],[-84.537032,39.144968],[-84.53585,39.143228],[-84.535216,39.141723],[-84.534084,39.137497],[-84.532812,39.133967],[-84.532707,39.132651],[-84.5329,39.13119],[-84.535009,39.126492],[-84.535377,39.125113],[-84.535693,39.120631],[-84.53529,39.118993],[-84.534567,39.117781],[-84.5325,39.115004],[-84.531637,39.113409],[-84.531454,39.111858],[-84.531731,39.10864],[-84.531439,39.107242],[-84.531002,39.106436],[-84.530066,39.105377],[-84.527216,39.103838],[-84.525251,39.102547],[-84.524658,39.102372],[-84.52269,39.102361],[-84.512007,39.103933],[-84.511065,39.100196],[-84.5173,39.099267]]}},{"type":"Feature","properties":{"route_id":"74","shape_id":"740018","route_short_name":"74X","route_long_name":"Colerain Express","route_color":"#C2D231","route_text_color":"#000000"},"geometry":{"type":"LineString","coordinates":[[-84.602696,39.252629],[-84.601403,39.253002],[-84.599482,39.252814],[-84.598946,39.252927],[-84.597439,39.250075],[-84.586118,39.220029],[-84.584365,39.211288],[-84.587699,39.211487],[-84.589138,39.212012],[-84.595092,39.212325],[-84.597334,39.212766],[-84.599683,39.212828],[-84.599393,39.211463],[-84.599821,39.210184],[-84.59946,39.205157],[-84.60055,39.20153],[-84.601172,39.197713],[-84.601028,39.197295],[-84.599523,39.19543],[-84.599088,39.194556],[-84.599265,39.19103],[-84.599425,39.190625],[-84.600505,39.18929],[-84.602576,39.187447],[-84.603945,39.184178],[-84.604708,39.183799],[-84.605358,39.184089],[-84.605356,39.184623],[-84.604616,39.184926],[-84.600282,39.183759],[-84.596634,39.182338],[-84.594669,39.181253],[-84.59254,39.17981],[-84.590068,39.177694],[-84.573117,39.159534],[-84.571563,39.158403],[-84.569254,39.157631],[-84.567615,39.157511],[-84.566045,39.157691],[-84.563736,39.158562],[-84.560038,39.160818],[-84.558691,39.161476],[-84.557041,39.16185],[-84.555178,39.161823],[-84.553891,39.161511],[-84.552414,39.160799],[-84.548775,39.15777],[-84.542664,39.15409],[-84.541762,39.152878],[-84.539591,39.147793],[-84.538861,39.146788],[-84.537032,39.144968],[-84.53585,39.143228],[-84.535216,39.141723],[-84.534084,39.137497],[-84.532812,39.133967],[-84.532707,39.132651],[-84.5329,39.13119],[-84.535009,39.126492],[-84.535377,39.125113],[-84.535693,39.120631],[-84.53529,39.118993],[-84.534567,39.117781],[-84.5325,39.115004],[-84.531637,39.113409],[-84.531454,39.111858],[-84.531731,39.10864],[-84.531439,39.107242],[-84.531002,39.106436],[-84.530066,39.105377],[-84.527216,39.103838],[-84.525251,39.102547],[-84.524658,39.102372],[-84.52269,39.102361],[-84.512007,39.103933],[-84.511065,39.100196],[-84.5173,39.099267]]}},{"type":"Feature","properties":{"route_id":"75","shape_id":"750008","route_short_name":"75X","route_long_name":"Anderson Express","route_color":"#C2D231","route_text_color":"#000000"},"geometry":{"type":"LineString","coordinates":[[-84.508343,39.103191],[-84.514923,39.102208],[-84.514608,39.100957],[-84.511233,39.101301],[-84.504438,39.102447],[-84.503964,39.102729],[-84.503767,39.103105],[-84.504134,39.104497],[-84.504044,39.104837],[-84.503565,39.105159],[-84.502944,39.10515],[-84.500901,39.103593],[-84.491492,39.098765],[-84.489326,39.098109],[-84.485809,39.097574],[-84.483935,39.096843],[-84.478401,39.093296],[-84.477043,39.092082],[-84.476387,39.091149],[-84.472614,39.083963],[-84.470458,39.078505],[-84.469821,39.077331],[-84.468117,39.075518],[-84.464402,39.072938],[-84.463676,39.072093],[-84.463303,39.07117],[-84.463272,39.069872],[-84.463684,39.068805],[-84.468201,39.063024],[-84.469261,39.061043],[-84.469513,39.060017],[-84.469612,39.058613],[-84.469612,39.055235],[-84.469393,39.054209],[-84.468974,39.053331],[-84.468321,39.052472],[-84.464082,39.048658],[-84.462014,39.047209],[-84.45999,39.046574],[-84.458554,39.046537],[-84.45636,39.046896],[-84.45002,39.048524],[-84.425054,39.059445],[-84.423162,39.060079],[-84.421676,39.060318],[-84.419327,39.060284],[-84.416949,39.059741],[-84.409283,39.056773],[-84.405816,39.055654],[-84.403172,39.05518],[-84.394839,39.054454],[-84.393402,39.054504],[-84.391932,39.054812],[-84.390605,39.055352],[-84.387616,39.057078],[-84.385303,39.057657],[-84.384152,39.057687],[-84.38204,39.05732],[-84.375612,39.055147],[-84.374298,39.054914],[-84.372101,39.054814],[-84.368882,39.055167],[-84.361278,39.05732],[-84.35653,39.057993],[-84.35551,39.057913],[-84.35273,39.061064],[-84.352027,39.062357],[-84.351946,39.063531],[-84.352716,39.067644],[-84.352613,39.068619],[-84.352123,39.070411],[-84.351885,39.077355],[-84.351633,39.078592],[-84.351054,39.080007],[-84.350542,39.079832],[-84.350711,39.079255],[-84.350325,39.0789]]}},{"type":"Feature","properties":{"route_id":"75","shape_id":"750007","route_short_name":"75X","route_long_name":"Anderson Express","route_color":"#C2D231","route_text_color":"#000000"},"geometry":{"type":"LineString","coordinates":[[-84.350325,39.0789],[-84.349718,39.078365],[-84.349751,39.077782],[-84.348721,39.076868],[-84.347472,39.075119],[-84.345347,39.07488],[-84.345381,39.072752],[-84.35205,39.072831],[-84.352303,39.070037],[-84.352713,39.068674],[-84.352834,39.067655],[-84.351967,39.063689],[-84.351992,39.062592],[-84.352613,39.061383],[-84.35378,39.060013],[-84.355515,39.059212],[-84.367836,39.05576],[-84.370213,39.055334],[-84.372582,39.05524],[-84.374908,39.055467],[-84.376633,39.055833],[-84.382427,39.05774],[-84.384638,39.057986],[-84.385926,39.057872],[-84.38749,39.057459],[-84.391716,39.055226],[-84.393499,39.05476],[-84.394589,39.054707],[-84.40179,39.055293],[-84.405232,39.0558],[-84.407601,39.056453],[-84.41778,39.060305],[-84.419857,39.060645],[-84.42185,39.060637],[-84.424896,39.059887],[-84.449944,39.048932],[-84.451645,39.048433],[-84.453933,39.048082],[-84.456045,39.048008],[-84.457848,39.048217],[-84.460808,39.04893],[-84.466442,39.051262],[-84.46801,39.052415],[-84.469032,39.053934],[-84.46936,39.055405],[-84.469353,39.05818],[-84.469284,39.059768],[-84.468956,39.061126],[-84.468048,39.062823],[-84.463585,39.068487],[-84.463051,39.06962],[-84.46299,39.070929],[-84.46331,39.071955],[-84.46402,39.072929],[-84.468125,39.075829],[-84.469572,39.077427],[-84.470237,39.078646],[-84.472218,39.08373],[-84.476097,39.091134],[-84.476891,39.092237],[-84.478436,39.093523],[-84.48391,39.097006],[-84.485763,39.097721],[-84.489708,39.098338],[-84.491074,39.098782],[-84.50003,39.103384],[-84.501988,39.104983],[-84.50273,39.105091],[-84.503303,39.104962],[-84.505101,39.103691],[-84.514923,39.102208],[-84.514608,39.100957],[-84.509974,39.1015]]}},{"type":"Feature","properties":{"route_id":"77","shape_id":"770019","route_short_name":"77","route_long_name":"Delhi","route_color":"#C2D231","route_text_color":"#000000"},"geometry":{"type":"LineString","coordinates":[[-84.510023,39.102656],[-84.510833,39.105869],[-84.520437,39.104415],[-84.523744,39.103723],[-84.52719,39.103283],[-84.531589,39.103597],[-84.536225,39.104163],[-84.538399,39.104142],[-84.553216,39.105299],[-84.554164,39.102084],[-84.55399,39.10128],[-84.553522,39.100756],[-84.557555,39.097085],[-84.558758,39.09547],[-84.560807,39.093528],[-84.562037,39.091848],[-84.563763,39.089985],[-84.566117,39.088399],[-84.568302,39.088224],[-84.568997,39.088218],[-84.569779,39.089254],[-84.573667,39.091898],[-84.574014,39.09254],[-84.574039,39.093465],[-84.574365,39.094008],[-84.577402,39.09533],[-84.578806,39.096465],[-84.579993,39.096897],[-84.583003,39.09756],[-84.584216,39.097587],[-84.585422,39.097368],[-84.589933,39.095742],[-84.590952,39.095167],[-84.592722,39.093721],[-84.593644,39.093385],[-84.594688,39.093406],[-84.597118,39.09417],[-84.599739,39.094405],[-84.600164,39.090356],[-84.604603,39.089397],[-84.606304,39.090074],[-84.605703,39.095183],[-84.605809,39.09522],[-84.606607,39.095353],[-84.609556,39.095274],[-84.612878,39.094874],[-84.617883,39.094008],[-84.621925,39.092507],[-84.622993,39.092448],[-84.624366,39.092952],[-84.625654,39.093645],[-84.627973,39.094127],[-84.630871,39.095174],[-84.632235,39.095282],[-84.635805,39.096115],[-84.640732,39.096582],[-84.642032,39.096511],[-84.644693,39.099549],[-84.649766,39.101891],[-84.651285,39.102889],[-84.651978,39.103126],[-84.652867,39.103124],[-84.654596,39.10271],[-84.658195,39.103282],[-84.663443,39.103321],[-84.665247,39.103195],[-84.667369,39.102537],[-84.670161,39.100877],[-84.670744,39.100269],[-84.67298,39.100871],[-84.676981,39.101057],[-84.678797,39.10156],[-84.682898,39.103554],[-84.683294,39.104042],[-84.68615,39.105631],[-84.690218,39.109626],[-84.700533,39.122123],[-84.702565,39.125578],[-84.70432,39.126524],[-84.704941,39.127241],[-84.705082,39.127601],[-84.704906,39.128644],[-84.705039,39.129245],[-84.706658,39.131402],[-84.707667,39.131161],[-84.709373,39.135558],[-84.709909,39.136553],[-84.709873,39.137166],[-84.710398,39.137241],[-84.711496,39.137814]]}},{"type":"Feature","properties":{"route_id":"77","shape_id":"770017","route_short_name":"77","route_long_name":"Delhi","route_color":"#C2D231","route_text_color":"#000000"},"geometry":{"type":"LineString","coordinates":[[-84.711496,39.137814],[-84.715025,39.139228],[-84.715295,39.138773],[-84.711141,39.137387],[-84.709909,39.136553],[-84.709373,39.135558],[-84.707667,39.131161],[-84.706658,39.131402],[-84.705039,39.129245],[-84.704906,39.128644],[-84.705082,39.127601],[-84.704941,39.127241],[-84.70432,39.126524],[-84.702565,39.125578],[-84.700533,39.122123],[-84.696848,39.117518],[-84.696349,39.117163],[-84.69038,39.109807],[-84.687371,39.106701],[-84.68615,39.105631],[-84.683294,39.104042],[-84.683142,39.103864],[-84.683204,39.103702],[-84.678797,39.10156],[-84.676981,39.101057],[-84.67298,39.100871],[-84.670744,39.100269],[-84.670161,39.100877],[-84.667369,39.102537],[-84.665247,39.103195],[-84.663443,39.103321],[-84.658195,39.103282],[-84.654596,39.10271],[-84.652867,39.103124],[-84.651978,39.103126],[-84.651285,39.102889],[-84.649766,39.101891],[-84.644693,39.099549],[-84.642032,39.096511],[-84.640732,39.096582],[-84.635805,39.096115],[-84.632235,39.095282],[-84.630871,39.095174],[-84.627973,39.094127],[-84.625654,39.093645],[-84.624366,39.092952],[-84.622993,39.092448],[-84.621925,39.092507],[-84.617883,39.094008],[-84.612878,39.094874],[-84.609556,39.095274],[-84.606607,39.095353],[-84.605809,39.09522],[-84.605703,39.095183],[-84.606304,39.090074],[-84.604603,39.089397],[-84.600164,39.090356],[-84.599739,39.094405],[-84.597118,39.09417],[-84.594688,39.093406],[-84.593644,39.093385],[-84.592722,39.093721],[-84.590952,39.095167],[-84.589933,39.095742],[-84.585422,39.097368],[-84.584216,39.097587],[-84.583003,39.09756],[-84.579993,39.096897],[-84.578806,39.096465],[-84.577402,39.09533],[-84.574675,39.094141],[-84.574141,39.09351],[-84.573978,39.092401],[-84.573667,39.091898],[-84.569779,39.089254],[-84.568997,39.088218],[-84.568302,39.088224],[-84.566117,39.088399],[-84.563763,39.089985],[-84.562037,39.091848],[-84.560807,39.093528],[-84.558758,39.09547],[-84.557555,39.097085],[-84.553522,39.100756],[-84.55399,39.10128],[-84.554164,39.102084],[-84.553216,39.105299],[-84.535865,39.10398],[-84.531375,39.103405],[-84.527993,39.103178],[-84.526781,39.10298],[-84.524556,39.102297],[-84.52269,39.102361],[-84.515236,39.103449],[-84.514608,39.100957],[-84.509837,39.101543],[-84.510023,39.102656]]}},{"type":"Feature","properties":{"route_id":"78","shape_id":"780060","route_short_name":"78","route_long_name":"Vine Street","route_color":"#F68923","route_text_color":"#000000"},"geometry":{"type":"LineString","coordinates":[[-84.45452,39.281781],[-84.454475,39.282511],[-84.453748,39.282605],[-84.453298,39.286574],[-84.466797,39.288053],[-84.473141,39.287658],[-84.47385,39.286099],[-84.474607,39.285019],[-84.475749,39.284068],[-84.477444,39.283238],[-84.479419,39.28286],[-84.485416,39.282453],[-84.485021,39.28133],[-84.484519,39.280572],[-84.469518,39.265108],[-84.469164,39.264442],[-84.469286,39.26317],[-84.468501,39.263131],[-84.468412,39.263891],[-84.467288,39.263976],[-84.466604,39.263853],[-84.466639,39.263475],[-84.466242,39.26344],[-84.466277,39.262978],[-84.466963,39.263017],[-84.46705,39.262881],[-84.466411,39.262852],[-84.466259,39.263069],[-84.463244,39.262744],[-84.465361,39.258409],[-84.46598,39.257928],[-84.466157,39.257521],[-84.469757,39.257798],[-84.475275,39.200303],[-84.475606,39.199115],[-84.476094,39.198176],[-84.476588,39.19767],[-84.484937,39.189767],[-84.491034,39.184282],[-84.496399,39.177846],[-84.496781,39.174808],[-84.496712,39.17228],[-84.497231,39.1708],[-84.497614,39.167749],[-84.50281,39.164302],[-84.504952,39.158913],[-84.505152,39.15689],[-84.506577,39.154204],[-84.507168,39.153237],[-84.507971,39.152368],[-84.509224,39.151636],[-84.511422,39.149457],[-84.512103,39.148494],[-84.513427,39.145924],[-84.513461,39.145507],[-84.513247,39.14515],[-84.511728,39.144842],[-84.509346,39.142333],[-84.509269,39.141438],[-84.509514,39.138234],[-84.50912,39.136056],[-84.509407,39.135517],[-84.510452,39.134837],[-84.510901,39.134175],[-84.511462,39.129326],[-84.511182,39.128247],[-84.511232,39.127745],[-84.514162,39.1246],[-84.515046,39.121972],[-84.516051,39.120711],[-84.517432,39.119693],[-84.517516,39.11931],[-84.516928,39.116836],[-84.518543,39.116584],[-84.515236,39.103449],[-84.512007,39.103933],[-84.51138,39.101445]]}},{"type":"Feature","properties":{"route_id":"78","shape_id":"780003","route_short_name":"78","route_long_name":"Vine Street","route_color":"#F68923","route_text_color":"#000000"},"geometry":{"type":"LineString","coordinates":[[-84.478219,39.171965],[-84.478605,39.168344],[-84.497273,39.170343],[-84.497614,39.167749],[-84.502456,39.164625],[-84.502893,39.16418],[-84.504952,39.158913],[-84.505152,39.15689],[-84.506577,39.154204],[-84.507168,39.153237],[-84.507971,39.152368],[-84.509224,39.151636],[-84.511422,39.149457],[-84.512103,39.148494],[-84.513383,39.146064],[-84.513472,39.145617],[-84.513321,39.145216],[-84.511728,39.144842],[-84.509346,39.142333],[-84.509269,39.141438],[-84.509514,39.138234],[-84.50912,39.136056],[-84.509407,39.135517],[-84.510452,39.134837],[-84.510901,39.134175],[-84.511462,39.129326],[-84.511182,39.128247],[-84.511232,39.127745],[-84.514162,39.1246],[-84.515046,39.121972],[-84.516051,39.120711],[-84.517432,39.119693],[-84.517516,39.11931],[-84.516928,39.116836],[-84.518543,39.116584],[-84.515236,39.103449],[-84.512007,39.103933],[-84.51138,39.101445]]}},{"type":"Feature","properties":{"route_id":"78","shape_id":"780059","route_short_name":"78","route_long_name":"Vine Street","route_color":"#F68923","route_text_color":"#000000"},"geometry":{"type":"LineString","coordinates":[[-84.51138,39.101445],[-84.511065,39.100196],[-84.512678,39.099958],[-84.517523,39.119387],[-84.517344,39.119826],[-84.516051,39.120711],[-84.515046,39.121972],[-84.514162,39.1246],[-84.511232,39.127745],[-84.511182,39.128247],[-84.511407,39.129214],[-84.510884,39.134012],[-84.51048,39.134654],[-84.50942,39.13539],[-84.509108,39.13613],[-84.509514,39.138234],[-84.509269,39.141438],[-84.509346,39.142333],[-84.511728,39.144842],[-84.513321,39.145216],[-84.513472,39.145617],[-84.513383,39.146064],[-84.512103,39.148494],[-84.511422,39.149457],[-84.509224,39.151636],[-84.507971,39.152368],[-84.507168,39.153237],[-84.506577,39.154204],[-84.505152,39.15689],[-84.504952,39.158913],[-84.50281,39.164302],[-84.497614,39.167749],[-84.497231,39.1708],[-84.496712,39.17228],[-84.496781,39.174808],[-84.496399,39.177846],[-84.490857,39.184462],[-84.484937,39.189767],[-84.476201,39.198056],[-84.475606,39.199115],[-84.475275,39.200303],[-84.469164,39.264442],[-84.469518,39.265108],[-84.484519,39.280572],[-84.485021,39.28133],[-84.485397,39.282302],[-84.479086,39.282765],[-84.477343,39.283147],[-84.475926,39.283774],[-84.474531,39.284861],[-84.473785,39.285868],[-84.473233,39.28719],[-84.472767,39.287535],[-84.472386,39.287689],[-84.466829,39.287915],[-84.453298,39.286574],[-84.453748,39.282605],[-84.454475,39.282511],[-84.45452,39.281781]]}},{"type":"Feature","properties":{"route_id":"78","shape_id":"780047","route_short_name":"78","route_long_name":"Vine Street","route_color":"#F68923","route_text_color":"#000000"},"geometry":{"type":"LineString","coordinates":[[-84.51138,39.101445],[-84.511065,39.100196],[-84.512678,39.099958],[-84.517523,39.119387],[-84.517344,39.119826],[-84.516051,39.120711],[-84.515046,39.121972],[-84.514162,39.1246],[-84.511232,39.127745],[-84.511182,39.128247],[-84.511407,39.129214],[-84.510884,39.134012],[-84.51048,39.134654],[-84.50942,39.13539],[-84.509108,39.13613],[-84.509514,39.138234],[-84.509269,39.141438],[-84.509346,39.142333],[-84.511728,39.144842],[-84.513321,39.145216],[-84.513472,39.145617],[-84.513383,39.146064],[-84.512103,39.148494],[-84.511422,39.149457],[-84.509224,39.151636],[-84.507971,39.152368],[-84.507168,39.153237],[-84.506577,39.154204],[-84.505152,39.15689],[-84.504952,39.158913],[-84.502893,39.16418],[-84.502456,39.164625],[-84.497614,39.167749],[-84.497273,39.170343],[-84.478605,39.168344],[-84.476337,39.189878],[-84.476063,39.190683],[-84.475247,39.191966],[-84.475047,39.192692],[-84.475165,39.193585],[-84.476416,39.19664],[-84.476094,39.198176],[-84.472683,39.200277],[-84.471859,39.20116],[-84.470524,39.201933],[-84.467817,39.204547],[-84.466276,39.207095],[-84.463613,39.212208],[-84.461965,39.217876],[-84.4614,39.220623],[-84.460929,39.22719],[-84.455162,39.227132],[-84.451518,39.224932],[-84.449967,39.22648],[-84.44703,39.233382],[-84.447011,39.233716],[-84.447241,39.234155],[-84.448141,39.235068],[-84.449001,39.235677],[-84.450428,39.236091],[-84.452986,39.236152],[-84.452868,39.236575],[-84.452247,39.23709],[-84.452192,39.238377],[-84.451193,39.241581],[-84.451284,39.24329],[-84.450921,39.244495],[-84.450605,39.248067],[-84.452496,39.248215],[-84.452492,39.248432],[-84.456807,39.248571],[-84.457064,39.244092],[-84.457822,39.242917],[-84.457273,39.241604],[-84.457469,39.239495],[-84.460705,39.239588],[-84.464214,39.24504],[-84.464982,39.24667],[-84.465002,39.249721],[-84.464429,39.254614],[-84.463887,39.257354],[-84.467872,39.257657],[-84.467824,39.257303],[-84.467513,39.25685],[-84.467797,39.255218],[-84.468173,39.254885],[-84.46873,39.254835],[-84.470025,39.254947],[-84.469757,39.257798],[-84.448115,39.25611],[-84.444495,39.254404],[-84.440877,39.2536],[-84.439486,39.253631],[-84.432135,39.254566],[-84.426454,39.254353],[-84.426786,39.25345],[-84.426565,39.252089],[-84.426965,39.251165],[-84.426777,39.249944],[-84.427952,39.24828],[-84.428735,39.248145],[-84.428871,39.248314],[-84.429865,39.248197],[-84.430559,39.248294],[-84.43087,39.249611],[-84.431353,39.249695],[-84.43108,39.250164],[-84.430157,39.250751]]}},{"type":"Feature","properties":{"route_id":"78","shape_id":"780046","route_short_name":"78","route_long_name":"Vine Street","route_color":"#F68923","route_text_color":"#000000"},"geometry":{"type":"LineString","coordinates":[[-84.430157,39.250751],[-84.42888,39.252852],[-84.428328,39.253055],[-84.426692,39.252852],[-84.426786,39.25345],[-84.426454,39.254353],[-84.432363,39.254634],[-84.438895,39.253702],[-84.440877,39.2536],[-84.444495,39.254404],[-84.448115,39.25611],[-84.467872,39.257657],[-84.467824,39.257303],[-84.467513,39.25685],[-84.467797,39.255218],[-84.468173,39.254885],[-84.46873,39.254835],[-84.470025,39.254947],[-84.469757,39.257798],[-84.463887,39.257354],[-84.464429,39.254614],[-84.465002,39.249721],[-84.464982,39.24667],[-84.464214,39.24504],[-84.460705,39.239588],[-84.457469,39.239495],[-84.457273,39.241604],[-84.457822,39.242917],[-84.457064,39.244092],[-84.456807,39.248571],[-84.452492,39.248432],[-84.452496,39.248215],[-84.450605,39.248067],[-84.450921,39.244495],[-84.451284,39.24329],[-84.451193,39.241581],[-84.452192,39.238377],[-84.452247,39.23709],[-84.452868,39.236575],[-84.452986,39.236152],[-84.450428,39.236091],[-84.449001,39.235677],[-84.448141,39.235068],[-84.447241,39.234155],[-84.447011,39.233716],[-84.44703,39.233382],[-84.449967,39.22648],[-84.451518,39.224932],[-84.455162,39.227132],[-84.460929,39.22719],[-84.4614,39.220623],[-84.461965,39.217876],[-84.463613,39.212208],[-84.466276,39.207095],[-84.467817,39.204547],[-84.470524,39.201933],[-84.471859,39.20116],[-84.472683,39.200277],[-84.476094,39.198176],[-84.476416,39.19664],[-84.475165,39.193585],[-84.475047,39.192692],[-84.475247,39.191966],[-84.476063,39.190683],[-84.476337,39.189878],[-84.478605,39.168344],[-84.497273,39.170343],[-84.497614,39.167749],[-84.502456,39.164625],[-84.502893,39.16418],[-84.504952,39.158913],[-84.505152,39.15689],[-84.506577,39.154204],[-84.507168,39.153237],[-84.507971,39.152368],[-84.509224,39.151636],[-84.511422,39.149457],[-84.512103,39.148494],[-84.513383,39.146064],[-84.513472,39.145617],[-84.513321,39.145216],[-84.511728,39.144842],[-84.509346,39.142333],[-84.509269,39.141438],[-84.509514,39.138234],[-84.50912,39.136056],[-84.509407,39.135517],[-84.510452,39.134837],[-84.510901,39.134175],[-84.511462,39.129326],[-84.511182,39.128247],[-84.511232,39.127745],[-84.514162,39.1246],[-84.515046,39.121972],[-84.516051,39.120711],[-84.517432,39.119693],[-84.517516,39.11931],[-84.516928,39.116836],[-84.518543,39.116584],[-84.515236,39.103449],[-84.512007,39.103933],[-84.51138,39.101445]]}},{"type":"Feature","properties":{"route_id":"78","shape_id":"780057","route_short_name":"78","route_long_name":"Vine Street","route_color":"#F68923","route_text_color":"#000000"},"geometry":{"type":"LineString","coordinates":[[-84.51138,39.101445],[-84.511065,39.100196],[-84.512678,39.099958],[-84.517523,39.119387],[-84.517344,39.119826],[-84.516051,39.120711],[-84.515046,39.121972],[-84.514162,39.1246],[-84.511232,39.127745],[-84.511182,39.128247],[-84.511407,39.129214],[-84.510884,39.134012],[-84.51048,39.134654],[-84.50942,39.13539],[-84.509108,39.13613],[-84.509514,39.138234],[-84.509269,39.141438],[-84.509346,39.142333],[-84.511728,39.144842],[-84.513247,39.14515],[-84.513461,39.145507],[-84.513427,39.145924],[-84.512103,39.148494],[-84.511422,39.149457],[-84.509224,39.151636],[-84.507971,39.152368],[-84.507168,39.153237],[-84.506577,39.154204],[-84.505152,39.15689],[-84.504952,39.158913],[-84.50281,39.164302],[-84.497614,39.167749],[-84.497231,39.1708],[-84.496712,39.17228],[-84.496781,39.174808],[-84.496399,39.177846],[-84.491148,39.184165],[-84.484937,39.189767],[-84.476588,39.19767],[-84.476094,39.198176],[-84.475606,39.199115],[-84.475275,39.200303],[-84.469757,39.257798],[-84.466157,39.257521],[-84.46598,39.257928],[-84.465361,39.258409],[-84.463244,39.262744],[-84.466259,39.263069],[-84.466963,39.263017],[-84.46705,39.262881],[-84.468374,39.262987],[-84.468501,39.263131],[-84.468412,39.263891],[-84.468879,39.263914],[-84.469194,39.264104],[-84.469184,39.264561],[-84.469518,39.265108],[-84.484519,39.280572],[-84.485021,39.28133],[-84.485397,39.282302],[-84.479086,39.282765],[-84.477343,39.283147],[-84.475926,39.283774],[-84.474531,39.284861],[-84.473785,39.285868],[-84.473233,39.28719],[-84.472767,39.287535],[-84.472386,39.287689],[-84.466829,39.287915],[-84.453298,39.286574],[-84.453748,39.282605],[-84.454475,39.282511],[-84.45452,39.281781]]}},{"type":"Feature","properties":{"route_id":"78","shape_id":"780058","route_short_name":"78","route_long_name":"Vine Street","route_color":"#F68923","route_text_color":"#000000"},"geometry":{"type":"LineString","coordinates":[[-84.45452,39.281781],[-84.454475,39.282511],[-84.453748,39.282605],[-84.453298,39.286574],[-84.466797,39.288053],[-84.473141,39.287658],[-84.47385,39.286099],[-84.474607,39.285019],[-84.475749,39.284068],[-84.477444,39.283238],[-84.479419,39.28286],[-84.485416,39.282453],[-84.485021,39.28133],[-84.484519,39.280572],[-84.469518,39.265108],[-84.469164,39.264442],[-84.475275,39.200303],[-84.475606,39.199115],[-84.476201,39.198056],[-84.484937,39.189767],[-84.490857,39.184462],[-84.496399,39.177846],[-84.496781,39.174808],[-84.496712,39.17228],[-84.497231,39.1708],[-84.497614,39.167749],[-84.50281,39.164302],[-84.504952,39.158913],[-84.505152,39.15689],[-84.506577,39.154204],[-84.507168,39.153237],[-84.507971,39.152368],[-84.509224,39.151636],[-84.511422,39.149457],[-84.512103,39.148494],[-84.513383,39.146064],[-84.513472,39.145617],[-84.513321,39.145216],[-84.511728,39.144842],[-84.509346,39.142333],[-84.509269,39.141438],[-84.509514,39.138234],[-84.50912,39.136056],[-84.509407,39.135517],[-84.510452,39.134837],[-84.510901,39.134175],[-84.511462,39.129326],[-84.511182,39.128247],[-84.511232,39.127745],[-84.514162,39.1246],[-84.515046,39.121972],[-84.516051,39.120711],[-84.517432,39.119693],[-84.517516,39.11931],[-84.516928,39.116836],[-84.518543,39.116584],[-84.515236,39.103449],[-84.512007,39.103933],[-84.51138,39.101445]]}},{"type":"Feature","properties":{"route_id":"8","shape_id":"80018","route_short_name":"8","route_long_name":"Blue Ash / Silverton Commuter","route_color":"#C2D231","route_text_color":"#000000"},"geometry":{"type":"LineString","coordinates":[[-84.510023,39.102656],[-84.511252,39.107566],[-84.508659,39.108037],[-84.504615,39.109833],[-84.502341,39.113304],[-84.501632,39.11372],[-84.500607,39.113904],[-84.500004,39.114357],[-84.499482,39.117105],[-84.497886,39.121048],[-84.497382,39.125426],[-84.496975,39.126898],[-84.495422,39.129867],[-84.493638,39.133801],[-84.492831,39.134901],[-84.491501,39.136026],[-84.486147,39.138707],[-84.484558,39.139951],[-84.48217,39.142479],[-84.481071,39.143229],[-84.480041,39.143595],[-84.477835,39.143781],[-84.463845,39.142716],[-84.46139,39.142956],[-84.459089,39.143622],[-84.453665,39.14667],[-84.447245,39.1491],[-84.44491,39.150438],[-84.443843,39.151537],[-84.441529,39.154857],[-84.438426,39.158248],[-84.436113,39.161732],[-84.434516,39.16309],[-84.433128,39.163568],[-84.432008,39.163676],[-84.428641,39.163233],[-84.426238,39.164467],[-84.423145,39.164834],[-84.423125,39.166218],[-84.423267,39.166809],[-84.424361,39.16899],[-84.425221,39.169999],[-84.426905,39.16948],[-84.428192,39.167749],[-84.428853,39.167329],[-84.431143,39.167015],[-84.431879,39.16675],[-84.432273,39.167325],[-84.432667,39.172841],[-84.432614,39.173398],[-84.431642,39.176095],[-84.431509,39.180944],[-84.427138,39.182219],[-84.420634,39.185786],[-84.414484,39.188396],[-84.401748,39.193082],[-84.40056,39.193391],[-84.400216,39.197135],[-84.391249,39.207357],[-84.382059,39.225619],[-84.379453,39.230048],[-84.378643,39.231817],[-84.377044,39.231272],[-84.377311,39.228674],[-84.376009,39.228595],[-84.375476,39.228757],[-84.37519,39.229103],[-84.375093,39.229955]]}},{"type":"Feature","properties":{"route_id":"8","shape_id":"80015","route_short_name":"8","route_long_name":"Blue Ash / Silverton Commuter","route_color":"#C2D231","route_text_color":"#000000"},"geometry":{"type":"LineString","coordinates":[[-84.375093,39.229955],[-84.375028,39.230542],[-84.378643,39.231817],[-84.379453,39.230048],[-84.382059,39.225619],[-84.391249,39.207357],[-84.400216,39.197135],[-84.40056,39.193391],[-84.401748,39.193082],[-84.414484,39.188396],[-84.420634,39.185786],[-84.427138,39.182219],[-84.431509,39.180944],[-84.431642,39.176095],[-84.432614,39.173398],[-84.432667,39.172841],[-84.432273,39.167325],[-84.431879,39.16675],[-84.431143,39.167015],[-84.428853,39.167329],[-84.428192,39.167749],[-84.426905,39.16948],[-84.425221,39.169999],[-84.424361,39.16899],[-84.423267,39.166809],[-84.423135,39.165732],[-84.423326,39.165516],[-84.424732,39.165067],[-84.426655,39.16474],[-84.429194,39.165049],[-84.431632,39.16484],[-84.433186,39.164421],[-84.434422,39.163782],[-84.436044,39.162331],[-84.439053,39.157835],[-84.44206,39.154611],[-84.443903,39.151823],[-84.445151,39.150551],[-84.446813,39.14952],[-84.453748,39.146855],[-84.459064,39.143881],[-84.461338,39.143155],[-84.463613,39.142909],[-84.469398,39.143229],[-84.477835,39.143994],[-84.480019,39.14382],[-84.481202,39.143402],[-84.482329,39.142679],[-84.484942,39.139935],[-84.486499,39.138741],[-84.491882,39.136049],[-84.493072,39.13501],[-84.493911,39.133834],[-84.495305,39.130693],[-84.497294,39.126824],[-84.497663,39.125498],[-84.498271,39.120925],[-84.500298,39.117046],[-84.500623,39.116097],[-84.500889,39.112554],[-84.501143,39.111351],[-84.501708,39.109958],[-84.5039,39.106706],[-84.50453,39.105445],[-84.504614,39.104665],[-84.503822,39.101435],[-84.503907,39.100241],[-84.50444,39.099843],[-84.512351,39.098674],[-84.512967,39.101111],[-84.509747,39.101589],[-84.510023,39.102656]]}},{"type":"Feature","properties":{"route_id":"8","shape_id":"80016","route_short_name":"8","route_long_name":"Blue Ash / Silverton Commuter","route_color":"#C2D231","route_text_color":"#000000"},"geometry":{"type":"LineString","coordinates":[[-84.375093,39.229955],[-84.375028,39.230542],[-84.378643,39.231817],[-84.379453,39.230048],[-84.382059,39.225619],[-84.391249,39.207357],[-84.400216,39.197135],[-84.40056,39.193391],[-84.401748,39.193082],[-84.414484,39.188396],[-84.420634,39.185786],[-84.427138,39.182219],[-84.431509,39.180944],[-84.431642,39.176095],[-84.432614,39.173398],[-84.432667,39.172841],[-84.432273,39.167325],[-84.431879,39.16675],[-84.431143,39.167015],[-84.428853,39.167329],[-84.428192,39.167749],[-84.426905,39.16948],[-84.425221,39.169999],[-84.424361,39.16899],[-84.423267,39.166809],[-84.423135,39.165732],[-84.423326,39.165516],[-84.424732,39.165067],[-84.426655,39.16474],[-84.429194,39.165049],[-84.431632,39.16484],[-84.433186,39.164421],[-84.434422,39.163782],[-84.436044,39.162331],[-84.439053,39.157835],[-84.44206,39.154611],[-84.443903,39.151823],[-84.445151,39.150551],[-84.446813,39.14952],[-84.453748,39.146855],[-84.459064,39.143881],[-84.461338,39.143155],[-84.464325,39.142909],[-84.478376,39.144008],[-84.480298,39.143744],[-84.481928,39.142978],[-84.484942,39.139935],[-84.486147,39.138979],[-84.487711,39.138077],[-84.490779,39.136697],[-84.492103,39.135887],[-84.493072,39.13501],[-84.494027,39.133615],[-84.495305,39.130693],[-84.497373,39.126614],[-84.497663,39.125498],[-84.498271,39.120925],[-84.500298,39.117046],[-84.500623,39.116097],[-84.500889,39.112554],[-84.501293,39.11091],[-84.501708,39.109958],[-84.5039,39.106706],[-84.50453,39.105445],[-84.504614,39.104665],[-84.503822,39.101435],[-84.503797,39.100729],[-84.503972,39.100123],[-84.50444,39.099843],[-84.512351,39.098674],[-84.512967,39.101111],[-84.509747,39.101589],[-84.511252,39.107566],[-84.508789,39.107994],[-84.506603,39.108917]]}},{"type":"Feature","properties":{"route_id":"8","shape_id":"80017","route_short_name":"8","route_long_name":"Blue Ash / Silverton Commuter","route_color":"#C2D231","route_text_color":"#000000"},"geometry":{"type":"LineString","coordinates":[[-84.508244,39.099289],[-84.512351,39.098674],[-84.512967,39.101111],[-84.509747,39.101589],[-84.511252,39.107566],[-84.508659,39.108037],[-84.504615,39.109833],[-84.502341,39.113304],[-84.501632,39.11372],[-84.500607,39.113904],[-84.500004,39.114357],[-84.499482,39.117105],[-84.497886,39.121048],[-84.497382,39.125426],[-84.496975,39.126898],[-84.495422,39.129867],[-84.493886,39.133329],[-84.492831,39.134901],[-84.491102,39.136271],[-84.487139,39.13812],[-84.48583,39.138917],[-84.484558,39.139951],[-84.48217,39.142479],[-84.481071,39.143229],[-84.480041,39.143595],[-84.477835,39.143781],[-84.463845,39.142716],[-84.46139,39.142956],[-84.459089,39.143622],[-84.453665,39.14667],[-84.447245,39.1491],[-84.44491,39.150438],[-84.443843,39.151537],[-84.441529,39.154857],[-84.438426,39.158248],[-84.436113,39.161732],[-84.434516,39.16309],[-84.433128,39.163568],[-84.432008,39.163676],[-84.428641,39.163233],[-84.426238,39.164467],[-84.423145,39.164834],[-84.423125,39.166218],[-84.423267,39.166809],[-84.424361,39.16899],[-84.425221,39.169999],[-84.426905,39.16948],[-84.428192,39.167749],[-84.428853,39.167329],[-84.431143,39.167015],[-84.431879,39.16675],[-84.432273,39.167325],[-84.432667,39.172841],[-84.432614,39.173398],[-84.431642,39.176095],[-84.431509,39.180944],[-84.427138,39.182219],[-84.420634,39.185786],[-84.414484,39.188396],[-84.401748,39.193082],[-84.40056,39.193391],[-84.400216,39.197135],[-84.391249,39.207357],[-84.382059,39.225619],[-84.379453,39.230048],[-84.378643,39.231817],[-84.377044,39.231272],[-84.377311,39.228674],[-84.376009,39.228595],[-84.375476,39.228757],[-84.37519,39.229103],[-84.375093,39.229955]]}},{"type":"Feature","properties":{"route_id":"81","shape_id":"810017","route_short_name":"81","route_long_name":"Mt. Washington Commuter","route_color":"#C2D231","route_text_color":"#000000"},"geometry":{"type":"LineString","coordinates":[[-84.350325,39.0789],[-84.349718,39.078365],[-84.349751,39.077782],[-84.348721,39.076868],[-84.347472,39.075119],[-84.345347,39.07488],[-84.345381,39.072752],[-84.358122,39.072865],[-84.360727,39.07315],[-84.3623,39.072337],[-84.363337,39.072211],[-84.366381,39.072483],[-84.368531,39.07352],[-84.369208,39.073696],[-84.393372,39.075553],[-84.39413,39.075821],[-84.397373,39.077875],[-84.398205,39.078576],[-84.399132,39.078922],[-84.400275,39.079041],[-84.40232,39.078406],[-84.403026,39.07838],[-84.405576,39.079526],[-84.409527,39.082134],[-84.410305,39.085016],[-84.410564,39.085376],[-84.411041,39.085623],[-84.412017,39.085541],[-84.413347,39.084723],[-84.415672,39.084448],[-84.418288,39.083307],[-84.419391,39.083103],[-84.419766,39.083205],[-84.422485,39.087173],[-84.427186,39.092222],[-84.430944,39.098483],[-84.432744,39.102061],[-84.440133,39.113597],[-84.440387,39.114308],[-84.440246,39.115851],[-84.44088,39.116845],[-84.441905,39.117678],[-84.450158,39.121483],[-84.462329,39.124208],[-84.467771,39.123854],[-84.473031,39.122501],[-84.481876,39.118485],[-84.484028,39.116965],[-84.48472,39.116773],[-84.487422,39.11409],[-84.495304,39.104029],[-84.495871,39.103687],[-84.496974,39.103386],[-84.504197,39.098831],[-84.505235,39.099096],[-84.50569,39.09943],[-84.506169,39.100916],[-84.512678,39.099958],[-84.512967,39.101111],[-84.509974,39.1015]]}},{"type":"Feature","properties":{"route_id":"81","shape_id":"810016","route_short_name":"81","route_long_name":"Mt. Washington Commuter","route_color":"#C2D231","route_text_color":"#000000"},"geometry":{"type":"LineString","coordinates":[[-84.507672,39.100695],[-84.512678,39.099958],[-84.512967,39.101111],[-84.504055,39.102456],[-84.50284,39.103088],[-84.498348,39.104022],[-84.494584,39.106497],[-84.491306,39.110339],[-84.489769,39.111074],[-84.487014,39.114581],[-84.48472,39.116773],[-84.484028,39.116965],[-84.481876,39.118485],[-84.472854,39.122558],[-84.467771,39.123854],[-84.462329,39.124208],[-84.450158,39.121483],[-84.441905,39.117678],[-84.44088,39.116845],[-84.440246,39.115851],[-84.440387,39.114308],[-84.440133,39.113597],[-84.432744,39.102061],[-84.430944,39.098483],[-84.427186,39.092222],[-84.42228,39.086909],[-84.420974,39.084921],[-84.420439,39.083233],[-84.42,39.08277],[-84.41936,39.082609],[-84.418853,39.082702],[-84.417212,39.083738],[-84.415672,39.084448],[-84.413347,39.084723],[-84.412017,39.085541],[-84.41116,39.08565],[-84.410684,39.085465],[-84.410342,39.085101],[-84.409527,39.082134],[-84.405576,39.079526],[-84.403026,39.07838],[-84.40232,39.078406],[-84.400275,39.079041],[-84.399132,39.078922],[-84.398205,39.078576],[-84.397123,39.077711],[-84.393562,39.075591],[-84.38471,39.074799],[-84.369208,39.073696],[-84.368531,39.07352],[-84.366381,39.072483],[-84.363337,39.072211],[-84.3623,39.072337],[-84.360727,39.07315],[-84.358122,39.072865],[-84.35205,39.072831],[-84.351858,39.077563],[-84.351633,39.078592],[-84.351054,39.080007],[-84.350542,39.079832],[-84.350711,39.079255],[-84.350325,39.0789]]}},{"type":"Feature","properties":{"route_id":"82","shape_id":"820006","route_short_name":"82X","route_long_name":"Eastgate Express","route_color":"#C2D231","route_text_color":"#000000"},"geometry":{"type":"LineString","coordinates":[[-84.275849,39.092112],[-84.275592,39.092298],[-84.276292,39.092232],[-84.275999,39.092004],[-84.276208,39.091864],[-84.277464,39.093334],[-84.279446,39.09469],[-84.278833,39.095223],[-84.275272,39.097495],[-84.273203,39.099474],[-84.272598,39.099649],[-84.272199,39.099434],[-84.272146,39.099056],[-84.272612,39.098607],[-84.273205,39.098408],[-84.27379,39.098456],[-84.276614,39.099269],[-84.284097,39.101816],[-84.287335,39.096939],[-84.288029,39.095741],[-84.288774,39.093824],[-84.289222,39.0919],[-84.290517,39.081552],[-84.290826,39.080107],[-84.291324,39.078754],[-84.292019,39.077302],[-84.292894,39.075949],[-84.296139,39.071511],[-84.297838,39.069839],[-84.300035,39.068106],[-84.302052,39.066773],[-84.304447,39.065514],[-84.319813,39.058826],[-84.322405,39.057806],[-84.323744,39.057466],[-84.326165,39.057133],[-84.328612,39.057131],[-84.344979,39.059079],[-84.347485,39.059239],[-84.351614,39.059233],[-84.355038,39.058913],[-84.359167,39.0582],[-84.36823,39.05566],[-84.370213,39.055334],[-84.372161,39.055233],[-84.375723,39.055627],[-84.382427,39.05774],[-84.384846,39.05798],[-84.386245,39.057812],[-84.38749,39.057459],[-84.391716,39.055226],[-84.393499,39.05476],[-84.394589,39.054707],[-84.40179,39.055293],[-84.405232,39.0558],[-84.407601,39.056453],[-84.41778,39.060305],[-84.419857,39.060645],[-84.421615,39.060657],[-84.423205,39.060405],[-84.424896,39.059887],[-84.449371,39.04914],[-84.452408,39.048274],[-84.456045,39.048008],[-84.459938,39.048659],[-84.465156,39.050674],[-84.466683,39.051392],[-84.467499,39.051954],[-84.468224,39.052637],[-84.468862,39.05357],[-84.469238,39.054569],[-84.469368,39.055914],[-84.469315,39.059503],[-84.468956,39.061126],[-84.468048,39.062823],[-84.463585,39.068487],[-84.463051,39.06962],[-84.46299,39.070929],[-84.46331,39.071955],[-84.46402,39.072929],[-84.468125,39.075829],[-84.469572,39.077427],[-84.470237,39.078646],[-84.472218,39.08373],[-84.476097,39.091134],[-84.476891,39.092237],[-84.478436,39.093523],[-84.48391,39.097006],[-84.485763,39.097721],[-84.489708,39.098338],[-84.491074,39.098782],[-84.50003,39.103384],[-84.502114,39.104714],[-84.503149,39.105676],[-84.503371,39.106405],[-84.503237,39.107006],[-84.502805,39.107709],[-84.501468,39.109071],[-84.501197,39.109542],[-84.501335,39.110307],[-84.502091,39.110817],[-84.503737,39.111204],[-84.504311,39.110255],[-84.504741,39.10989],[-84.508823,39.10809],[-84.516134,39.107017],[-84.514608,39.100957],[-84.511233,39.101301],[-84.507691,39.101953]]}},{"type":"Feature","properties":{"route_id":"82","shape_id":"820005","route_short_name":"82X","route_long_name":"Eastgate Express","route_color":"#C2D231","route_text_color":"#000000"},"geometry":{"type":"LineString","coordinates":[[-84.504246,39.110359],[-84.505068,39.109721],[-84.508823,39.10809],[-84.516134,39.107017],[-84.514608,39.100957],[-84.511233,39.101301],[-84.504438,39.102447],[-84.503964,39.102729],[-84.503767,39.103105],[-84.504134,39.104497],[-84.504044,39.104837],[-84.503565,39.105159],[-84.503047,39.105176],[-84.500901,39.103593],[-84.491492,39.098765],[-84.489326,39.098109],[-84.485809,39.097574],[-84.483935,39.096843],[-84.478401,39.093296],[-84.477333,39.092404],[-84.476387,39.091149],[-84.472614,39.083963],[-84.470458,39.078505],[-84.469821,39.077331],[-84.468117,39.075518],[-84.464402,39.072938],[-84.463676,39.072093],[-84.463303,39.07117],[-84.463272,39.069872],[-84.463684,39.068805],[-84.468201,39.063024],[-84.469261,39.061043],[-84.469513,39.060017],[-84.469612,39.058613],[-84.469612,39.055235],[-84.469393,39.054209],[-84.468974,39.053331],[-84.468321,39.052472],[-84.464082,39.048658],[-84.462014,39.047209],[-84.460815,39.046737],[-84.459638,39.046538],[-84.458554,39.046537],[-84.45636,39.046896],[-84.449524,39.048702],[-84.425054,39.059445],[-84.423162,39.060079],[-84.421676,39.060318],[-84.419327,39.060284],[-84.416949,39.059741],[-84.409283,39.056773],[-84.405816,39.055654],[-84.403172,39.05518],[-84.394839,39.054454],[-84.393402,39.054504],[-84.391932,39.054812],[-84.390605,39.055352],[-84.387616,39.057078],[-84.386288,39.0575],[-84.384856,39.057686],[-84.382916,39.05754],[-84.376084,39.05526],[-84.372908,39.054814],[-84.371148,39.054854],[-84.368882,39.055167],[-84.358188,39.058093],[-84.354111,39.058733],[-84.351974,39.058899],[-84.348391,39.058978],[-84.345108,39.058809],[-84.328177,39.056853],[-84.325104,39.05698],[-84.32302,39.057359],[-84.320328,39.058286],[-84.303708,39.065575],[-84.301503,39.06678],[-84.298834,39.068626],[-84.295435,39.071864],[-84.292104,39.076695],[-84.290761,39.079406],[-84.290139,39.081872],[-84.288938,39.091704],[-84.288592,39.09338],[-84.287618,39.095828],[-84.285615,39.098258],[-84.282246,39.100056],[-84.281725,39.100776],[-84.279947,39.10021],[-84.275117,39.097805],[-84.279446,39.09469],[-84.277464,39.093334],[-84.276208,39.091864],[-84.275849,39.092112]]}},{"type":"Feature","properties":{"route_id":"90","shape_id":"900006","route_short_name":"M+","route_long_name":"MetroPlus","route_color":"#2A75B0","route_text_color":"#000000"},"geometry":{"type":"LineString","coordinates":[[-84.512299,39.097953],[-84.507384,39.098665],[-84.505677,39.09868],[-84.505483,39.098299],[-84.505318,39.098315],[-84.504197,39.098831],[-84.505407,39.099176],[-84.505816,39.099643],[-84.512351,39.098674],[-84.512967,39.101111],[-84.509747,39.101589],[-84.512507,39.11265],[-84.515924,39.112857],[-84.517515,39.119464],[-84.517344,39.119826],[-84.516051,39.120711],[-84.515046,39.121972],[-84.514162,39.1246],[-84.511232,39.127745],[-84.511182,39.128247],[-84.511407,39.129214],[-84.510884,39.134012],[-84.510592,39.134548],[-84.50942,39.13539],[-84.505611,39.135417],[-84.50102,39.1352],[-84.500056,39.143781],[-84.497926,39.143645],[-84.497624,39.146075],[-84.49251,39.145633],[-84.492012,39.145375],[-84.491463,39.144675],[-84.490808,39.144398],[-84.483798,39.143637],[-84.483469,39.14451],[-84.482659,39.145381],[-84.481413,39.146261],[-84.479002,39.147493],[-84.477426,39.147374],[-84.47631,39.146897],[-84.475316,39.146732],[-84.467856,39.146273],[-84.461151,39.153704],[-84.457476,39.158535],[-84.456296,39.160409],[-84.454394,39.164048],[-84.452908,39.167897],[-84.452504,39.168488],[-84.451344,39.169337],[-84.446798,39.170766],[-84.444759,39.172573],[-84.443768,39.174056],[-84.438455,39.177407],[-84.432135,39.180702],[-84.43006,39.181461],[-84.427138,39.182219],[-84.420634,39.185786],[-84.411308,39.189597],[-84.401189,39.193282],[-84.394059,39.194192],[-84.380414,39.198935],[-84.379626,39.206718],[-84.367586,39.205234],[-84.369599,39.20359],[-84.372531,39.201878],[-84.37806,39.199789]]}},{"type":"Feature","properties":{"route_id":"90","shape_id":"900004","route_short_name":"M+","route_long_name":"MetroPlus","route_color":"#2A75B0","route_text_color":"#000000"},"geometry":{"type":"LineString","coordinates":[[-84.37806,39.199789],[-84.393858,39.194249],[-84.401189,39.193282],[-84.411308,39.189597],[-84.420634,39.185786],[-84.427138,39.182219],[-84.43006,39.181461],[-84.432135,39.180702],[-84.438455,39.177407],[-84.443768,39.174056],[-84.444759,39.172573],[-84.446798,39.170766],[-84.451344,39.169337],[-84.452504,39.168488],[-84.452908,39.167897],[-84.454394,39.164048],[-84.456296,39.160409],[-84.457476,39.158535],[-84.461151,39.153704],[-84.467856,39.146273],[-84.475818,39.146802],[-84.477426,39.147374],[-84.479002,39.147493],[-84.481718,39.14608],[-84.483395,39.144742],[-84.484018,39.144034],[-84.484568,39.143708],[-84.490808,39.144398],[-84.491463,39.144675],[-84.49214,39.145471],[-84.492682,39.145668],[-84.499813,39.146256],[-84.50102,39.1352],[-84.505962,39.135561],[-84.510537,39.135524],[-84.510985,39.134141],[-84.510884,39.134012],[-84.511462,39.129326],[-84.511182,39.128247],[-84.511232,39.127745],[-84.514162,39.1246],[-84.515046,39.121972],[-84.516051,39.120711],[-84.517344,39.119826],[-84.517515,39.119464],[-84.514778,39.108305],[-84.513168,39.108539],[-84.510745,39.098925],[-84.518738,39.097753],[-84.518531,39.097009],[-84.512299,39.097953]]}},{"type":"Feature","properties":{"route_id":"90","shape_id":"900005","route_short_name":"M+","route_long_name":"MetroPlus","route_color":"#2A75B0","route_text_color":"#000000"},"geometry":{"type":"LineString","coordinates":[[-84.37806,39.199789],[-84.393858,39.194249],[-84.401189,39.193282],[-84.411308,39.189597],[-84.420634,39.185786],[-84.427138,39.182219],[-84.43006,39.181461],[-84.432135,39.180702],[-84.438455,39.177407],[-84.443768,39.174056],[-84.444759,39.172573],[-84.446798,39.170766],[-84.451344,39.169337],[-84.452504,39.168488],[-84.452908,39.167897],[-84.454394,39.164048],[-84.456296,39.160409],[-84.457476,39.158535],[-84.461151,39.153704],[-84.467856,39.146273],[-84.475818,39.146802],[-84.477426,39.147374],[-84.479002,39.147493],[-84.481718,39.14608],[-84.483395,39.144742],[-84.484018,39.144034],[-84.484568,39.143708],[-84.490808,39.144398],[-84.491463,39.144675],[-84.49214,39.145471],[-84.492682,39.145668],[-84.499813,39.146256],[-84.50102,39.1352],[-84.505962,39.135561],[-84.510537,39.135524],[-84.510985,39.134141],[-84.510884,39.134012],[-84.511462,39.129326],[-84.511182,39.128247],[-84.511232,39.127745],[-84.514162,39.1246],[-84.515046,39.121972],[-84.516051,39.120711],[-84.517344,39.119826],[-84.517515,39.119464],[-84.514778,39.108305],[-84.513168,39.108539],[-84.51138,39.101445]]}},{"type":"Feature","properties":{"route_id":"90","shape_id":"900007","route_short_name":"M+","route_long_name":"MetroPlus","route_color":"#2A75B0","route_text_color":"#000000"},"geometry":{"type":"LineString","coordinates":[[-84.510023,39.102656],[-84.512507,39.11265],[-84.515924,39.112857],[-84.517515,39.119464],[-84.517344,39.119826],[-84.516051,39.120711],[-84.515046,39.121972],[-84.514162,39.1246],[-84.511232,39.127745],[-84.511182,39.128247],[-84.511407,39.129214],[-84.510884,39.134012],[-84.510592,39.134548],[-84.50942,39.13539],[-84.505611,39.135417],[-84.50102,39.1352],[-84.500056,39.143781],[-84.497926,39.143645],[-84.497624,39.146075],[-84.49251,39.145633],[-84.492012,39.145375],[-84.491463,39.144675],[-84.490808,39.144398],[-84.483798,39.143637],[-84.483469,39.14451],[-84.482659,39.145381],[-84.481413,39.146261],[-84.479002,39.147493],[-84.477426,39.147374],[-84.47631,39.146897],[-84.475316,39.146732],[-84.467856,39.146273],[-84.461151,39.153704],[-84.457476,39.158535],[-84.456296,39.160409],[-84.454394,39.164048],[-84.452908,39.167897],[-84.452504,39.168488],[-84.451344,39.169337],[-84.446798,39.170766],[-84.444759,39.172573],[-84.443768,39.174056],[-84.438455,39.177407],[-84.432135,39.180702],[-84.43006,39.181461],[-84.427138,39.182219],[-84.420634,39.185786],[-84.411308,39.189597],[-84.401189,39.193282],[-84.394059,39.194192],[-84.380414,39.198935],[-84.379626,39.206718],[-84.367586,39.205234],[-84.369599,39.20359],[-84.372531,39.201878],[-84.37806,39.199789]]}}]}