{"type":"FeatureCollection","features":[{"type":"Feature","properties":{"stop_id":"1435Gal","stop_name":"1435 E Galbraith Westbound"},"geometry":{"type":"Point","coordinates":[-84.452934,39.212009]}},{"type":"Feature","properties":{"stop_id":"1438Gal","stop_name":"1438 E Galbraith Eastbound"},"geometry":{"type":"Point","coordinates":[-84.452637,39.211842]}},{"type":"Feature","properties":{"stop_id":"3R508o","stop_name":"3RD ST 508"},"geometry":{"type":"Point","coordinates":[-84.520523,39.097569]}},{"type":"Feature","properties":{"stop_id":"3RD640o","stop_name":"3RD ST 640"},"geometry":{"type":"Point","coordinates":[-84.523949,39.097263]}},{"type":"Feature","properties":{"stop_id":"3RDBSBi","stop_name":"3rd ST. WEST OF BRENT SPENCE BRIDGE"},"geometry":{"type":"Point","coordinates":[-84.52285,39.097118]}},{"type":"Feature","properties":{"stop_id":"3RDEGGe","stop_name":"3RD ST & EGGLESTON AVE"},"geometry":{"type":"Point","coordinates":[-84.500534,39.102528]}},{"type":"Feature","properties":{"stop_id":"3RDGESi","stop_name":"3RD ST EAST OF GEST ST"},"geometry":{"type":"Point","coordinates":[-84.524704,39.097073]}},{"type":"Feature","properties":{"stop_id":"3RDGESo","stop_name":"3RD ST & GEST ST"},"geometry":{"type":"Point","coordinates":[-84.525391,39.097225]}},{"type":"Feature","properties":{"stop_id":"3RDSMi","stop_name":"3RD ST & SMITH ST"},"geometry":{"type":"Point","coordinates":[-84.521843,39.097183]}},{"type":"Feature","properties":{"stop_id":"3RDSYCi","stop_name":"3RD ST & SYCAMORE ST"},"geometry":{"type":"Point","coordinates":[-84.508102,39.099403]}},{"type":"Feature","properties":{"stop_id":"3RDVWALi","stop_name":"3RD & WALNUT"},"geometry":{"type":"Point","coordinates":[-84.511248,39.098888]}},{"type":"Feature","properties":{"stop_id":"3RDWALi","stop_name":"3RD ST & WALNUT ST"},"geometry":{"type":"Point","coordinates":[-84.510658,39.09903]}},{"type":"Feature","properties":{"stop_id":"4THMAIo","stop_name":"4TH ST & MAIN ST"},"geometry":{"type":"Point","coordinates":[-84.509254,39.100555]}},{"type":"Feature","properties":{"stop_id":"4THPIKe","stop_name":"4TH ST & PIKE ST"},"geometry":{"type":"Point","coordinates":[-84.503967,39.101772]}},{"type":"Feature","properties":{"stop_id":"4THPLUw","stop_name":"4TH ST & PLUM ST"},"geometry":{"type":"Point","coordinates":[-84.517319,39.099346]}},{"type":"Feature","properties":{"stop_id":"4THPOSo","stop_name":"4TH ST & POSTAL AL"},"geometry":{"type":"Point","coordinates":[-84.511894,39.100151]}},{"type":"Feature","properties":{"stop_id":"4THRAC","stop_name":"4TH ST & RACE ST"},"geometry":{"type":"Point","coordinates":[-84.514122,39.099831]}},{"type":"Feature","properties":{"stop_id":"4THSYC","stop_name":"4TH ST & SYCAMORE ST"},"geometry":{"type":"Point","coordinates":[-84.50769,39.100769]}},{"type":"Feature","properties":{"stop_id":"4THVINo","stop_name":"4TH ST & VINE ST"},"geometry":{"type":"Point","coordinates":[-84.512573,39.100052]}},{"type":"Feature","properties":{"stop_id":"4THWALo","stop_name":"4TH ST & WALNUT ST"},"geometry":{"type":"Point","coordinates":[-84.510643,39.100323]}},{"type":"Feature","properties":{"stop_id":"53BANK2i","stop_name":"FIFTH THIRD BANK MADISONVILLE 2"},"geometry":{"type":"Point","coordinates":[-84.409988,39.166843]}},{"type":"Feature","properties":{"stop_id":"5MINIMi","stop_name":"FIVE MILE RD & NIMITZVIEW DR"},"geometry":{"type":"Point","coordinates":[-84.352539,39.069508]}},{"type":"Feature","properties":{"stop_id":"5MWOODi","stop_name":"FIVE MILE RD & WOODCROFT DR"},"geometry":{"type":"Point","coordinates":[-84.352264,39.064468]}},{"type":"Feature","properties":{"stop_id":"5THELMi","stop_name":"5TH ST & ELM ST"},"geometry":{"type":"Point","coordinates":[-84.516365,39.100643]}},{"type":"Feature","properties":{"stop_id":"5THFOUi","stop_name":"5TH ST & FOUNTAIN SQUARE"},"geometry":{"type":"Point","coordinates":[-84.512115,39.101082]}},{"type":"Feature","properties":{"stop_id":"5THLAWe","stop_name":"5TH ST & LAWRENCE ST"},"geometry":{"type":"Point","coordinates":[-84.505089,39.10228]}},{"type":"Feature","properties":{"stop_id":"5THPIKi","stop_name":"5TH ST & PIKE ST"},"geometry":{"type":"Point","coordinates":[-84.504181,39.102459]}},{"type":"Feature","properties":{"stop_id":"5THSYCw","stop_name":"5TH ST & SYCAMORE ST"},"geometry":{"type":"Point","coordinates":[-84.50767,39.101873]}},{"type":"Feature","properties":{"stop_id":"5THVINi","stop_name":"5TH ST & VINE ST"},"geometry":{"type":"Point","coordinates":[-84.513443,39.101063]}},{"type":"Feature","properties":{"stop_id":"6THELMw","stop_name":"6TH ST & ELM ST"},"geometry":{"type":"Point","coordinates":[-84.516403,39.102139]}},{"type":"Feature","properties":{"stop_id":"6THMAI","stop_name":"6TH ST & MAIN ST"},"geometry":{"type":"Point","coordinates":[-84.510681,39.102921]}},{"type":"Feature","properties":{"stop_id":"6THPLU","stop_name":"6TH ST & PLUM ST"},"geometry":{"type":"Point","coordinates":[-84.518082,39.101906]}},{"type":"Feature","properties":{"stop_id":"6THRAC","stop_name":"6TH ST & RACE ST"},"geometry":{"type":"Point","coordinates":[-84.514687,39.102337]}},{"type":"Feature","properties":{"stop_id":"6THRUT","stop_name":"6TH ST & RUTH LYONS ALY"},"geometry":{"type":"Point","coordinates":[-84.512844,39.102549]}},{"type":"Feature","properties":{"stop_id":"6THSYCi","stop_name":"6TH ST & SYCAMORE ST"},"geometry":{"type":"Point","coordinates":[-84.508362,39.103268]}},{"type":"Feature","properties":{"stop_id":"7THCEN","stop_name":"7TH & CENTRAL AVE"},"geometry":{"type":"Point","coordinates":[-84.520142,39.102627]}},{"type":"Feature","properties":{"stop_id":"7THPLUi","stop_name":"7TH ST & PLUM ST"},"geometry":{"type":"Point","coordinates":[-84.518524,39.102879]}},{"type":"Feature","properties":{"stop_id":"7THRACi","stop_name":"7TH ST & RACE ST"},"geometry":{"type":"Point","coordinates":[-84.516014,39.103252]}},{"type":"Feature","properties":{"stop_id":"7THSYCo","stop_name":"7TH ST & SYCAMORE ST"},"geometry":{"type":"Point","coordinates":[-84.508446,39.104382]}},{"type":"Feature","properties":{"stop_id":"7THVINi","stop_name":"7TH ST & VINE ST"},"geometry":{"type":"Point","coordinates":[-84.513763,39.103596]}},{"type":"Feature","properties":{"stop_id":"7THWALi","stop_name":"7TH ST & WALNUT ST"},"geometry":{"type":"Point","coordinates":[-84.512276,39.103806]}},{"type":"Feature","properties":{"stop_id":"8MI1932o","stop_name":"EIGHT MILE RD 1932"},"geometry":{"type":"Point","coordinates":[-84.322044,39.086678]}},{"type":"Feature","properties":{"stop_id":"8MIBEEn","stop_name":"EIGHT MILE RD & BEECHMONT AVE"},"geometry":{"type":"Point","coordinates":[-84.322418,39.072979]}},{"type":"Feature","properties":{"stop_id":"8MINORi","stop_name":"EIGHT MILE RD & NORTHPORT DR"},"geometry":{"type":"Point","coordinates":[-84.322411,39.078407]}},{"type":"Feature","properties":{"stop_id":"8MIRIOi","stop_name":"EIGHT MILE RD & RIOVISTA DR"},"geometry":{"type":"Point","coordinates":[-84.322556,39.081211]}},{"type":"Feature","properties":{"stop_id":"8MISHEio","stop_name":"EIGHT MILE RD & SHENSTONE DR"},"geometry":{"type":"Point","coordinates":[-84.32235,39.075996]}},{"type":"Feature","properties":{"stop_id":"8TH4321i","stop_name":"8TH ST 4321"},"geometry":{"type":"Point","coordinates":[-84.593246,39.108265]}},{"type":"Feature","properties":{"stop_id":"8TH4332o","stop_name":"8TH ST 4332"},"geometry":{"type":"Point","coordinates":[-84.593277,39.10849]}},{"type":"Feature","properties":{"stop_id":"8THACAi","stop_name":"8TH ST & ACADEMY AVE"},"geometry":{"type":"Point","coordinates":[-84.579033,39.106552]}},{"type":"Feature","properties":{"stop_id":"8THACAo","stop_name":"8TH ST & ACADEMY AVE"},"geometry":{"type":"Point","coordinates":[-84.579201,39.10672]}},{"type":"Feature","properties":{"stop_id":"8THCHEi","stop_name":"8TH ST & CHEAPSIDE ST"},"geometry":{"type":"Point","coordinates":[-84.508186,39.105373]}},{"type":"Feature","properties":{"stop_id":"8THCLAi","stop_name":"8TH ST & CLANORA DR"},"geometry":{"type":"Point","coordinates":[-84.590065,39.107456]}},{"type":"Feature","properties":{"stop_id":"8THCLAo","stop_name":"8TH ST & CLANORA DR"},"geometry":{"type":"Point","coordinates":[-84.59063,39.107662]}},{"type":"Feature","properties":{"stop_id":"8THDALi","stop_name":"8TH ST & DALTON AVE"},"geometry":{"type":"Point","coordinates":[-84.535374,39.103893]}},{"type":"Feature","properties":{"stop_id":"8THDALo","stop_name":"8TH ST & DALTON AVE"},"geometry":{"type":"Point","coordinates":[-84.536986,39.104244]}},{"type":"Feature","properties":{"stop_id":"8THDEPi","stop_name":"8TH ST & DEPOT ST"},"geometry":{"type":"Point","coordinates":[-84.551964,39.105114]}},{"type":"Feature","properties":{"stop_id":"8THDEPo","stop_name":"8TH ST & DEPOT ST"},"geometry":{"type":"Point","coordinates":[-84.551689,39.105251]}},{"type":"Feature","properties":{"stop_id":"8THELBi","stop_name":"8TH ST & ELBERON AVE"},"geometry":{"type":"Point","coordinates":[-84.566744,39.105629]}},{"type":"Feature","properties":{"stop_id":"8THELBo","stop_name":"8TH ST & ELBERON AVE"},"geometry":{"type":"Point","coordinates":[-84.566593,39.105756]}},{"type":"Feature","properties":{"stop_id":"8THENRi","stop_name":"8TH ST & ENRIGHT AVE"},"geometry":{"type":"Point","coordinates":[-84.573364,39.106075]}},{"type":"Feature","properties":{"stop_id":"8THENRo","stop_name":"8TH ST & ENRIGHT AVE"},"geometry":{"type":"Point","coordinates":[-84.573059,39.106213]}},{"type":"Feature","properties":{"stop_id":"8THFREi","stop_name":"8TH ST & FREEMAN AVE"},"geometry":{"type":"Point","coordinates":[-84.531971,39.103442]}},{"type":"Feature","properties":{"stop_id":"8THFREo","stop_name":"8TH ST & FREEMAN AVE"},"geometry":{"type":"Point","coordinates":[-84.535053,39.104151]}},{"type":"Feature","properties":{"stop_id":"8THGREi","stop_name":"8TH ST & GREENWICH AVE"},"geometry":{"type":"Point","coordinates":[-84.597008,39.108768]}},{"type":"Feature","properties":{"stop_id":"8THGREo","stop_name":"8TH ST & GREENWICH AVE"},"geometry":{"type":"Point","coordinates":[-84.597343,39.108955]}},{"type":"Feature","properties":{"stop_id":"8THHARi","stop_name":"8TH ST & HARRIS AVE"},"geometry":{"type":"Point","coordinates":[-84.581383,39.106735]}},{"type":"Feature","properties":{"stop_id":"8THHARo","stop_name":"8TH & HARRIS AVE"},"geometry":{"type":"Point","coordinates":[-84.581858,39.106958]}},{"type":"Feature","properties":{"stop_id":"8THHERi","stop_name":"8TH ST & HERMOSA AVE"},"geometry":{"type":"Point","coordinates":[-84.595848,39.108681]}},{"type":"Feature","properties":{"stop_id":"8THHERo","stop_name":"8TH ST & HERMOSA AVE"},"geometry":{"type":"Point","coordinates":[-84.595535,39.108814]}},{"type":"Feature","properties":{"stop_id":"8THKENo","stop_name":"8TH ST & KENNEDY WAY"},"geometry":{"type":"Point","coordinates":[-84.587029,39.10738]}},{"type":"Feature","properties":{"stop_id":"8THKIRi","stop_name":"8TH ST & KIRBERT AVE"},"geometry":{"type":"Point","coordinates":[-84.575455,39.106335]}},{"type":"Feature","properties":{"stop_id":"8THKIRo","stop_name":"8TH ST & KIRBERT AVE"},"geometry":{"type":"Point","coordinates":[-84.575485,39.106503]}},{"type":"Feature","properties":{"stop_id":"8THLINi","stop_name":"8TH ST & LINN ST"},"geometry":{"type":"Point","coordinates":[-84.528442,39.103146]}},{"type":"Feature","properties":{"stop_id":"8THLINo","stop_name":"8TH ST & LINN ST"},"geometry":{"type":"Point","coordinates":[-84.528351,39.103378]}},{"type":"Feature","properties":{"stop_id":"8THMCLi","stop_name":"8TH ST & MCLEAN ST"},"geometry":{"type":"Point","coordinates":[-84.538559,39.104073]}},{"type":"Feature","properties":{"stop_id":"8THMCPi","stop_name":"8TH ST & MCPHERSON AVE"},"geometry":{"type":"Point","coordinates":[-84.571053,39.1059]}},{"type":"Feature","properties":{"stop_id":"8THMCPo","stop_name":"8TH ST & MCPHERSON AVE"},"geometry":{"type":"Point","coordinates":[-84.57119,39.106079]}},{"type":"Feature","properties":{"stop_id":"8THOVEo","stop_name":"8TH ST & OVERLOOK AVE"},"geometry":{"type":"Point","coordinates":[-84.599594,39.109131]}},{"type":"Feature","properties":{"stop_id":"8THROSi","stop_name":"8TH ST & ROSEMONT AVE"},"geometry":{"type":"Point","coordinates":[-84.58387,39.106976]}},{"type":"Feature","properties":{"stop_id":"8THROSo","stop_name":"8TH ST & ROSEMONT AVE"},"geometry":{"type":"Point","coordinates":[-84.58416,39.107155]}},{"type":"Feature","properties":{"stop_id":"8THSTAi","stop_name":"8TH ST & STATE ST"},"geometry":{"type":"Point","coordinates":[-84.552453,39.105147]}},{"type":"Feature","properties":{"stop_id":"8THSTAo","stop_name":"8TH ST & STATE AVE"},"geometry":{"type":"Point","coordinates":[-84.553055,39.105373]}},{"type":"Feature","properties":{"stop_id":"8THSUMMi","stop_name":"EIGHT MILE RD & SUMMITRIDGE DR"},"geometry":{"type":"Point","coordinates":[-84.322342,39.083385]}},{"type":"Feature","properties":{"stop_id":"8THSUNi","stop_name":"8TH ST & SUNSET AVE"},"geometry":{"type":"Point","coordinates":[-84.585907,39.107132]}},{"type":"Feature","properties":{"stop_id":"8THSUNo","stop_name":"8TH ST & SUNSET AVE"},"geometry":{"type":"Point","coordinates":[-84.585632,39.107277]}},{"type":"Feature","properties":{"stop_id":"8THWALi","stop_name":"8TH ST & WALNUT ST"},"geometry":{"type":"Point","coordinates":[-84.51165,39.104836]}},{"type":"Feature","properties":{"stop_id":"8THWOOi","stop_name":"8TH ST & WOODLAWN AVE"},"geometry":{"type":"Point","coordinates":[-84.567772,39.105671]}},{"type":"Feature","properties":{"stop_id":"8THWOOo","stop_name":"8TH ST & WOODLAWN AVE"},"geometry":{"type":"Point","coordinates":[-84.567466,39.105819]}},{"type":"Feature","properties":{"stop_id":"9THCENw","stop_name":"9TH ST & CENTRAL AVE"},"geometry":{"type":"Point","coordinates":[-84.521049,39.104378]}},{"type":"Feature","properties":{"stop_id":"9THCHEw","stop_name":"9TH ST & CHEAPSIDE ST"},"geometry":{"type":"Point","coordinates":[-84.508316,39.106339]}},{"type":"Feature","properties":{"stop_id":"9THPLUo","stop_name":"9TH ST & PLUM ST"},"geometry":{"type":"Point","coordinates":[-84.518768,39.10474]}},{"type":"Feature","properties":{"stop_id":"9THRACo","stop_name":"9TH ST & RACE ST"},"geometry":{"type":"Point","coordinates":[-84.515526,39.105225]}},{"type":"Feature","properties":{"stop_id":"9THVINo","stop_name":"9TH ST & VINE ST"},"geometry":{"type":"Point","coordinates":[-84.514397,39.105415]}},{"type":"Feature","properties":{"stop_id":"9THWALo","stop_name":"9TH ST & WALNUT ST"},"geometry":{"type":"Point","coordinates":[-84.511894,39.105785]}},{"type":"Feature","properties":{"stop_id":"AIKENi","stop_name":"AIKEN HIGH SCHOOL"},"geometry":{"type":"Point","coordinates":[-84.549667,39.19305]}},{"type":"Feature","properties":{"stop_id":"AIKENo","stop_name":"AIKEN HIGH SCHOOL"},"geometry":{"type":"Point","coordinates":[-84.549469,39.19315]}},{"type":"Feature","properties":{"stop_id":"AL3325iw","stop_name":"ALAMO AVE 3325"},"geometry":{"type":"Point","coordinates":[-84.423248,39.162621]}},{"type":"Feature","properties":{"stop_id":"ANDCROi","stop_name":"ANDERSON FERRY RD & CROOKSHANK RD"},"geometry":{"type":"Point","coordinates":[-84.615372,39.127998]}},{"type":"Feature","properties":{"stop_id":"ANDCROo","stop_name":"ANDERSON FERRY RD & CROOKSHANK RD"},"geometry":{"type":"Point","coordinates":[-84.614708,39.128437]}},{"type":"Feature","properties":{"stop_id":"ANDSIDi","stop_name":"ANDERSON FERRY RD & SIDNEY AVE"},"geometry":{"type":"Point","coordinates":[-84.616982,39.126453]}},{"type":"Feature","properties":{"stop_id":"ANDSIDo","stop_name":"ANDERSON FERRY RD & SIDNEY AVE"},"geometry":{"type":"Point","coordinates":[-84.616653,39.126514]}},{"type":"Feature","properties":{"stop_id":"ANDSTA","stop_name":"ANDERSON CENTER STATION P&R"},"geometry":{"type":"Point","coordinates":[-84.350583,39.078829]}},{"type":"Feature","properties":{"stop_id":"ANDSTA2","stop_name":"ANDERSON CENTER DR AT ANDERSON STATION"},"geometry":{"type":"Point","coordinates":[-84.350361,39.078854]}},{"type":"Feature","properties":{"stop_id":"ARBSORi","stop_name":"ARBORCREST DR & SORRENTO DR"},"geometry":{"type":"Point","coordinates":[-84.413757,39.213085]}},{"type":"Feature","properties":{"stop_id":"ARBSORo","stop_name":"ARBORCREST DR & SORRENTO DR"},"geometry":{"type":"Point","coordinates":[-84.413933,39.213623]}},{"type":"Feature","properties":{"stop_id":"ARL1350o","stop_name":"ARLINGTON ST 1350"},"geometry":{"type":"Point","coordinates":[-84.54081,39.145546]}},{"type":"Feature","properties":{"stop_id":"ARLCOLi","stop_name":"ARLINGTON ST & COLERAIN AVE"},"geometry":{"type":"Point","coordinates":[-84.538437,39.145226]}},{"type":"Feature","properties":{"stop_id":"ARLSPRi","stop_name":"ARLINGTON ST & SPRING GROVE AVE"},"geometry":{"type":"Point","coordinates":[-84.541031,39.145405]}},{"type":"Feature","properties":{"stop_id":"ARTMTAe","stop_name":"ART MUSEUM DR & MT ADAMS DR"},"geometry":{"type":"Point","coordinates":[-84.49736,39.112755]}},{"type":"Feature","properties":{"stop_id":"ARTMTAw","stop_name":"ART MUSEUM DR & MT ADAMS DR"},"geometry":{"type":"Point","coordinates":[-84.497513,39.112652]}},{"type":"Feature","properties":{"stop_id":"ASHFIRo","stop_name":"ASHTREE DR & FIRTREE CT"},"geometry":{"type":"Point","coordinates":[-84.547541,39.174443]}},{"type":"Feature","properties":{"stop_id":"ASHMONi","stop_name":"ASHTREE DR & MONTEREY CT"},"geometry":{"type":"Point","coordinates":[-84.547279,39.175564]}},{"type":"Feature","properties":{"stop_id":"ASHMONo","stop_name":"ASHTREE DR & MONTEREY CT"},"geometry":{"type":"Point","coordinates":[-84.547112,39.175404]}},{"type":"Feature","properties":{"stop_id":"AUBBODi","stop_name":"AUBURN AVE & BODMANN AVE"},"geometry":{"type":"Point","coordinates":[-84.508807,39.118892]}},{"type":"Feature","properties":{"stop_id":"AUBBODo","stop_name":"AUBURN AVE & BODMANN AVE"},"geometry":{"type":"Point","coordinates":[-84.508659,39.118561]}},{"type":"Feature","properties":{"stop_id":"AUBEARi","stop_name":"AUBURN AVE & EARNSHAW AVE"},"geometry":{"type":"Point","coordinates":[-84.508636,39.120754]}},{"type":"Feature","properties":{"stop_id":"AUBEARo","stop_name":"AUBURN AVE & EARNSHAW AVE"},"geometry":{"type":"Point","coordinates":[-84.508453,39.121216]}},{"type":"Feature","properties":{"stop_id":"AUBMASo","stop_name":"AUBURN AVE & MASON ST"},"geometry":{"type":"Point","coordinates":[-84.508514,39.119961]}},{"type":"Feature","properties":{"stop_id":"AUBMCCi","stop_name":"AUBURN AVE & MCCORMICK PL"},"geometry":{"type":"Point","coordinates":[-84.508507,39.124638]}},{"type":"Feature","properties":{"stop_id":"AUBMCCo","stop_name":"AUBURN AVE & MCCORMICK PL"},"geometry":{"type":"Point","coordinates":[-84.508301,39.124645]}},{"type":"Feature","properties":{"stop_id":"AUBMCGi","stop_name":"AUBURN AVE & MCGREGOR AVE"},"geometry":{"type":"Point","coordinates":[-84.508545,39.122944]}},{"type":"Feature","properties":{"stop_id":"AUBMCGo","stop_name":"AUBURN AVE & MCGREGOR AVE"},"geometry":{"type":"Point","coordinates":[-84.508356,39.123012]}},{"type":"Feature","properties":{"stop_id":"AUBMCMi","stop_name":"AUBURN AVE & MCMILLAN ST"},"geometry":{"type":"Point","coordinates":[-84.508526,39.125734]}},{"type":"Feature","properties":{"stop_id":"AUBMCMo","stop_name":"AUBURN AVE & MCMILLAN ST"},"geometry":{"type":"Point","coordinates":[-84.508324,39.126846]}},{"type":"Feature","properties":{"stop_id":"BALBRIi","stop_name":"BALTIMORE AVE & BRINKMEIER AVE"},"geometry":{"type":"Point","coordinates":[-84.560593,39.138237]}},{"type":"Feature","properties":{"stop_id":"BALBRIo","stop_name":"BALTIMORE AVE & BRINKMEIER AVE"},"geometry":{"type":"Point","coordinates":[-84.560356,39.138176]}},{"type":"Feature","properties":{"stop_id":"BALCARi","stop_name":"BALTIMORE AVE & CARLL ST"},"geometry":{"type":"Point","coordinates":[-84.558296,39.13533]}},{"type":"Feature","properties":{"stop_id":"BALCARo","stop_name":"BALTIMORE AVE & CARLL ST"},"geometry":{"type":"Point","coordinates":[-84.558228,39.135517]}},{"type":"Feature","properties":{"stop_id":"BALMCHo","stop_name":"BALTIMORE AVE & MCHENRY AVE"},"geometry":{"type":"Point","coordinates":[-84.56179,39.149532]}},{"type":"Feature","properties":{"stop_id":"BALMERi","stop_name":"BALTIMORE AVE & MERREL AVE"},"geometry":{"type":"Point","coordinates":[-84.560982,39.140003]}},{"type":"Feature","properties":{"stop_id":"BALMERo","stop_name":"BALTIMORE AVE & MERRILL AVE"},"geometry":{"type":"Point","coordinates":[-84.560555,39.139362]}},{"type":"Feature","properties":{"stop_id":"BALPREo","stop_name":"BALTIMORE AVE & PRESIDENT DR"},"geometry":{"type":"Point","coordinates":[-84.561745,39.151386]}},{"type":"Feature","properties":{"stop_id":"BALTMCHo","stop_name":"BALTIMORE AVE & MCHENRY AVE"},"geometry":{"type":"Point","coordinates":[-84.561882,39.149899]}},{"type":"Feature","properties":{"stop_id":"BALWERi","stop_name":"BALTIMORE AVE & WERON LN"},"geometry":{"type":"Point","coordinates":[-84.562523,39.148167]}},{"type":"Feature","properties":{"stop_id":"BALWERo","stop_name":"BALTIMORE AVE & WERON LN"},"geometry":{"type":"Point","coordinates":[-84.562286,39.148159]}},{"type":"Feature","properties":{"stop_id":"BALWESi","stop_name":"BALTIMORE AVE & WESTWOOD NORTHERN"},"geometry":{"type":"Point","coordinates":[-84.56263,39.144928]}},{"type":"Feature","properties":{"stop_id":"BALWESo","stop_name":"BALTIMORE AVE & WESTWOOD NORTHERN"},"geometry":{"type":"Point","coordinates":[-84.562447,39.145016]}},{"type":"Feature","properties":{"stop_id":"BALYOAi","stop_name":"BALTIMORE AVE & YOAST AVE"},"geometry":{"type":"Point","coordinates":[-84.561974,39.141888]}},{"type":"Feature","properties":{"stop_id":"BALYOAo","stop_name":"BALTIMORE AVE & YOAST AVE"},"geometry":{"type":"Point","coordinates":[-84.561668,39.141788]}},{"type":"Feature","properties":{"stop_id":"BAN821i","stop_name":"BANK ST 821"},"geometry":{"type":"Point","coordinates":[-84.528191,39.119254]}},{"type":"Feature","properties":{"stop_id":"BANBOLi","stop_name":"BANNING RD & BOLEYN DR"},"geometry":{"type":"Point","coordinates":[-84.590523,39.212147]}},{"type":"Feature","properties":{"stop_id":"BANBOLo","stop_name":"BANNING RD & BOLEYN DR"},"geometry":{"type":"Point","coordinates":[-84.590805,39.211994]}},{"type":"Feature","properties":{"stop_id":"BANDALi","stop_name":"BANK ST & DALTON AVE"},"geometry":{"type":"Point","coordinates":[-84.535645,39.119747]}},{"type":"Feature","properties":{"stop_id":"BANDALo","stop_name":"BANK ST & DALTON AVE"},"geometry":{"type":"Point","coordinates":[-84.53566,39.119907]}},{"type":"Feature","properties":{"stop_id":"BANDALpi","stop_name":"Bank St past Dalton Ave"},"geometry":{"type":"Point","coordinates":[-84.537187,39.119927]}},{"type":"Feature","properties":{"stop_id":"BANDALpo","stop_name":"Bank St near Dalton Ave"},"geometry":{"type":"Point","coordinates":[-84.536745,39.119795]}},{"type":"Feature","properties":{"stop_id":"BANFREi","stop_name":"BANK ST & FREEMAN AVE"},"geometry":{"type":"Point","coordinates":[-84.531235,39.119446]}},{"type":"Feature","properties":{"stop_id":"BANFREo","stop_name":"BANK ST & FREEMAN AVE"},"geometry":{"type":"Point","coordinates":[-84.530991,39.119591]}},{"type":"Feature","properties":{"stop_id":"BANLINo","stop_name":"BANK ST & LINN ST"},"geometry":{"type":"Point","coordinates":[-84.527412,39.119308]}},{"type":"Feature","properties":{"stop_id":"BANLOCi","stop_name":"BANNING RD & LOCUST VIEW LN"},"geometry":{"type":"Point","coordinates":[-84.594017,39.212345]}},{"type":"Feature","properties":{"stop_id":"BANLOCo","stop_name":"BANNING RD & LOCUST VIEW LN"},"geometry":{"type":"Point","coordinates":[-84.594284,39.212193]}},{"type":"Feature","properties":{"stop_id":"BANPATi","stop_name":"BANK ST & PATTERSON ST"},"geometry":{"type":"Point","coordinates":[-84.53347,39.119621]}},{"type":"Feature","properties":{"stop_id":"BANPATo","stop_name":"BANK ST & PATTERSON ST"},"geometry":{"type":"Point","coordinates":[-84.533394,39.119759]}},{"type":"Feature","properties":{"stop_id":"BASHAWi","stop_name":"BASSETT RD & HAWTHORNE AVE"},"geometry":{"type":"Point","coordinates":[-84.562965,39.100468]}},{"type":"Feature","properties":{"stop_id":"BEA1230o","stop_name":"BEACON RD 1230"},"geometry":{"type":"Point","coordinates":[-84.382744,39.075851]}},{"type":"Feature","properties":{"stop_id":"BEA1237i","stop_name":"BEACON ST 1237"},"geometry":{"type":"Point","coordinates":[-84.382866,39.076077]}},{"type":"Feature","properties":{"stop_id":"BEA1737o","stop_name":"BEACON RD 1737"},"geometry":{"type":"Point","coordinates":[-84.381523,39.086075]}},{"type":"Feature","properties":{"stop_id":"BEAAMBo","stop_name":"BEACON RD & AMBAR AVE"},"geometry":{"type":"Point","coordinates":[-84.382057,39.08149]}},{"type":"Feature","properties":{"stop_id":"BEABEEi","stop_name":"BEACON ST & BEECHMONT AVE"},"geometry":{"type":"Point","coordinates":[-84.381569,39.087414]}},{"type":"Feature","properties":{"stop_id":"BEABEEo","stop_name":"BEACON RD & BEECHMONT AVE"},"geometry":{"type":"Point","coordinates":[-84.381348,39.087486]}},{"type":"Feature","properties":{"stop_id":"BEAGLAi","stop_name":"BEACON ST & GLADE AVE"},"geometry":{"type":"Point","coordinates":[-84.382408,39.080296]}},{"type":"Feature","properties":{"stop_id":"BEAGLAo","stop_name":"BEACON RD & GLADE AVE"},"geometry":{"type":"Point","coordinates":[-84.382225,39.080097]}},{"type":"Feature","properties":{"stop_id":"BEAMWRi","stop_name":"BEACON ST  MT WASH REC CENTER"},"geometry":{"type":"Point","coordinates":[-84.38179,39.085529]}},{"type":"Feature","properties":{"stop_id":"BEASHEi","stop_name":"BEACON ST & SHERMAN AVE"},"geometry":{"type":"Point","coordinates":[-84.382568,39.07851]}},{"type":"Feature","properties":{"stop_id":"BEASHEo","stop_name":"BEACON RD & SHERMAN AVE"},"geometry":{"type":"Point","coordinates":[-84.382454,39.078514]}},{"type":"Feature","properties":{"stop_id":"BEASHOi","stop_name":"BEACON RD & SHORT DR"},"geometry":{"type":"Point","coordinates":[-84.382179,39.082211]}},{"type":"Feature","properties":{"stop_id":"BEASHOo","stop_name":"BEACON ST & SHORTS DR"},"geometry":{"type":"Point","coordinates":[-84.381927,39.082615]}},{"type":"Feature","properties":{"stop_id":"BEE2351o","stop_name":"BEECHMONT AVE 2351"},"geometry":{"type":"Point","coordinates":[-84.387276,39.098473]}},{"type":"Feature","properties":{"stop_id":"BEE2352i","stop_name":"BEECHMONT AVE 2352"},"geometry":{"type":"Point","coordinates":[-84.387016,39.098568]}},{"type":"Feature","properties":{"stop_id":"BEE2500i","stop_name":"BEECHMONT AVE 2500"},"geometry":{"type":"Point","coordinates":[-84.386795,39.10062]}},{"type":"Feature","properties":{"stop_id":"BEE3111i","stop_name":"BEEKMAN ST 3111"},"geometry":{"type":"Point","coordinates":[-84.550827,39.143246]}},{"type":"Feature","properties":{"stop_id":"BEE3210o","stop_name":"BEEKMAN ST 3210"},"geometry":{"type":"Point","coordinates":[-84.550529,39.143101]}},{"type":"Feature","properties":{"stop_id":"BEE3441i","stop_name":"BEEKMAN ST 3441"},"geometry":{"type":"Point","coordinates":[-84.551071,39.151924]}},{"type":"Feature","properties":{"stop_id":"BEE3442o","stop_name":"BEEKMAN ST 3442"},"geometry":{"type":"Point","coordinates":[-84.550873,39.151855]}},{"type":"Feature","properties":{"stop_id":"BEE6531o","stop_name":"BEECHMONT AVE 6531"},"geometry":{"type":"Point","coordinates":[-84.377281,39.085423]}},{"type":"Feature","properties":{"stop_id":"BEE6536i","stop_name":"BEECHMONT AVE 6536"},"geometry":{"type":"Point","coordinates":[-84.377228,39.085629]}},{"type":"Feature","properties":{"stop_id":"BEE6774i","stop_name":"BEECHMONT AVE 6774"},"geometry":{"type":"Point","coordinates":[-84.372284,39.080894]}},{"type":"Feature","properties":{"stop_id":"BEE6775o","stop_name":"BEECHMONT AVE 6775"},"geometry":{"type":"Point","coordinates":[-84.372375,39.080734]}},{"type":"Feature","properties":{"stop_id":"BEE6881o","stop_name":"BEECHMONT AVE 6881"},"geometry":{"type":"Point","coordinates":[-84.36953,39.078968]}},{"type":"Feature","properties":{"stop_id":"BEE6900i","stop_name":"BEECHMONT AVE 6900"},"geometry":{"type":"Point","coordinates":[-84.368927,39.078869]}},{"type":"Feature","properties":{"stop_id":"BEE7729o","stop_name":"BEECHMONT AVE 7729"},"geometry":{"type":"Point","coordinates":[-84.343872,39.072662]}},{"type":"Feature","properties":{"stop_id":"BEE7825o","stop_name":"BEECHMONT AVE 7825"},"geometry":{"type":"Point","coordinates":[-84.339554,39.07262]}},{"type":"Feature","properties":{"stop_id":"BEEASBi","stop_name":"BEECHMONT AVE & ASBURY RD"},"geometry":{"type":"Point","coordinates":[-84.339943,39.072784]}},{"type":"Feature","properties":{"stop_id":"BEEBEAi","stop_name":"BEECHMONT AVE & BEACON ST"},"geometry":{"type":"Point","coordinates":[-84.381264,39.087761]}},{"type":"Feature","properties":{"stop_id":"BEEBEAo","stop_name":"BEECHMONT AVE & BEACON ST"},"geometry":{"type":"Point","coordinates":[-84.381729,39.087807]}},{"type":"Feature","properties":{"stop_id":"BEEBECi","stop_name":"BEECHMONT AVE & BEECHMONT CIRCLE"},"geometry":{"type":"Point","coordinates":[-84.413742,39.118439]}},{"type":"Feature","properties":{"stop_id":"BEEBELi","stop_name":"BEECHMONT AVE & BELLEMEADE CT"},"geometry":{"type":"Point","coordinates":[-84.379311,39.086754]}},{"type":"Feature","properties":{"stop_id":"BEEBELo","stop_name":"BEECHMONT AVE & BELLEMEADE CT"},"geometry":{"type":"Point","coordinates":[-84.379303,39.086575]}},{"type":"Feature","properties":{"stop_id":"BEEBONi","stop_name":"BEECHMONT AVE & BONNIE DR"},"geometry":{"type":"Point","coordinates":[-84.387802,39.102726]}},{"type":"Feature","properties":{"stop_id":"BEEBONo","stop_name":"BEECHMONT  AVE & BONNIE DR"},"geometry":{"type":"Point","coordinates":[-84.388092,39.102764]}},{"type":"Feature","properties":{"stop_id":"BEEBRAi","stop_name":"BEECHMONT AVE & BRACHMAN AVE"},"geometry":{"type":"Point","coordinates":[-84.378403,39.086323]}},{"type":"Feature","properties":{"stop_id":"BEEBRAo","stop_name":"BEECHMONT AVE & BRACHMAN AVE"},"geometry":{"type":"Point","coordinates":[-84.378197,39.086002]}},{"type":"Feature","properties":{"stop_id":"BEEBURi","stop_name":"BEECHMONT AVE & BURNEY LN"},"geometry":{"type":"Point","coordinates":[-84.374405,39.083157]}},{"type":"Feature","properties":{"stop_id":"BEEBURo","stop_name":"BEECHMONT AVE & BURNEY LN"},"geometry":{"type":"Point","coordinates":[-84.374321,39.082771]}},{"type":"Feature","properties":{"stop_id":"BEECAM","stop_name":"BEECHMONT & CAMPUS LN"},"geometry":{"type":"Point","coordinates":[-84.387039,39.091644]}},{"type":"Feature","properties":{"stop_id":"BEECAMi","stop_name":"BEECHMONT AVE & CAMPUS LN"},"geometry":{"type":"Point","coordinates":[-84.386787,39.091537]}},{"type":"Feature","properties":{"stop_id":"BEECHUi","stop_name":"BEECHMONT AVE & CHURCH PL"},"geometry":{"type":"Point","coordinates":[-84.417885,39.120625]}},{"type":"Feature","properties":{"stop_id":"BEECHUo","stop_name":"BEECHMONT AVE & CHURCH PL"},"geometry":{"type":"Point","coordinates":[-84.418312,39.120644]}},{"type":"Feature","properties":{"stop_id":"BEECOLi","stop_name":"BEECHMONT AVE & COLLINSDALE AVE"},"geometry":{"type":"Point","coordinates":[-84.354149,39.072971]}},{"type":"Feature","properties":{"stop_id":"BEECOLo","stop_name":"BEECHMONT AVE & COLLINSDALE AVE"},"geometry":{"type":"Point","coordinates":[-84.354584,39.072777]}},{"type":"Feature","properties":{"stop_id":"BEECORi","stop_name":"BEECHMONT AVE & CORBLY ST"},"geometry":{"type":"Point","coordinates":[-84.386963,39.093819]}},{"type":"Feature","properties":{"stop_id":"BEECORo","stop_name":"BEECHMONT AVE & CORBLY ST"},"geometry":{"type":"Point","coordinates":[-84.387199,39.094212]}},{"type":"Feature","properties":{"stop_id":"BEECRESo","stop_name":"BEECHMONT AVE & CRESTVIEW PL"},"geometry":{"type":"Point","coordinates":[-84.387314,39.096329]}},{"type":"Feature","properties":{"stop_id":"BEEDREi","stop_name":"BEEKMAN ST & DREMAN AVE"},"geometry":{"type":"Point","coordinates":[-84.550606,39.153572]}},{"type":"Feature","properties":{"stop_id":"BEEDREo","stop_name":"BEEKMAN ST & DREMAN AVE"},"geometry":{"type":"Point","coordinates":[-84.55058,39.153255]}},{"type":"Feature","properties":{"stop_id":"BEEELMi","stop_name":"BEEKMAN ST & ELMORE ST"},"geometry":{"type":"Point","coordinates":[-84.550415,39.155525]}},{"type":"Feature","properties":{"stop_id":"BEEELMo","stop_name":"BEEKMAN ST & ELMORE ST"},"geometry":{"type":"Point","coordinates":[-84.550156,39.155582]}},{"type":"Feature","properties":{"stop_id":"BEEELSi","stop_name":"BEECHMONT AVE & ELSTUN RD"},"geometry":{"type":"Point","coordinates":[-84.395142,39.105656]}},{"type":"Feature","properties":{"stop_id":"BEEELSo","stop_name":"BEECHMONT AVE & ELSTUN RD"},"geometry":{"type":"Point","coordinates":[-84.395668,39.105679]}},{"type":"Feature","properties":{"stop_id":"BEEFORi","stop_name":"BEECHMONT AVE & FOREST RD"},"geometry":{"type":"Point","coordinates":[-84.34787,39.07288]}},{"type":"Feature","properties":{"stop_id":"BEEFORo","stop_name":"BEECHMONT AVE & FOREST RD"},"geometry":{"type":"Point","coordinates":[-84.349205,39.072735]}},{"type":"Feature","properties":{"stop_id":"BEEHOPi","stop_name":"BEEKMAN ST & HOPPLE ST"},"geometry":{"type":"Point","coordinates":[-84.548676,39.138084]}},{"type":"Feature","properties":{"stop_id":"BEEHOPo","stop_name":"BEEKMAN ST & HOPPLE ST"},"geometry":{"type":"Point","coordinates":[-84.548477,39.138168]}},{"type":"Feature","properties":{"stop_id":"BEEKNOi","stop_name":"BEEKMAN ST & KNOX ST"},"geometry":{"type":"Point","coordinates":[-84.544693,39.128143]}},{"type":"Feature","properties":{"stop_id":"BEEKNOo","stop_name":"BEEKMAN ST & KNOX ST"},"geometry":{"type":"Point","coordinates":[-84.544136,39.128643]}},{"type":"Feature","properties":{"stop_id":"BEEMEAo","stop_name":"BEECHMONT AVE & MEARS AVE"},"geometry":{"type":"Point","coordinates":[-84.385803,39.089924]}},{"type":"Feature","properties":{"stop_id":"BEEMILi","stop_name":"BEEKMAN ST & MILLVALE CT"},"geometry":{"type":"Point","coordinates":[-84.551413,39.148119]}},{"type":"Feature","properties":{"stop_id":"BEEMILo","stop_name":"BEEKMAN ST & MILLVALE CT"},"geometry":{"type":"Point","coordinates":[-84.551216,39.148251]}},{"type":"Feature","properties":{"stop_id":"BEEMOOi","stop_name":"BEEKMAN ST & MOOSEWOOD AVE"},"geometry":{"type":"Point","coordinates":[-84.551491,39.144768]}},{"type":"Feature","properties":{"stop_id":"BEEMOOo","stop_name":"BEEKMAN ST & MOOSEWOOD AVE"},"geometry":{"type":"Point","coordinates":[-84.551178,39.144554]}},{"type":"Feature","properties":{"stop_id":"BEEMORi","stop_name":"BEECHMONT AVE & MORROW ST"},"geometry":{"type":"Point","coordinates":[-84.385742,39.090073]}},{"type":"Feature","properties":{"stop_id":"BEENEWEo","stop_name":"BEECHMONT AVE & NEW ENGLAND CLUB DR"},"geometry":{"type":"Point","coordinates":[-84.329651,39.072884]}},{"type":"Feature","properties":{"stop_id":"BEENORi","stop_name":"BEECHMONT AVE & NORDICA LN"},"geometry":{"type":"Point","coordinates":[-84.334084,39.072929]}},{"type":"Feature","properties":{"stop_id":"BEENORo","stop_name":"BEECHMONT AVE & NORDICA LN"},"geometry":{"type":"Point","coordinates":[-84.334015,39.072769]}},{"type":"Feature","properties":{"stop_id":"BEEPADi","stop_name":"BEECHMONT AVE & PADDISON RD"},"geometry":{"type":"Point","coordinates":[-84.35836,39.072983]}},{"type":"Feature","properties":{"stop_id":"BEEPADo","stop_name":"BEECHMONT AVE & PADDISON RD"},"geometry":{"type":"Point","coordinates":[-84.357765,39.072784]}},{"type":"Feature","properties":{"stop_id":"BEEPULi","stop_name":"BEEKMAN ST & PULTE ST"},"geometry":{"type":"Point","coordinates":[-84.547905,39.135834]}},{"type":"Feature","properties":{"stop_id":"BEEPULo","stop_name":"BEEKMAN ST & PULTE ST"},"geometry":{"type":"Point","coordinates":[-84.547615,39.135555]}},{"type":"Feature","properties":{"stop_id":"BEERANo","stop_name":"BEECHMONT AVE & RANCHVALE DR"},"geometry":{"type":"Point","coordinates":[-84.390984,39.104374]}},{"type":"Feature","properties":{"stop_id":"BEEREDi","stop_name":"BEECHMONT AVE & REDFIELD PL"},"geometry":{"type":"Point","coordinates":[-84.390602,39.104477]}},{"type":"Feature","properties":{"stop_id":"BEEROXi","stop_name":"BEECHMONT AVE & ROXBURY ST"},"geometry":{"type":"Point","coordinates":[-84.387093,39.096096]}},{"type":"Feature","properties":{"stop_id":"BEESALo","stop_name":"BEECHMONT AVE & SALEM RD"},"geometry":{"type":"Point","coordinates":[-84.361336,39.073215]}},{"type":"Feature","properties":{"stop_id":"BEESUTi","stop_name":"BEEKMAN ST & SUTTER AVE"},"geometry":{"type":"Point","coordinates":[-84.548233,39.136955]}},{"type":"Feature","properties":{"stop_id":"BEETALLi","stop_name":"BEECHMONT AVE & TALLBERRY  DR"},"geometry":{"type":"Point","coordinates":[-84.363541,39.074921]}},{"type":"Feature","properties":{"stop_id":"BEETALLo","stop_name":"BEECHMONT AVE & TALLBERRY DR"},"geometry":{"type":"Point","coordinates":[-84.363701,39.074814]}},{"type":"Feature","properties":{"stop_id":"BEETOWNo","stop_name":"BEECHMONT AVE & TOWNE CENTER WY"},"geometry":{"type":"Point","coordinates":[-84.347137,39.072701]}},{"type":"Feature","properties":{"stop_id":"BEETREo","stop_name":"BEEKMAN ST & TREMONT ST"},"geometry":{"type":"Point","coordinates":[-84.545204,39.127007]}},{"type":"Feature","properties":{"stop_id":"BEEVOLLi","stop_name":"BEECHMONT AVE & VOLL RD"},"geometry":{"type":"Point","coordinates":[-84.365616,39.076572]}},{"type":"Feature","properties":{"stop_id":"BEEVOLLo","stop_name":"BEECHMONT AVE & VOLL RD"},"geometry":{"type":"Point","coordinates":[-84.365646,39.076359]}},{"type":"Feature","properties":{"stop_id":"BEEWILi","stop_name":"BEECHMONT AVE & WILARAY TER"},"geometry":{"type":"Point","coordinates":[-84.383713,39.089046]}},{"type":"Feature","properties":{"stop_id":"BEEWILMo","stop_name":"BEECHMONT AVE & WILMER AVE"},"geometry":{"type":"Point","coordinates":[-84.414368,39.118565]}},{"type":"Feature","properties":{"stop_id":"BEEWILo","stop_name":"BEECHMONT AVE & WILARAY TER"},"geometry":{"type":"Point","coordinates":[-84.383575,39.088779]}},{"type":"Feature","properties":{"stop_id":"BEEWITTo","stop_name":"BEECHMONT AVE & WITT RD"},"geometry":{"type":"Point","coordinates":[-84.335907,39.072601]}},{"type":"Feature","properties":{"stop_id":"BEEYONi","stop_name":"BEEKMAN ST & YONKERS AVE"},"geometry":{"type":"Point","coordinates":[-84.549332,39.139782]}},{"type":"Feature","properties":{"stop_id":"BEEYONo","stop_name":"BEEKMAN ST & YONKERS AVE"},"geometry":{"type":"Point","coordinates":[-84.549011,39.139435]}},{"type":"Feature","properties":{"stop_id":"BELBLUe","stop_name":"BELMONT AVE & BLUESPRUCE LN"},"geometry":{"type":"Point","coordinates":[-84.559303,39.199108]}},{"type":"Feature","properties":{"stop_id":"BELBLUw","stop_name":"BELMONT AVE & BLUESPRUCE LN"},"geometry":{"type":"Point","coordinates":[-84.559044,39.199242]}},{"type":"Feature","properties":{"stop_id":"BELMONe","stop_name":"BELMONT AVE & MONTICELLO AVE"},"geometry":{"type":"Point","coordinates":[-84.562126,39.200169]}},{"type":"Feature","properties":{"stop_id":"BELMONw","stop_name":"BELMONT AVE & MONTICELLO AVE"},"geometry":{"type":"Point","coordinates":[-84.561607,39.200142]}},{"type":"Feature","properties":{"stop_id":"BELOAKe","stop_name":"BELMONT AVE & OAKWOOD AVE"},"geometry":{"type":"Point","coordinates":[-84.555397,39.198586]}},{"type":"Feature","properties":{"stop_id":"BELOAKw","stop_name":"BELMONT AVE & OAKWOOD AVE"},"geometry":{"type":"Point","coordinates":[-84.555061,39.198711]}},{"type":"Feature","properties":{"stop_id":"BELPASi","stop_name":"BELMONT AVE & PASADENA AVE"},"geometry":{"type":"Point","coordinates":[-84.547813,39.191849]}},{"type":"Feature","properties":{"stop_id":"BELPASw","stop_name":"BELMONT AVE & PASADENA AVE"},"geometry":{"type":"Point","coordinates":[-84.547775,39.192036]}},{"type":"Feature","properties":{"stop_id":"BEN5999i","stop_name":"BENDER RD 5999"},"geometry":{"type":"Point","coordinates":[-84.650642,39.10231]}},{"type":"Feature","properties":{"stop_id":"BEN6004o","stop_name":"BENDER RD 6004"},"geometry":{"type":"Point","coordinates":[-84.649597,39.101898]}},{"type":"Feature","properties":{"stop_id":"BENBAY2o","stop_name":"BENDER RD & BAYLEY PL"},"geometry":{"type":"Point","coordinates":[-84.643217,39.098019]}},{"type":"Feature","properties":{"stop_id":"BENBAYi","stop_name":"BENDER RD & BAYLEY PL"},"geometry":{"type":"Point","coordinates":[-84.643207,39.097744]}},{"type":"Feature","properties":{"stop_id":"BERPHAo","stop_name":"BERKLEY AVE & PHANTOM AVE"},"geometry":{"type":"Point","coordinates":[-84.4646,39.17197]}},{"type":"Feature","properties":{"stop_id":"BERREAo","stop_name":"BERKLEY AVE & READING RD"},"geometry":{"type":"Point","coordinates":[-84.467445,39.172016]}},{"type":"Feature","properties":{"stop_id":"BERRHOo","stop_name":"BERKLEY AVE & RHODE ISLAND AVE"},"geometry":{"type":"Point","coordinates":[-84.459572,39.171856]}},{"type":"Feature","properties":{"stop_id":"BHGi","stop_name":"BOND HILL GARAGE - PADDOCK RD"},"geometry":{"type":"Point","coordinates":[-84.478313,39.171971]}},{"type":"Feature","properties":{"stop_id":"BHGo","stop_name":"BOND HILL GARAGE - PADDOCK RD"},"geometry":{"type":"Point","coordinates":[-84.478071,39.172329]}},{"type":"Feature","properties":{"stop_id":"BL1755oi","stop_name":"BLEECKER LN 1755"},"geometry":{"type":"Point","coordinates":[-84.55439,39.137905]}},{"type":"Feature","properties":{"stop_id":"BLESUTi","stop_name":"BLEECKER LN & SUTTER AVE"},"geometry":{"type":"Point","coordinates":[-84.555794,39.137886]}},{"type":"Feature","properties":{"stop_id":"BLU8483i","stop_name":"BLUE ASH AVE 8483"},"geometry":{"type":"Point","coordinates":[-84.388268,39.21349]}},{"type":"Feature","properties":{"stop_id":"BLU8896o","stop_name":"BLUE ASH AVE 8896"},"geometry":{"type":"Point","coordinates":[-84.385597,39.218327]}},{"type":"Feature","properties":{"stop_id":"BLU9221i","stop_name":"BLUE ASH AVE 9221"},"geometry":{"type":"Point","coordinates":[-84.381905,39.226177]}},{"type":"Feature","properties":{"stop_id":"BLU9250o","stop_name":"BLUE ASH AVE 9250"},"geometry":{"type":"Point","coordinates":[-84.381477,39.226471]}},{"type":"Feature","properties":{"stop_id":"BLUBELi","stop_name":"BLUE ASH AVE & BELLEVIEW AVE"},"geometry":{"type":"Point","coordinates":[-84.38356,39.222778]}},{"type":"Feature","properties":{"stop_id":"BLUBELo","stop_name":"BLUE ASH AVE & BELLEVIEW AVE"},"geometry":{"type":"Point","coordinates":[-84.38356,39.222527]}},{"type":"Feature","properties":{"stop_id":"BLUBUXi","stop_name":"BLUE ASH AVE & BUXTON RD"},"geometry":{"type":"Point","coordinates":[-84.386581,39.216789]}},{"type":"Feature","properties":{"stop_id":"BLUBUXo","stop_name":"BLUE ASH AVE & BUXTON RD"},"geometry":{"type":"Point","coordinates":[-84.386459,39.216568]}},{"type":"Feature","properties":{"stop_id":"BLUCOLi","stop_name":"BLUE ROCK RD & COLERAIN AVE"},"geometry":{"type":"Point","coordinates":[-84.545891,39.161236]}},{"type":"Feature","properties":{"stop_id":"BLUCOLo","stop_name":"BLUE ROCK ST & COLERAIN AVE"},"geometry":{"type":"Point","coordinates":[-84.546005,39.161423]}},{"type":"Feature","properties":{"stop_id":"BLUCOOi","stop_name":"BLUE ASH AVE & COOPER RD"},"geometry":{"type":"Point","coordinates":[-84.378906,39.231464]}},{"type":"Feature","properties":{"stop_id":"BLUCOOo","stop_name":"BLUE ASH AVE & COOPER RD"},"geometry":{"type":"Point","coordinates":[-84.378822,39.231277]}},{"type":"Feature","properties":{"stop_id":"BLUEMEi","stop_name":"BLUE ASH AVE & EMERALD AVE"},"geometry":{"type":"Point","coordinates":[-84.385666,39.218555]}},{"type":"Feature","properties":{"stop_id":"BLUGALi","stop_name":"BLUE ASH AVE & GALBRAITH RD"},"geometry":{"type":"Point","coordinates":[-84.391029,39.207909]}},{"type":"Feature","properties":{"stop_id":"BLUGALo","stop_name":"BLUE ASH AVE & GALBRAITH RD"},"geometry":{"type":"Point","coordinates":[-84.390427,39.208721]}},{"type":"Feature","properties":{"stop_id":"BLUHAMi","stop_name":"BLUE ROCK RD & HAMILTON AVE"},"geometry":{"type":"Point","coordinates":[-84.540306,39.160099]}},{"type":"Feature","properties":{"stop_id":"BLUHARo","stop_name":"BLUE ASH AVE & HARRISON AVE"},"geometry":{"type":"Point","coordinates":[-84.38797,39.213581]}},{"type":"Feature","properties":{"stop_id":"BLUHUNo","stop_name":"BLUE ASH AVE & HUNT RD"},"geometry":{"type":"Point","coordinates":[-84.380051,39.228825]}},{"type":"Feature","properties":{"stop_id":"BLUMATi","stop_name":"BLUE ASH AVE & MATSON AVE"},"geometry":{"type":"Point","coordinates":[-84.393448,39.204891]}},{"type":"Feature","properties":{"stop_id":"BLUMATo","stop_name":"BLUE ASH AVE & MATSON AVE"},"geometry":{"type":"Point","coordinates":[-84.393379,39.204613]}},{"type":"Feature","properties":{"stop_id":"BLUOLEi","stop_name":"BLUE ASH AVE & OLEARY AVE"},"geometry":{"type":"Point","coordinates":[-84.396255,39.201733]}},{"type":"Feature","properties":{"stop_id":"BLUORCo","stop_name":"BLUE ASH AVE & ORCHARD LN"},"geometry":{"type":"Point","coordinates":[-84.396301,39.201366]}},{"type":"Feature","properties":{"stop_id":"BLUREDi","stop_name":"BLUE ASH AVE & REDMONT AVE"},"geometry":{"type":"Point","coordinates":[-84.394936,39.203224]}},{"type":"Feature","properties":{"stop_id":"BLUREDo","stop_name":"BLUE ASH AVE & REDMONT AVE"},"geometry":{"type":"Point","coordinates":[-84.394859,39.202991]}},{"type":"Feature","properties":{"stop_id":"BLUSPEo","stop_name":"BLUE ASH AVE & SPENCER AVE"},"geometry":{"type":"Point","coordinates":[-84.38958,39.210522]}},{"type":"Feature","properties":{"stop_id":"BLUTURo","stop_name":"BLUE ROCK ST & TURRILL ST"},"geometry":{"type":"Point","coordinates":[-84.541679,39.160419]}},{"type":"Feature","properties":{"stop_id":"BLUWEBi","stop_name":"BLUE ASH AVE & WEBSTER AVE"},"geometry":{"type":"Point","coordinates":[-84.398659,39.199047]}},{"type":"Feature","properties":{"stop_id":"BLUWEBo","stop_name":"BLUE ASH RD & WEBSTER AVE"},"geometry":{"type":"Point","coordinates":[-84.398933,39.19846]}},{"type":"Feature","properties":{"stop_id":"BLUWOOi","stop_name":"BLUE ASH RD & WOODLAWN"},"geometry":{"type":"Point","coordinates":[-84.389854,39.210289]}},{"type":"Feature","properties":{"stop_id":"BODAUB","stop_name":"BODMANN AVE & AUBURN AVE"},"geometry":{"type":"Point","coordinates":[-84.508506,39.118692]}},{"type":"Feature","properties":{"stop_id":"BOU2848o","stop_name":"BOUDINOT AVE 2848"},"geometry":{"type":"Point","coordinates":[-84.604797,39.134304]}},{"type":"Feature","properties":{"stop_id":"BOU2849i","stop_name":"BOUDINOT AVE 2849"},"geometry":{"type":"Point","coordinates":[-84.604935,39.135143]}},{"type":"Feature","properties":{"stop_id":"BOUDAYn","stop_name":"BOUDINOT AVE & DAYTONA AVE"},"geometry":{"type":"Point","coordinates":[-84.6036,39.146278]}},{"type":"Feature","properties":{"stop_id":"BOUDAYs","stop_name":"BOUDINOT AVE & DAYTONA AVE"},"geometry":{"type":"Point","coordinates":[-84.60379,39.146477]}},{"type":"Feature","properties":{"stop_id":"BOUGLEi","stop_name":"BOUDINOT AVE & GLENHILLS WAY"},"geometry":{"type":"Point","coordinates":[-84.605492,39.129128]}},{"type":"Feature","properties":{"stop_id":"BOUHEGi","stop_name":"BOUDINOT AVE & HEGRY CIR"},"geometry":{"type":"Point","coordinates":[-84.605385,39.130627]}},{"type":"Feature","properties":{"stop_id":"BOUHEGo","stop_name":"BOUDINOT AVE & HEGRY CIR"},"geometry":{"type":"Point","coordinates":[-84.605186,39.130432]}},{"type":"Feature","properties":{"stop_id":"BOUIDEi","stop_name":"BOUDINOT AVE & IDEAL TER"},"geometry":{"type":"Point","coordinates":[-84.604622,39.137981]}},{"type":"Feature","properties":{"stop_id":"BOUIDEo","stop_name":"BOUDINOT AVE & WILLET TER"},"geometry":{"type":"Point","coordinates":[-84.604515,39.137169]}},{"type":"Feature","properties":{"stop_id":"BOUMONn","stop_name":"BOUDINOT AVE & MONTANA AVE"},"geometry":{"type":"Point","coordinates":[-84.603394,39.148598]}},{"type":"Feature","properties":{"stop_id":"BOUMOZn","stop_name":"BOUDINOT AVE & MOZART AVE"},"geometry":{"type":"Point","coordinates":[-84.603004,39.152554]}},{"type":"Feature","properties":{"stop_id":"BOUMOZs","stop_name":"BOUDINOT AVE & MOZART AVE"},"geometry":{"type":"Point","coordinates":[-84.603088,39.152866]}},{"type":"Feature","properties":{"stop_id":"BOUPENs","stop_name":"BOUDINOT AVE & PENROSE PL"},"geometry":{"type":"Point","coordinates":[-84.603676,39.147377]}},{"type":"Feature","properties":{"stop_id":"BOUPHOn","stop_name":"BOUDINOT AVE & PHOENIX AVE"},"geometry":{"type":"Point","coordinates":[-84.602257,39.159576]}},{"type":"Feature","properties":{"stop_id":"BOUPHOs","stop_name":"BOUDINOT AVE & PHOENIX AVE"},"geometry":{"type":"Point","coordinates":[-84.60244,39.159809]}},{"type":"Feature","properties":{"stop_id":"BOUQUEi","stop_name":"BOUDINOT AVE & QUEEN CITY AVE"},"geometry":{"type":"Point","coordinates":[-84.604637,39.135929]}},{"type":"Feature","properties":{"stop_id":"BOURAMn","stop_name":"BOUDINOT AVE & RAMONA AVE"},"geometry":{"type":"Point","coordinates":[-84.603935,39.142792]}},{"type":"Feature","properties":{"stop_id":"BOURAMs","stop_name":"BOUDINOT AVE & RAMONA AVE"},"geometry":{"type":"Point","coordinates":[-84.604118,39.14304]}},{"type":"Feature","properties":{"stop_id":"BOUURWn","stop_name":"BOUDINOT AVE & URWILER AVE"},"geometry":{"type":"Point","coordinates":[-84.603165,39.150581]}},{"type":"Feature","properties":{"stop_id":"BOUURWs","stop_name":"BOUDINOT AVE & URWILER AVE"},"geometry":{"type":"Point","coordinates":[-84.603424,39.150169]}},{"type":"Feature","properties":{"stop_id":"BOUWARn","stop_name":"BOUDINOT AVE & WARDALL AVE"},"geometry":{"type":"Point","coordinates":[-84.602509,39.156998]}},{"type":"Feature","properties":{"stop_id":"BOUWARs","stop_name":"BOUDINOT AVE & WARDALL AVE"},"geometry":{"type":"Point","coordinates":[-84.602692,39.157204]}},{"type":"Feature","properties":{"stop_id":"BOUWERi","stop_name":"BOUDINOT AVE & WERK RD"},"geometry":{"type":"Point","coordinates":[-84.604179,39.140194]}},{"type":"Feature","properties":{"stop_id":"BOUWERo","stop_name":"BOUDINOT AVE & WERK RD"},"geometry":{"type":"Point","coordinates":[-84.60434,39.140835]}},{"type":"Feature","properties":{"stop_id":"BOUWESi","stop_name":"BOUDINOT AVE & WESTBROOK DR"},"geometry":{"type":"Point","coordinates":[-84.604546,39.138847]}},{"type":"Feature","properties":{"stop_id":"BOUWESo","stop_name":"BOUDINOT AVE & WESTBROOK DR"},"geometry":{"type":"Point","coordinates":[-84.604301,39.139095]}},{"type":"Feature","properties":{"stop_id":"BOUWESTi","stop_name":"BOUDINOT AVE & WEST TOWER AVE"},"geometry":{"type":"Point","coordinates":[-84.605148,39.132912]}},{"type":"Feature","properties":{"stop_id":"BOUWESTo","stop_name":"BOUDINOT AVE & WEST TOWER AVE"},"geometry":{"type":"Point","coordinates":[-84.604958,39.132671]}},{"type":"Feature","properties":{"stop_id":"BRACONo","stop_name":"BRAMBLE AVE & CONANT ST"},"geometry":{"type":"Point","coordinates":[-84.397766,39.151993]}},{"type":"Feature","properties":{"stop_id":"BRACONw","stop_name":"BRAMBLE AVE & CONANT ST"},"geometry":{"type":"Point","coordinates":[-84.397995,39.152168]}},{"type":"Feature","properties":{"stop_id":"BRAEDIe","stop_name":"BRAMBLE AVE & EDITH AVE"},"geometry":{"type":"Point","coordinates":[-84.381303,39.150868]}},{"type":"Feature","properties":{"stop_id":"BRAERIo","stop_name":"BRAMBLE AVE & ERIE AVE"},"geometry":{"type":"Point","coordinates":[-84.400696,39.152206]}},{"type":"Feature","properties":{"stop_id":"BRAERIw","stop_name":"BRAMBLE AVE & ERIE AVE"},"geometry":{"type":"Point","coordinates":[-84.400581,39.152359]}},{"type":"Feature","properties":{"stop_id":"BRAHOMe","stop_name":"BRAMBLE AVE & HOMER AVE"},"geometry":{"type":"Point","coordinates":[-84.388786,39.151344]}},{"type":"Feature","properties":{"stop_id":"BRAHOMw","stop_name":"BRAMBLE AVE & HOMER AVE"},"geometry":{"type":"Point","coordinates":[-84.388481,39.151489]}},{"type":"Feature","properties":{"stop_id":"BRAMARe","stop_name":"BRAMBLE AVE & MARIETTA ST"},"geometry":{"type":"Point","coordinates":[-84.384827,39.151093]}},{"type":"Feature","properties":{"stop_id":"BRAMARw","stop_name":"BRAMBLE AVE & MARIETTA ST"},"geometry":{"type":"Point","coordinates":[-84.384682,39.151237]}},{"type":"Feature","properties":{"stop_id":"BRAMBLp","stop_name":"BRAMBLE AVE PLAYGROUND"},"geometry":{"type":"Point","coordinates":[-84.387123,39.151245]}},{"type":"Feature","properties":{"stop_id":"BRASIMe","stop_name":"BRAMBLE AVE & SIMPSON AVE"},"geometry":{"type":"Point","coordinates":[-84.390251,39.151463]}},{"type":"Feature","properties":{"stop_id":"BRASIMw","stop_name":"BRAMBLE AVE & SIMPSON AVE"},"geometry":{"type":"Point","coordinates":[-84.390198,39.151615]}},{"type":"Feature","properties":{"stop_id":"BRAWHEe","stop_name":"BRAMBLE AVE & WHETSEL AVE"},"geometry":{"type":"Point","coordinates":[-84.39325,39.151703]}},{"type":"Feature","properties":{"stop_id":"BRAWHEw","stop_name":"BRAMBLE AVE & WHETSEL AVE"},"geometry":{"type":"Point","coordinates":[-84.393997,39.151863]}},{"type":"Feature","properties":{"stop_id":"BREMONo","stop_name":"Brewster at Montgomery"},"geometry":{"type":"Point","coordinates":[-84.468728,39.143571]}},{"type":"Feature","properties":{"stop_id":"BRO3741o","stop_name":"BROTHERTON RD 3741"},"geometry":{"type":"Point","coordinates":[-84.410995,39.153591]}},{"type":"Feature","properties":{"stop_id":"BRO3744i","stop_name":"BROTHERTON RD 3744"},"geometry":{"type":"Point","coordinates":[-84.411438,39.153912]}},{"type":"Feature","properties":{"stop_id":"BRO4THi","stop_name":"BROADWAY & 4TH"},"geometry":{"type":"Point","coordinates":[-84.506195,39.101307]}},{"type":"Feature","properties":{"stop_id":"BRO6THn","stop_name":"BROADWAY & 6TH ST"},"geometry":{"type":"Point","coordinates":[-84.506714,39.103634]}},{"type":"Feature","properties":{"stop_id":"BRO8THn","stop_name":"BROADWAY & 8TH ST"},"geometry":{"type":"Point","coordinates":[-84.507103,39.105274]}},{"type":"Feature","properties":{"stop_id":"BROALLi","stop_name":"BROTHERTON RD & ALLENDORF DR"},"geometry":{"type":"Point","coordinates":[-84.413521,39.154476]}},{"type":"Feature","properties":{"stop_id":"BROALLo","stop_name":"BROTHERTON RD &  ALLENDALE DR"},"geometry":{"type":"Point","coordinates":[-84.413147,39.154217]}},{"type":"Feature","properties":{"stop_id":"BROARCe","stop_name":"BROADWAY & ARCH ST"},"geometry":{"type":"Point","coordinates":[-84.506042,39.100269]}},{"type":"Feature","properties":{"stop_id":"BROMARe","stop_name":"BROTHERTON RD & MARBURG AVE Eastbound"},"geometry":{"type":"Point","coordinates":[-84.425598,39.153809]}},{"type":"Feature","properties":{"stop_id":"BROMARw","stop_name":"BROTHERTON RD & MARBURG AVE Westbound"},"geometry":{"type":"Point","coordinates":[-84.425756,39.153928]}},{"type":"Feature","properties":{"stop_id":"BROPAXi","stop_name":"BROTHERTON RD & PAXTON WOODS LN"},"geometry":{"type":"Point","coordinates":[-84.416672,39.154495]}},{"type":"Feature","properties":{"stop_id":"BROPAXo","stop_name":"BROTHERTON RD & PAXTON WOODS DR"},"geometry":{"type":"Point","coordinates":[-84.416512,39.15435]}},{"type":"Feature","properties":{"stop_id":"BROPET","stop_name":"BROADWAY & PETE ROSE WAY"},"geometry":{"type":"Point","coordinates":[-84.504868,39.099102]}},{"type":"Feature","properties":{"stop_id":"BROROMi","stop_name":"BROTHERTON RD & ROMAINE DR"},"geometry":{"type":"Point","coordinates":[-84.409081,39.153191]}},{"type":"Feature","properties":{"stop_id":"BROROMo","stop_name":"BROTHERTON RD & ROMAINE DR"},"geometry":{"type":"Point","coordinates":[-84.409485,39.153164]}},{"type":"Feature","properties":{"stop_id":"BROSHEi","stop_name":"BROTHERTON RD & SHEREL LN"},"geometry":{"type":"Point","coordinates":[-84.420372,39.154118]}},{"type":"Feature","properties":{"stop_id":"BROSHEo","stop_name":"BROTHERTON RD & SHEREL LN"},"geometry":{"type":"Point","coordinates":[-84.420593,39.15395]}},{"type":"Feature","properties":{"stop_id":"BURALBe","stop_name":"BURNET AVE & ALBERT SABIN WAY"},"geometry":{"type":"Point","coordinates":[-84.500549,39.138577]}},{"type":"Feature","properties":{"stop_id":"BURALBw","stop_name":"BURNET AVE & ALBERT SABIN WAY"},"geometry":{"type":"Point","coordinates":[-84.500732,39.138802]}},{"type":"Feature","properties":{"stop_id":"BURCATe","stop_name":"BURNET AVE & CATHERINE ST"},"geometry":{"type":"Point","coordinates":[-84.500282,39.141022]}},{"type":"Feature","properties":{"stop_id":"BURCATw","stop_name":"BURNET AVE & CATHERINE ST"},"geometry":{"type":"Point","coordinates":[-84.500504,39.140968]}},{"type":"Feature","properties":{"stop_id":"BURERKi","stop_name":"BURNET AVE & ERKENBRECHER AVE"},"geometry":{"type":"Point","coordinates":[-84.50026,39.143132]}},{"type":"Feature","properties":{"stop_id":"BURERKo","stop_name":"BURNET AVE & ERKENBRECHER AVE"},"geometry":{"type":"Point","coordinates":[-84.500168,39.142101]}},{"type":"Feature","properties":{"stop_id":"BURFORe","stop_name":"BURNET AVE & FOREST AVE"},"geometry":{"type":"Point","coordinates":[-84.499771,39.145973]}},{"type":"Feature","properties":{"stop_id":"BURGOOi","stop_name":"BURNET AVE & GOODMAN ST"},"geometry":{"type":"Point","coordinates":[-84.500969,39.136703]}},{"type":"Feature","properties":{"stop_id":"BURGOOo","stop_name":"BURNET AVE & GOODMAN ST"},"geometry":{"type":"Point","coordinates":[-84.500732,39.136929]}},{"type":"Feature","properties":{"stop_id":"BURMLKi","stop_name":"BURNET AVE & M L KING DR"},"geometry":{"type":"Point","coordinates":[-84.501083,39.135323]}},{"type":"Feature","properties":{"stop_id":"BURNORe","stop_name":"BURNET AVE & NORTHERN AVE"},"geometry":{"type":"Point","coordinates":[-84.499992,39.143665]}},{"type":"Feature","properties":{"stop_id":"BURROCw","stop_name":"BURNET AVE & ROCKDALE AVE"},"geometry":{"type":"Point","coordinates":[-84.500076,39.14476]}},{"type":"Feature","properties":{"stop_id":"CAL1669o","stop_name":"CALIFORNIA AVE 1669"},"geometry":{"type":"Point","coordinates":[-84.467354,39.175922]}},{"type":"Feature","properties":{"stop_id":"CAL1672i","stop_name":"CALIFORNIA AVE 1672"},"geometry":{"type":"Point","coordinates":[-84.467545,39.176083]}},{"type":"Feature","properties":{"stop_id":"CAL240w","stop_name":"CALHOUN ST 240"},"geometry":{"type":"Point","coordinates":[-84.517082,39.128433]}},{"type":"Feature","properties":{"stop_id":"CALCLIw","stop_name":"CALHOUN ST & CLIFTON AVE"},"geometry":{"type":"Point","coordinates":[-84.519592,39.128601]}},{"type":"Feature","properties":{"stop_id":"CALMATi","stop_name":"CALIFORNIA AVE & MATLOCK AVE"},"geometry":{"type":"Point","coordinates":[-84.471848,39.176128]}},{"type":"Feature","properties":{"stop_id":"CALMATo","stop_name":"CALIFORNIA AVE & MATLOCK AVE"},"geometry":{"type":"Point","coordinates":[-84.472206,39.17601]}},{"type":"Feature","properties":{"stop_id":"CALOBEi","stop_name":"CALIFORNIA AVE & OBERLIN BLVD"},"geometry":{"type":"Point","coordinates":[-84.473793,39.176182]}},{"type":"Feature","properties":{"stop_id":"CALOBEo","stop_name":"CALIFORNIA AVE & OBERLIN BLVD"},"geometry":{"type":"Point","coordinates":[-84.473572,39.176018]}},{"type":"Feature","properties":{"stop_id":"CALOHIw","stop_name":"CALHOUN ST & OHIO AVE"},"geometry":{"type":"Point","coordinates":[-84.514732,39.128273]}},{"type":"Feature","properties":{"stop_id":"CALSCIw","stop_name":"CALHOUN ST & SCIOTO ST"},"geometry":{"type":"Point","coordinates":[-84.512833,39.128113]}},{"type":"Feature","properties":{"stop_id":"CAMBEEi","stop_name":"CAMPUS LN & BEECHMONT AVE"},"geometry":{"type":"Point","coordinates":[-84.387154,39.091537]}},{"type":"Feature","properties":{"stop_id":"CAR9982","stop_name":"CARVER RD 9982"},"geometry":{"type":"Point","coordinates":[-84.388443,39.241985]}},{"type":"Feature","properties":{"stop_id":"CAR9987","stop_name":"CARVER RD 9987"},"geometry":{"type":"Point","coordinates":[-84.388245,39.242252]}},{"type":"Feature","properties":{"stop_id":"CARCOUn","stop_name":"CARVER WOODS & COUNTY CORONER"},"geometry":{"type":"Point","coordinates":[-84.386292,39.245167]}},{"type":"Feature","properties":{"stop_id":"CARCOUs","stop_name":"CARVER WOODS & COUNTY CORONER"},"geometry":{"type":"Point","coordinates":[-84.385994,39.244785]}},{"type":"Feature","properties":{"stop_id":"CARLINi","stop_name":"CARLL ST & LINDEN ST"},"geometry":{"type":"Point","coordinates":[-84.550461,39.134651]}},{"type":"Feature","properties":{"stop_id":"CARLINo","stop_name":"CARLL ST & LINDEN ST"},"geometry":{"type":"Point","coordinates":[-84.550575,39.134823]}},{"type":"Feature","properties":{"stop_id":"CARSEEe","stop_name":"CARLL ST & SEEGAR AVE"},"geometry":{"type":"Point","coordinates":[-84.554474,39.134907]}},{"type":"Feature","properties":{"stop_id":"CARSEEo","stop_name":"CARLL ST & SEEGAR AVE"},"geometry":{"type":"Point","coordinates":[-84.554604,39.135075]}},{"type":"Feature","properties":{"stop_id":"CASASHi","stop_name":"CASEY DR & ASHTREE DR"},"geometry":{"type":"Point","coordinates":[-84.546478,39.177814]}},{"type":"Feature","properties":{"stop_id":"CASASHo","stop_name":"CASEY DR & ASHTREE DR"},"geometry":{"type":"Point","coordinates":[-84.546593,39.177948]}},{"type":"Feature","properties":{"stop_id":"CASEYi","stop_name":"CASEY DR LAYOVER"},"geometry":{"type":"Point","coordinates":[-84.548675,39.178055]}},{"type":"Feature","properties":{"stop_id":"CELESTe","stop_name":"CELESTIAL LOOP"},"geometry":{"type":"Point","coordinates":[-84.500096,39.107405]}},{"type":"Feature","properties":{"stop_id":"CEN12THi","stop_name":"CENTRAL PKWY & 12TH STREET"},"geometry":{"type":"Point","coordinates":[-84.519707,39.107643]}},{"type":"Feature","properties":{"stop_id":"CEN12THo","stop_name":"CENTRAL PKWY & 12TH ST"},"geometry":{"type":"Point","coordinates":[-84.51944,39.107498]}},{"type":"Feature","properties":{"stop_id":"CEN15THo","stop_name":"CENTRAL PKWY & 15TH ST"},"geometry":{"type":"Point","coordinates":[-84.520424,39.111298]}},{"type":"Feature","properties":{"stop_id":"CEN1913i","stop_name":"CENTRAL PKWY 1913"},"geometry":{"type":"Point","coordinates":[-84.523666,39.118462]}},{"type":"Feature","properties":{"stop_id":"CEN2000o","stop_name":"CENTRAL PKWY 2000"},"geometry":{"type":"Point","coordinates":[-84.523163,39.118214]}},{"type":"Feature","properties":{"stop_id":"CEN2422o","stop_name":"CENTRAL PKWY 2422"},"geometry":{"type":"Point","coordinates":[-84.533272,39.126198]}},{"type":"Feature","properties":{"stop_id":"CEN3300i","stop_name":"CENTRAL PKWY 3300"},"geometry":{"type":"Point","coordinates":[-84.532387,39.142376]}},{"type":"Feature","properties":{"stop_id":"CEN3301i","stop_name":"CENTRAL PKWY 3301"},"geometry":{"type":"Point","coordinates":[-84.532608,39.142328]}},{"type":"Feature","properties":{"stop_id":"CEN3355i","stop_name":"CENTRAL PKWY 3355"},"geometry":{"type":"Point","coordinates":[-84.534668,39.143757]}},{"type":"Feature","properties":{"stop_id":"CEN3440o","stop_name":"CENTRAL PKWY 3440"},"geometry":{"type":"Point","coordinates":[-84.535721,39.145142]}},{"type":"Feature","properties":{"stop_id":"CEN3RD","stop_name":"CENTRAL AVE & W. THIRD ST"},"geometry":{"type":"Point","coordinates":[-84.518913,39.098103]}},{"type":"Feature","properties":{"stop_id":"CEN4THi","stop_name":"CENTRAL AVE & 4TH ST"},"geometry":{"type":"Point","coordinates":[-84.518929,39.098953]}},{"type":"Feature","properties":{"stop_id":"CEN5997","stop_name":"CENTER HILL AVE 5997"},"geometry":{"type":"Point","coordinates":[-84.506523,39.196011]}},{"type":"Feature","properties":{"stop_id":"CEN6300e","stop_name":"CENTER HILL AVE 6300"},"geometry":{"type":"Point","coordinates":[-84.511078,39.200558]}},{"type":"Feature","properties":{"stop_id":"CEN6320w","stop_name":"CENTER HILL AVE 6320"},"geometry":{"type":"Point","coordinates":[-84.510666,39.2006]}},{"type":"Feature","properties":{"stop_id":"CEN6381e","stop_name":"CENTER HILL AVE 6381"},"geometry":{"type":"Point","coordinates":[-84.516525,39.200935]}},{"type":"Feature","properties":{"stop_id":"CEN7THo","stop_name":"CENTRAL AVE & 7TH ST"},"geometry":{"type":"Point","coordinates":[-84.519753,39.102261]}},{"type":"Feature","properties":{"stop_id":"CEN9THo","stop_name":"CENTRAL AVE & 9TH ST"},"geometry":{"type":"Point","coordinates":[-84.520233,39.104073]}},{"type":"Feature","properties":{"stop_id":"CENBALo","stop_name":"CENTRAL PKWY & BALDWIN ALY"},"geometry":{"type":"Point","coordinates":[-84.515205,39.107128]}},{"type":"Feature","properties":{"stop_id":"CENBATi","stop_name":"CENTRAL PKWY & BATES AVE"},"geometry":{"type":"Point","coordinates":[-84.532258,39.140869]}},{"type":"Feature","properties":{"stop_id":"CENBATo","stop_name":"CENTRAL PKWY & BATES AVE"},"geometry":{"type":"Point","coordinates":[-84.532326,39.140457]}},{"type":"Feature","properties":{"stop_id":"CENBAYi","stop_name":"CENTRAL PKWY & BAYMILLER ST"},"geometry":{"type":"Point","coordinates":[-84.527954,39.120991]}},{"type":"Feature","properties":{"stop_id":"CENBAYo","stop_name":"CENTRAL PKWY & BAYMILLER ST"},"geometry":{"type":"Point","coordinates":[-84.528618,39.121284]}},{"type":"Feature","properties":{"stop_id":"CENBLVi","stop_name":"11550 Century Blvd"},"geometry":{"type":"Point","coordinates":[-84.4534,39.285023]}},{"type":"Feature","properties":{"stop_id":"CENBLVo","stop_name":"975 Century Blvd"},"geometry":{"type":"Point","coordinates":[-84.453598,39.285091]}},{"type":"Feature","properties":{"stop_id":"CENBRIi","stop_name":"CENTRAL PKWY & BRIGHTON BRIDGE"},"geometry":{"type":"Point","coordinates":[-84.53231,39.122204]}},{"type":"Feature","properties":{"stop_id":"CENBRIo","stop_name":"CENTRAL PKWY & BRIGHTON RAMP"},"geometry":{"type":"Point","coordinates":[-84.532051,39.122238]}},{"type":"Feature","properties":{"stop_id":"CENCINi","stop_name":"CENTRAL PARKWAY NEAR LUDLOW AVE"},"geometry":{"type":"Point","coordinates":[-84.536797,39.152229]}},{"type":"Feature","properties":{"stop_id":"CENCIRo","stop_name":"CENTURY CIRCLE - VINEYARD"},"geometry":{"type":"Point","coordinates":[-84.454491,39.281773]}},{"type":"Feature","properties":{"stop_id":"CENCLIFi","stop_name":"CENTRAL PKWY & CLIFTON HILLS AVE"},"geometry":{"type":"Point","coordinates":[-84.537279,39.146693]}},{"type":"Feature","properties":{"stop_id":"CENCLIo","stop_name":"CENTRAL PKWY & CLIFTON HILLS"},"geometry":{"type":"Point","coordinates":[-84.537094,39.146709]}},{"type":"Feature","properties":{"stop_id":"CENCOLo","stop_name":"CENTRAL PKWY & COLLEGE DR"},"geometry":{"type":"Point","coordinates":[-84.53849,39.149303]}},{"type":"Feature","properties":{"stop_id":"CENELMi","stop_name":"CENTRAL PKWY & ELM ST"},"geometry":{"type":"Point","coordinates":[-84.517792,39.106571]}},{"type":"Feature","properties":{"stop_id":"CENELMo","stop_name":"CENTRAL PKWY &  ELM ST"},"geometry":{"type":"Point","coordinates":[-84.517967,39.106716]}},{"type":"Feature","properties":{"stop_id":"CENEZo","stop_name":"CENTRAL PKWY & EZZARD CHARLES DR"},"geometry":{"type":"Point","coordinates":[-84.519753,39.108955]}},{"type":"Feature","properties":{"stop_id":"CENEZZi","stop_name":"CENTRAL PKWY & EZZARD CHARLES DR"},"geometry":{"type":"Point","coordinates":[-84.520294,39.109547]}},{"type":"Feature","properties":{"stop_id":"CENEZZo","stop_name":"CENTRAL AVE & EZZARD CHARLES"},"geometry":{"type":"Point","coordinates":[-84.521393,39.108627]}},{"type":"Feature","properties":{"stop_id":"CENFINi","stop_name":"CENTRAL PKWY & FINDLAY ST"},"geometry":{"type":"Point","coordinates":[-84.521996,39.116116]}},{"type":"Feature","properties":{"stop_id":"CENFINo","stop_name":"CENTRAL PKWY & FINDLAY ST"},"geometry":{"type":"Point","coordinates":[-84.521729,39.11602]}},{"type":"Feature","properties":{"stop_id":"CENHIGe","stop_name":"CENTER HILL AVE & HIGHLAND RIDGE DR"},"geometry":{"type":"Point","coordinates":[-84.500519,39.191593]}},{"type":"Feature","properties":{"stop_id":"CENHIGw","stop_name":"CENTER HILL AVE & HIGHLAND RIDGE DR"},"geometry":{"type":"Point","coordinates":[-84.500435,39.191872]}},{"type":"Feature","properties":{"stop_id":"CENHOPi","stop_name":"CENTRAL PKWY & HOPPLE ST"},"geometry":{"type":"Point","coordinates":[-84.532449,39.136507]}},{"type":"Feature","properties":{"stop_id":"CENJACw","stop_name":"CENTRAL PKWY & JACKSON ST"},"geometry":{"type":"Point","coordinates":[-84.514153,39.107296]}},{"type":"Feature","properties":{"stop_id":"CENLIBi","stop_name":"CENTRAL PKWY & LIBERTY ST"},"geometry":{"type":"Point","coordinates":[-84.521355,39.113468]}},{"type":"Feature","properties":{"stop_id":"CENLIBo","stop_name":"CENTRAL PKWY & LIBERTY ST"},"geometry":{"type":"Point","coordinates":[-84.520966,39.113396]}},{"type":"Feature","properties":{"stop_id":"CENLINi","stop_name":"CENTRAL PKWY & LINN ST"},"geometry":{"type":"Point","coordinates":[-84.524942,39.119759]}},{"type":"Feature","properties":{"stop_id":"CENLINo","stop_name":"CENTRAL PKWY & LINN"},"geometry":{"type":"Point","coordinates":[-84.524811,39.119843]}},{"type":"Feature","properties":{"stop_id":"CENLUDo","stop_name":"CENTRAL PKWY & LUDLOW"},"geometry":{"type":"Point","coordinates":[-84.536697,39.152126]}},{"type":"Feature","properties":{"stop_id":"CENMAIio","stop_name":"CENTRAL PKWY & MAIN ST"},"geometry":{"type":"Point","coordinates":[-84.510933,39.107533]}},{"type":"Feature","properties":{"stop_id":"CENMARi","stop_name":"CENTRAL PKWY & MARSHALL AVE"},"geometry":{"type":"Point","coordinates":[-84.531631,39.132]}},{"type":"Feature","properties":{"stop_id":"CENMARo","stop_name":"CENTRAL PKWY & MARSHALL AVE"},"geometry":{"type":"Point","coordinates":[-84.531693,39.132477]}},{"type":"Feature","properties":{"stop_id":"CENMLKo","stop_name":"CENTRAL PKWY NEAR MLK DR"},"geometry":{"type":"Point","coordinates":[-84.532393,39.136677]}},{"type":"Feature","properties":{"stop_id":"CENPARi","stop_name":"CENTRAL PKWY & PARKWAY INN"},"geometry":{"type":"Point","coordinates":[-84.532211,39.13406]}},{"type":"Feature","properties":{"stop_id":"CENPARo","stop_name":"CENTRAL PKWY & PARKWAY INN"},"geometry":{"type":"Point","coordinates":[-84.532082,39.134705]}},{"type":"Feature","properties":{"stop_id":"CENSTRi","stop_name":"CENTRAL PKWY & STRAIGHT ST"},"geometry":{"type":"Point","coordinates":[-84.531876,39.13044]}},{"type":"Feature","properties":{"stop_id":"CENSTRo","stop_name":"CENTRAL PKWY & STRAIGHT ST"},"geometry":{"type":"Point","coordinates":[-84.531754,39.130306]}},{"type":"Feature","properties":{"stop_id":"CENSYCi","stop_name":"CENTRAL PKWY & SYCAMORE ST"},"geometry":{"type":"Point","coordinates":[-84.509521,39.107979]}},{"type":"Feature","properties":{"stop_id":"CENT12Ti","stop_name":"CENTRAL AVE & W. 12TH ST"},"geometry":{"type":"Point","coordinates":[-84.520996,39.107231]}},{"type":"Feature","properties":{"stop_id":"CENVINi","stop_name":"CENTRAL PKWY & VINE ST"},"geometry":{"type":"Point","coordinates":[-84.514572,39.107002]}},{"type":"Feature","properties":{"stop_id":"CENWALi","stop_name":"CENTRAL PKWY & WALNUT ST"},"geometry":{"type":"Point","coordinates":[-84.513145,39.107208]}},{"type":"Feature","properties":{"stop_id":"CENWNOw","stop_name":"CENTER HILL AVE & W. NORTH BEND RD"},"geometry":{"type":"Point","coordinates":[-84.517113,39.201168]}},{"type":"Feature","properties":{"stop_id":"CH11150o","stop_name":"CHESTER RD 11150"},"geometry":{"type":"Point","coordinates":[-84.444237,39.272648]}},{"type":"Feature","properties":{"stop_id":"CH11260o","stop_name":"CHESTER RD 11260"},"geometry":{"type":"Point","coordinates":[-84.44368,39.277618]}},{"type":"Feature","properties":{"stop_id":"CH11420o","stop_name":"CHESTER RD 11420"},"geometry":{"type":"Point","coordinates":[-84.443314,39.280731]}},{"type":"Feature","properties":{"stop_id":"CH11421i","stop_name":"CHESTER RD 11421"},"geometry":{"type":"Point","coordinates":[-84.443489,39.281097]}},{"type":"Feature","properties":{"stop_id":"CHAAPPo","stop_name":"CHASE AVE & APPLE ST"},"geometry":{"type":"Point","coordinates":[-84.540497,39.163425]}},{"type":"Feature","properties":{"stop_id":"CHAGORi","stop_name":"CHASE AVE & GORDON ST"},"geometry":{"type":"Point","coordinates":[-84.546753,39.164288]}},{"type":"Feature","properties":{"stop_id":"CHAHAMi","stop_name":"CHASE AVE & HAMILTON AVE"},"geometry":{"type":"Point","coordinates":[-84.540405,39.163258]}},{"type":"Feature","properties":{"stop_id":"CHAKENi","stop_name":"CHANDLER ST & KENWOOD RD"},"geometry":{"type":"Point","coordinates":[-84.386017,39.163193]}},{"type":"Feature","properties":{"stop_id":"CHAKENo","stop_name":"CHANDLER ST & KENWOOD RD"},"geometry":{"type":"Point","coordinates":[-84.385689,39.163006]}},{"type":"Feature","properties":{"stop_id":"CHAKIRo","stop_name":"CHASE AVE & KIRBY AVE"},"geometry":{"type":"Point","coordinates":[-84.547249,39.164528]}},{"type":"Feature","properties":{"stop_id":"CHALAKi","stop_name":"CHASE AVE & LAKEMAN ST"},"geometry":{"type":"Point","coordinates":[-84.543953,39.163555]}},{"type":"Feature","properties":{"stop_id":"CHALAKo","stop_name":"CHASE AVE & LAKEMAN ST"},"geometry":{"type":"Point","coordinates":[-84.543472,39.163639]}},{"type":"Feature","properties":{"stop_id":"CHAWARi","stop_name":"CHANDLER ST & WARD ST"},"geometry":{"type":"Point","coordinates":[-84.391418,39.163578]}},{"type":"Feature","properties":{"stop_id":"CHAWARo","stop_name":"CHANDLER ST & WARD ST"},"geometry":{"type":"Point","coordinates":[-84.39119,39.163403]}},{"type":"Feature","properties":{"stop_id":"CHAWELi","stop_name":"CHANDLER ST & WELTNER ST"},"geometry":{"type":"Point","coordinates":[-84.387749,39.163319]}},{"type":"Feature","properties":{"stop_id":"CHAWELo","stop_name":"CHANDLER ST & WELTNER ST"},"geometry":{"type":"Point","coordinates":[-84.387657,39.163151]}},{"type":"Feature","properties":{"stop_id":"CHAWHEi","stop_name":"CHANDLER ST & WHETSEL AVE"},"geometry":{"type":"Point","coordinates":[-84.392532,39.163651]}},{"type":"Feature","properties":{"stop_id":"CHE5643i","stop_name":"CHEVIOT RD 5643"},"geometry":{"type":"Point","coordinates":[-84.599182,39.194439]}},{"type":"Feature","properties":{"stop_id":"CHE6212o","stop_name":"CHEVIOT RD 6212"},"geometry":{"type":"Point","coordinates":[-84.599358,39.205315]}},{"type":"Feature","properties":{"stop_id":"CHE6255i","stop_name":"CHEVIOT RD 6255"},"geometry":{"type":"Point","coordinates":[-84.599564,39.205395]}},{"type":"Feature","properties":{"stop_id":"CHE6400i","stop_name":"CHEVIOT RD 6400"},"geometry":{"type":"Point","coordinates":[-84.599464,39.206646]}},{"type":"Feature","properties":{"stop_id":"CHE6405i","stop_name":"CHEVIOT RD 6405"},"geometry":{"type":"Point","coordinates":[-84.599724,39.207233]}},{"type":"Feature","properties":{"stop_id":"CHE8331i","stop_name":"CHEVIOT RD 8331"},"geometry":{"type":"Point","coordinates":[-84.601395,39.223293]}},{"type":"Feature","properties":{"stop_id":"CHE8336o","stop_name":"CHEVIOT RD 8336"},"geometry":{"type":"Point","coordinates":[-84.601196,39.22324]}},{"type":"Feature","properties":{"stop_id":"CHEBANo","stop_name":"CHEVIOT RD & BANNING RD"},"geometry":{"type":"Point","coordinates":[-84.59964,39.213089]}},{"type":"Feature","properties":{"stop_id":"CHEBENi","stop_name":"CHEVIOT RD & BENHILL DR"},"geometry":{"type":"Point","coordinates":[-84.599731,39.210831]}},{"type":"Feature","properties":{"stop_id":"CHEBENo","stop_name":"CHEVIOT RD & BENHILL DR"},"geometry":{"type":"Point","coordinates":[-84.599663,39.210526]}},{"type":"Feature","properties":{"stop_id":"CHEDONi","stop_name":"CHEVIOT RD & DONATA DR"},"geometry":{"type":"Point","coordinates":[-84.59948,39.22913]}},{"type":"Feature","properties":{"stop_id":"CHEDONo","stop_name":"CHEVIOT RD & DONATA DR"},"geometry":{"type":"Point","coordinates":[-84.599258,39.229263]}},{"type":"Feature","properties":{"stop_id":"CHEEPLo","stop_name":"CHEVIOT RD & EPLEY LN"},"geometry":{"type":"Point","coordinates":[-84.599113,39.191605]}},{"type":"Feature","properties":{"stop_id":"CHEGREi","stop_name":"CHESTER RD & GREENWOOD AVE"},"geometry":{"type":"Point","coordinates":[-84.443909,39.277332]}},{"type":"Feature","properties":{"stop_id":"CHEHANi","stop_name":"CHEVIOT RD & HANLEY RD"},"geometry":{"type":"Point","coordinates":[-84.600021,39.213856]}},{"type":"Feature","properties":{"stop_id":"CHEJESi","stop_name":"CHEVIOT RD & JESSUP RD"},"geometry":{"type":"Point","coordinates":[-84.60112,39.198811]}},{"type":"Feature","properties":{"stop_id":"CHEJESo","stop_name":"CHEVIOT RD & JESSUP RD"},"geometry":{"type":"Point","coordinates":[-84.600861,39.19907]}},{"type":"Feature","properties":{"stop_id":"CHEJOSi","stop_name":"CHEVIOT RD & JOSEPH RD"},"geometry":{"type":"Point","coordinates":[-84.599319,39.230785]}},{"type":"Feature","properties":{"stop_id":"CHEJOSo","stop_name":"CHEVIOT RD & JOSEPH RD"},"geometry":{"type":"Point","coordinates":[-84.599113,39.230938]}},{"type":"Feature","properties":{"stop_id":"CHEKEMi","stop_name":"CHESTER RD & KEMPER RD"},"geometry":{"type":"Point","coordinates":[-84.443145,39.284011]}},{"type":"Feature","properties":{"stop_id":"CHEKEMo","stop_name":"CHESTER RD & KEMPER RD"},"geometry":{"type":"Point","coordinates":[-84.442924,39.284222]}},{"type":"Feature","properties":{"stop_id":"CHENANi","stop_name":"CHEVIOT RD & NANDALE DR"},"geometry":{"type":"Point","coordinates":[-84.600647,39.217289]}},{"type":"Feature","properties":{"stop_id":"CHENANo","stop_name":"CHEVIOT RD & NANDALE DR"},"geometry":{"type":"Point","coordinates":[-84.600471,39.217152]}},{"type":"Feature","properties":{"stop_id":"CHENORi","stop_name":"CHEVIOT RD & NORTH BEND RD"},"geometry":{"type":"Point","coordinates":[-84.599205,39.192062]}},{"type":"Feature","properties":{"stop_id":"CHEOAKi","stop_name":"CHEVIOT RD & OAKMEADOW LN"},"geometry":{"type":"Point","coordinates":[-84.600388,39.2258]}},{"type":"Feature","properties":{"stop_id":"CHEPJHi","stop_name":"CHESTER RD & PRINCETON JUNIOR HIGH"},"geometry":{"type":"Point","coordinates":[-84.444435,39.272934]}},{"type":"Feature","properties":{"stop_id":"CHETALo","stop_name":"CHEVIOT RD & TALLAHASSEE DR"},"geometry":{"type":"Point","coordinates":[-84.59893,39.194324]}},{"type":"Feature","properties":{"stop_id":"CHETWIi","stop_name":"CHEVIOT RD & TWINVIEW DR"},"geometry":{"type":"Point","coordinates":[-84.601547,39.221901]}},{"type":"Feature","properties":{"stop_id":"CHETWIo","stop_name":"CHEVIOT RD & TWINVIEW DR"},"geometry":{"type":"Point","coordinates":[-84.601326,39.222034]}},{"type":"Feature","properties":{"stop_id":"CHEWHIi","stop_name":"CHEVIOT RD & WHITE OAK DR"},"geometry":{"type":"Point","coordinates":[-84.600449,39.202389]}},{"type":"Feature","properties":{"stop_id":"CHEWHIo","stop_name":"CHEVIOT RD & WHITEOAK DR"},"geometry":{"type":"Point","coordinates":[-84.600204,39.202461]}},{"type":"Feature","properties":{"stop_id":"CHI6100w","stop_name":"CENTER HILL 6100"},"geometry":{"type":"Point","coordinates":[-84.506561,39.196697]}},{"type":"Feature","properties":{"stop_id":"CHICESTo","stop_name":"CHICKERING AVE & ESTE AVE"},"geometry":{"type":"Point","coordinates":[-84.5112,39.173664]}},{"type":"Feature","properties":{"stop_id":"CHIDIXi","stop_name":"CHICAGO AVE & DIXIE CT"},"geometry":{"type":"Point","coordinates":[-84.452629,39.24836]}},{"type":"Feature","properties":{"stop_id":"CHIDIXo","stop_name":"CHICAGO AVE & DIXIE CT"},"geometry":{"type":"Point","coordinates":[-84.451932,39.248249]}},{"type":"Feature","properties":{"stop_id":"CHIMANi","stop_name":"CHICAGO AVE & MANGHAM DR"},"geometry":{"type":"Point","coordinates":[-84.450752,39.248032]}},{"type":"Feature","properties":{"stop_id":"CLI2065i","stop_name":"CLIFTON AVE 2065"},"geometry":{"type":"Point","coordinates":[-84.520447,39.120525]}},{"type":"Feature","properties":{"stop_id":"CLI2066o","stop_name":"CLIFTON AVE 2066"},"geometry":{"type":"Point","coordinates":[-84.519924,39.120491]}},{"type":"Feature","properties":{"stop_id":"CLI2657i","stop_name":"CLIFTON AVE 2657"},"geometry":{"type":"Point","coordinates":[-84.520608,39.131388]}},{"type":"Feature","properties":{"stop_id":"CLI2659e","stop_name":"CLIFTON AVE 2659"},"geometry":{"type":"Point","coordinates":[-84.520292,39.131619]}},{"type":"Feature","properties":{"stop_id":"CLIATKi","stop_name":"CLIFTON AVE & ATKINSON ST"},"geometry":{"type":"Point","coordinates":[-84.519768,39.12603]}},{"type":"Feature","properties":{"stop_id":"CLIATKo","stop_name":"CLIFTON AVE & ATKINSON ST"},"geometry":{"type":"Point","coordinates":[-84.519547,39.12619]}},{"type":"Feature","properties":{"stop_id":"CLIBURe","stop_name":"CLIFTON AVE & BURNET WOODS DR"},"geometry":{"type":"Point","coordinates":[-84.519348,39.140984]}},{"type":"Feature","properties":{"stop_id":"CLICLIo","stop_name":"CLIFTON AVE & CLIFTON CT"},"geometry":{"type":"Point","coordinates":[-84.520155,39.133472]}},{"type":"Feature","properties":{"stop_id":"CLIGOO","stop_name":"CLIFTON AVE & GOOD SAMARITAN HOSP"},"geometry":{"type":"Point","coordinates":[-84.519569,39.138798]}},{"type":"Feature","properties":{"stop_id":"CLIGSH","stop_name":"CLIFTON AVE & GOOD SAM HOSPITAL"},"geometry":{"type":"Point","coordinates":[-84.519768,39.139103]}},{"type":"Feature","properties":{"stop_id":"CLIHASi","stop_name":"CLIFTON AVE & HASTINGS ST"},"geometry":{"type":"Point","coordinates":[-84.520744,39.121544]}},{"type":"Feature","properties":{"stop_id":"CLIHEBe","stop_name":"CLIFTON AVE & HEBREW UNION COLLEGE"},"geometry":{"type":"Point","coordinates":[-84.519798,39.136826]}},{"type":"Feature","properties":{"stop_id":"CLIHEBw","stop_name":"CLIFTON AVE  & HEBREW UNION DRIVE"},"geometry":{"type":"Point","coordinates":[-84.519989,39.137024]}},{"type":"Feature","properties":{"stop_id":"CLIKLOi","stop_name":"CLIFTON AVE & KLOTTER AVE"},"geometry":{"type":"Point","coordinates":[-84.520523,39.122211]}},{"type":"Feature","properties":{"stop_id":"CLIKLOo","stop_name":"CLIFTON AVE & KLOTTER AVE"},"geometry":{"type":"Point","coordinates":[-84.520462,39.121948]}},{"type":"Feature","properties":{"stop_id":"CLILUDi","stop_name":"CLIFTON AVE & LUDLOW AVE"},"geometry":{"type":"Point","coordinates":[-84.519379,39.142735]}},{"type":"Feature","properties":{"stop_id":"CLIMCMo","stop_name":"CLIFTON AVE & MCMILLAN ST"},"geometry":{"type":"Point","coordinates":[-84.519173,39.127705]}},{"type":"Feature","properties":{"stop_id":"CLIMLKw","stop_name":"CLIFTON AVE & M.L. KING DR"},"geometry":{"type":"Point","coordinates":[-84.520219,39.134751]}},{"type":"Feature","properties":{"stop_id":"CLIOHIi","stop_name":"CLIFTON AVE & OHIO AVE"},"geometry":{"type":"Point","coordinates":[-84.518356,39.119118]}},{"type":"Feature","properties":{"stop_id":"CLIOHIo","stop_name":"CLIFTON AVE & OHIO AVE"},"geometry":{"type":"Point","coordinates":[-84.518051,39.119106]}},{"type":"Feature","properties":{"stop_id":"CLIPARi","stop_name":"CLIFTON AVE & PARKER ST"},"geometry":{"type":"Point","coordinates":[-84.520103,39.123363]}},{"type":"Feature","properties":{"stop_id":"CLIPARo","stop_name":"CLIFTON AVE & PARKER ST"},"geometry":{"type":"Point","coordinates":[-84.51976,39.123707]}},{"type":"Feature","properties":{"stop_id":"CLIREAi","stop_name":"CLINTON SPRINGS AVE & READING ROAD"},"geometry":{"type":"Point","coordinates":[-84.483734,39.153877]}},{"type":"Feature","properties":{"stop_id":"CLIREAo","stop_name":"CLINTON SPRINGS AVE & READING RD"},"geometry":{"type":"Point","coordinates":[-84.483719,39.154057]}},{"type":"Feature","properties":{"stop_id":"CLISTRi","stop_name":"CLIFTON AVE & STRAIGHT ST"},"geometry":{"type":"Point","coordinates":[-84.520828,39.129299]}},{"type":"Feature","properties":{"stop_id":"CLISTRo","stop_name":"CLIFTON AVE & STRAIGHT ST"},"geometry":{"type":"Point","coordinates":[-84.520569,39.12941]}},{"type":"Feature","properties":{"stop_id":"CLITERi","stop_name":"CLIFTON AVE & TERRACE AVE"},"geometry":{"type":"Point","coordinates":[-84.519478,39.141788]}},{"type":"Feature","properties":{"stop_id":"CLIWARi","stop_name":"CLIFTON AVE & WARNER ST"},"geometry":{"type":"Point","coordinates":[-84.519905,39.124844]}},{"type":"Feature","properties":{"stop_id":"CLOENDi","stop_name":"CLOUGH RD & ENDOVALLEY DR"},"geometry":{"type":"Point","coordinates":[-84.325659,39.088242]}},{"type":"Feature","properties":{"stop_id":"CLOVCTRi","stop_name":"CLOVERNOOK CENTER"},"geometry":{"type":"Point","coordinates":[-84.548401,39.220104]}},{"type":"Feature","properties":{"stop_id":"COL4500i","stop_name":"COLERAIN AVE 4500"},"geometry":{"type":"Point","coordinates":[-84.554214,39.167278]}},{"type":"Feature","properties":{"stop_id":"COL4510o","stop_name":"COLERAIN AVE 4510"},"geometry":{"type":"Point","coordinates":[-84.554337,39.16758]}},{"type":"Feature","properties":{"stop_id":"COL4584o","stop_name":"COLERAIN AVE 4584"},"geometry":{"type":"Point","coordinates":[-84.557861,39.169586]}},{"type":"Feature","properties":{"stop_id":"COL5600o","stop_name":"COLERAIN AVE 5600"},"geometry":{"type":"Point","coordinates":[-84.573036,39.193687]}},{"type":"Feature","properties":{"stop_id":"COL5747o","stop_name":"COLERAIN AVE 5747"},"geometry":{"type":"Point","coordinates":[-84.578163,39.198685]}},{"type":"Feature","properties":{"stop_id":"COL5920n","stop_name":"Colerain 5920 North"},"geometry":{"type":"Point","coordinates":[-84.580368,39.202141]}},{"type":"Feature","properties":{"stop_id":"COL5939i","stop_name":"COLERAIN AVE 5939"},"geometry":{"type":"Point","coordinates":[-84.580794,39.202362]}},{"type":"Feature","properties":{"stop_id":"COL6831i","stop_name":"COLERAIN AVE 6831"},"geometry":{"type":"Point","coordinates":[-84.583916,39.209145]}},{"type":"Feature","properties":{"stop_id":"COL6999i","stop_name":"COLERAIN AVE 6999"},"geometry":{"type":"Point","coordinates":[-84.584251,39.210644]}},{"type":"Feature","properties":{"stop_id":"COL8250o","stop_name":"COLERAIN RD 8250"},"geometry":{"type":"Point","coordinates":[-84.586876,39.222588]}},{"type":"Feature","properties":{"stop_id":"COL8340i","stop_name":"COLERAIN AVE 8340"},"geometry":{"type":"Point","coordinates":[-84.587273,39.223061]}},{"type":"Feature","properties":{"stop_id":"COL8800i","stop_name":"COLERAIN AVE 8800"},"geometry":{"type":"Point","coordinates":[-84.59095,39.23278]}},{"type":"Feature","properties":{"stop_id":"COL9336o","stop_name":"COLERAIN AVE 9336"},"geometry":{"type":"Point","coordinates":[-84.593834,39.241032]}},{"type":"Feature","properties":{"stop_id":"COL9343i","stop_name":"COLERAIN AVE 9343"},"geometry":{"type":"Point","coordinates":[-84.5942,39.241413]}},{"type":"Feature","properties":{"stop_id":"COL9574o","stop_name":"COLERAIN AVE 9574"},"geometry":{"type":"Point","coordinates":[-84.595551,39.24559]}},{"type":"Feature","properties":{"stop_id":"COLALAi","stop_name":"COLERAIN AVE & ALABAMA AVE"},"geometry":{"type":"Point","coordinates":[-84.538803,39.141659]}},{"type":"Feature","properties":{"stop_id":"COLALLi","stop_name":"COLERAIN AVE & ALLAIRE AVE"},"geometry":{"type":"Point","coordinates":[-84.576561,39.19651]}},{"type":"Feature","properties":{"stop_id":"COLALLo","stop_name":"COLERAIN AVE & ALLAIRE AVE"},"geometry":{"type":"Point","coordinates":[-84.57653,39.196781]}},{"type":"Feature","properties":{"stop_id":"COLBAHi","stop_name":"COLERAIN AVE & BAHAMA TER"},"geometry":{"type":"Point","coordinates":[-84.569489,39.189201]}},{"type":"Feature","properties":{"stop_id":"COLBAHo","stop_name":"COLERAIN AVE & BAHAMA TER"},"geometry":{"type":"Point","coordinates":[-84.569267,39.189014]}},{"type":"Feature","properties":{"stop_id":"COLBANo","stop_name":"COLERAIN AVE & BANNING RD"},"geometry":{"type":"Point","coordinates":[-84.584084,39.210804]}},{"type":"Feature","properties":{"stop_id":"COLBATo","stop_name":"COLERAIN AVE & BATES AL"},"geometry":{"type":"Point","coordinates":[-84.538597,39.141541]}},{"type":"Feature","properties":{"stop_id":"COLBEEo","stop_name":"COLUMBIA PKWY & BEECHMONT AVE"},"geometry":{"type":"Point","coordinates":[-84.418419,39.120739]}},{"type":"Feature","properties":{"stop_id":"COLBLUi","stop_name":"COLERAIN AVE & BLUE SPRUCE RD"},"geometry":{"type":"Point","coordinates":[-84.566116,39.17981]}},{"type":"Feature","properties":{"stop_id":"COLBLUo","stop_name":"COLERAIN AVE & BLUE SPRUCE RD"},"geometry":{"type":"Point","coordinates":[-84.566025,39.179981]}},{"type":"Feature","properties":{"stop_id":"COLBYRo","stop_name":"COLERAIN AVE & BYRNSIDE DR"},"geometry":{"type":"Point","coordinates":[-84.582771,39.205799]}},{"type":"Feature","properties":{"stop_id":"COLCAMi","stop_name":"COLERAIN AVE & CAMEO LN"},"geometry":{"type":"Point","coordinates":[-84.584679,39.212505]}},{"type":"Feature","properties":{"stop_id":"COLDELi","stop_name":"COLUMBIA PKWY & DELTA AVE"},"geometry":{"type":"Point","coordinates":[-84.439117,39.117207]}},{"type":"Feature","properties":{"stop_id":"COLDELo","stop_name":"COLUMBIA PKWY & DELTA AVE"},"geometry":{"type":"Point","coordinates":[-84.438683,39.116829]}},{"type":"Feature","properties":{"stop_id":"COLDRY","stop_name":"Colerain and Dry Ridge"},"geometry":{"type":"Point","coordinates":[-84.602303,39.259624]}},{"type":"Feature","properties":{"stop_id":"COLEARi","stop_name":"COLERAIN AVE & EARL AVE"},"geometry":{"type":"Point","coordinates":[-84.582947,39.20565]}},{"type":"Feature","properties":{"stop_id":"COLELAi","stop_name":"COLERAIN AVE & ELAM ST"},"geometry":{"type":"Point","coordinates":[-84.537796,39.138069]}},{"type":"Feature","properties":{"stop_id":"COLETHi","stop_name":"COLERAIN AVE & ETHAN AVE"},"geometry":{"type":"Point","coordinates":[-84.538521,39.140247]}},{"type":"Feature","properties":{"stop_id":"COLETHo","stop_name":"COLERAIN AVE & ETHAN AVE"},"geometry":{"type":"Point","coordinates":[-84.538338,39.140339]}},{"type":"Feature","properties":{"stop_id":"COLFLOo","stop_name":"COLERAIN AVE & FLORIDA AVE"},"geometry":{"type":"Point","coordinates":[-84.549454,39.162792]}},{"type":"Feature","properties":{"stop_id":"COLGALi","stop_name":"COLERAIN AVE & GALBRAITH RD"},"geometry":{"type":"Point","coordinates":[-84.586647,39.221199]}},{"type":"Feature","properties":{"stop_id":"COLGALo","stop_name":"COLERAIN RD & GALBRAITH RD"},"geometry":{"type":"Point","coordinates":[-84.586266,39.220863]}},{"type":"Feature","properties":{"stop_id":"COLGOLo","stop_name":"COLERAIN AVE & GOLDENROD DR"},"geometry":{"type":"Point","coordinates":[-84.574661,39.195023]}},{"type":"Feature","properties":{"stop_id":"COLGORo","stop_name":"COLERAIN AVE & GORDON AVE"},"geometry":{"type":"Point","coordinates":[-84.547279,39.162163]}},{"type":"Feature","properties":{"stop_id":"COLHARi","stop_name":"COLERAIN AVE & HARRY LEE LN"},"geometry":{"type":"Point","coordinates":[-84.585274,39.21563]}},{"type":"Feature","properties":{"stop_id":"COLHARo","stop_name":"COLERAIN AVE & HARRY LEE LN"},"geometry":{"type":"Point","coordinates":[-84.585022,39.215462]}},{"type":"Feature","properties":{"stop_id":"COLHAVi","stop_name":"COLERAIN RD & HAVERKOS CT"},"geometry":{"type":"Point","coordinates":[-84.598373,39.251865]}},{"type":"Feature","properties":{"stop_id":"COLHAWi","stop_name":"COLERAIN AVE & HAWAIIAN TER"},"geometry":{"type":"Point","coordinates":[-84.567619,39.183296]}},{"type":"Feature","properties":{"stop_id":"COLHAWo","stop_name":"COLERAIN AVE & HAWAIIAN TER"},"geometry":{"type":"Point","coordinates":[-84.567375,39.183056]}},{"type":"Feature","properties":{"stop_id":"COLHIGi","stop_name":"COLERAIN AVE & HIGHFOREST LN"},"geometry":{"type":"Point","coordinates":[-84.563004,39.178005]}},{"type":"Feature","properties":{"stop_id":"COLHIGo","stop_name":"COLERAIN AVE & HIGHFOREST LN"},"geometry":{"type":"Point","coordinates":[-84.562729,39.178066]}},{"type":"Feature","properties":{"stop_id":"COLHOPo","stop_name":"COLERAIN AVE & HOPPLE ST"},"geometry":{"type":"Point","coordinates":[-84.537186,39.136948]}},{"type":"Feature","properties":{"stop_id":"COLJONi","stop_name":"COLERAIN AVE & JONROSE AVE"},"geometry":{"type":"Point","coordinates":[-84.58493,39.213871]}},{"type":"Feature","properties":{"stop_id":"COLJONo","stop_name":"COLERAIN AVE & JONROSE AVE"},"geometry":{"type":"Point","coordinates":[-84.584633,39.213482]}},{"type":"Feature","properties":{"stop_id":"COLJOSo","stop_name":"COLERAIN AVE & JOSEPH RD"},"geometry":{"type":"Point","coordinates":[-84.590141,39.231239]}},{"type":"Feature","properties":{"stop_id":"COLKIPi","stop_name":"COLERAIN AVE & KIPLING AVE"},"geometry":{"type":"Point","coordinates":[-84.579453,39.200298]}},{"type":"Feature","properties":{"stop_id":"COLKIPo","stop_name":"COLERAIN AVE & KIPLING AVE"},"geometry":{"type":"Point","coordinates":[-84.579498,39.200817]}},{"type":"Feature","properties":{"stop_id":"COLKIRBi","stop_name":"COLERAIN AVE & KIRBY AVE"},"geometry":{"type":"Point","coordinates":[-84.548317,39.162296]}},{"type":"Feature","properties":{"stop_id":"COLKIRi","stop_name":"COLERAIN AVE & KIRBY RD"},"geometry":{"type":"Point","coordinates":[-84.573074,39.193481]}},{"type":"Feature","properties":{"stop_id":"COLLAPi","stop_name":"COLERAIN AVE & LAPLAND DR"},"geometry":{"type":"Point","coordinates":[-84.583542,39.207634]}},{"type":"Feature","properties":{"stop_id":"COLLAPo","stop_name":"COLERAIN AVE & LAPLAND DR"},"geometry":{"type":"Point","coordinates":[-84.583305,39.20755]}},{"type":"Feature","properties":{"stop_id":"COLMALLo","stop_name":"COLERAIN RD & MALL DR"},"geometry":{"type":"Point","coordinates":[-84.595032,39.244198]}},{"type":"Feature","properties":{"stop_id":"COLMARLi","stop_name":"COLERAIN AVE & MARSHALL AVE"},"geometry":{"type":"Point","coordinates":[-84.535545,39.132488]}},{"type":"Feature","properties":{"stop_id":"COLMONi","stop_name":"COLERAIN AVE & MONMOUTH AVE"},"geometry":{"type":"Point","coordinates":[-84.538635,39.143307]}},{"type":"Feature","properties":{"stop_id":"COLMONo","stop_name":"COLERAIN AVE & MONMOUTH AVE"},"geometry":{"type":"Point","coordinates":[-84.538429,39.143066]}},{"type":"Feature","properties":{"stop_id":"COLMTAi","stop_name":"COLERAIN AVE & MT AIRY AVE"},"geometry":{"type":"Point","coordinates":[-84.575554,39.195541]}},{"type":"Feature","properties":{"stop_id":"COLNORe","stop_name":"COLERAIN AVE & NORTH BEND RD"},"geometry":{"type":"Point","coordinates":[-84.570743,39.19161]}},{"type":"Feature","properties":{"stop_id":"COLNORi","stop_name":"COLERAIN AVE & NORTH BEND RD"},"geometry":{"type":"Point","coordinates":[-84.570234,39.190589]}},{"type":"Feature","properties":{"stop_id":"COLPOLo","stop_name":"COLERAIN AVE & POOLE RD"},"geometry":{"type":"Point","coordinates":[-84.59166,39.235252]}},{"type":"Feature","properties":{"stop_id":"COLPOOi","stop_name":"COLERAIN AVE & POOLE RD"},"geometry":{"type":"Point","coordinates":[-84.59166,39.234638]}},{"type":"Feature","properties":{"stop_id":"COLPREo","stop_name":"COLERAIN AVE & PRESERVE LN"},"geometry":{"type":"Point","coordinates":[-84.583656,39.208958]}},{"type":"Feature","properties":{"stop_id":"COLRACi","stop_name":"COLERAIN AVE & RACHEL ST"},"geometry":{"type":"Point","coordinates":[-84.537071,39.135941]}},{"type":"Feature","properties":{"stop_id":"COLRACo","stop_name":"COLERAIN AVE & RACHEL ST"},"geometry":{"type":"Point","coordinates":[-84.536812,39.135834]}},{"type":"Feature","properties":{"stop_id":"COLRAEi","stop_name":"COLERAIN AVE & RAEBURN DR"},"geometry":{"type":"Point","coordinates":[-84.561073,39.172569]}},{"type":"Feature","properties":{"stop_id":"COLRAEo","stop_name":"COLERAIN AVE & RAEBURN DR"},"geometry":{"type":"Point","coordinates":[-84.560768,39.172562]}},{"type":"Feature","properties":{"stop_id":"COLREDo","stop_name":"COLERAIN AVE & REDSKIN DR"},"geometry":{"type":"Point","coordinates":[-84.598061,39.25169]}},{"type":"Feature","properties":{"stop_id":"COLROBi","stop_name":"COLERAIN AVE & ROBERS AVE"},"geometry":{"type":"Point","coordinates":[-84.578735,39.199184]}},{"type":"Feature","properties":{"stop_id":"COLROUi","stop_name":"COLERAIN AVE & ROUND TOP RD"},"geometry":{"type":"Point","coordinates":[-84.593468,39.239479]}},{"type":"Feature","properties":{"stop_id":"COLROUo","stop_name":"COLERAIN AVE & ROUND TOP DR"},"geometry":{"type":"Point","coordinates":[-84.5933,39.23962]}},{"type":"Feature","properties":{"stop_id":"COLSASo","stop_name":"COLERAIN AVE & SASSAFRAS ST"},"geometry":{"type":"Point","coordinates":[-84.538284,39.144524]}},{"type":"Feature","properties":{"stop_id":"COLSHEi","stop_name":"COLERAIN AVE & SHELDON AVE"},"geometry":{"type":"Point","coordinates":[-84.586037,39.219414]}},{"type":"Feature","properties":{"stop_id":"COLSHEo","stop_name":"COLERAIN RD & SHELDON AVE"},"geometry":{"type":"Point","coordinates":[-84.58567,39.2187]}},{"type":"Feature","properties":{"stop_id":"COLSHEPi","stop_name":"COLERAIN AVE & SHEPHERD RD"},"geometry":{"type":"Point","coordinates":[-84.569473,39.188694]}},{"type":"Feature","properties":{"stop_id":"COLSOVi","stop_name":"COLERAIN AVE & SOVEREIGN DR"},"geometry":{"type":"Point","coordinates":[-84.589035,39.227753]}},{"type":"Feature","properties":{"stop_id":"COLSOVo","stop_name":"COLERAIN RD & SOVEREIGN DR"},"geometry":{"type":"Point","coordinates":[-84.589012,39.228287]}},{"type":"Feature","properties":{"stop_id":"COLSPRi","stop_name":"COLERAIN RD & SPRINGDALE RD"},"geometry":{"type":"Point","coordinates":[-84.5961,39.246326]}},{"type":"Feature","properties":{"stop_id":"COLSTAe","stop_name":"COLUMBIA PKWY & STANLEY AVE"},"geometry":{"type":"Point","coordinates":[-84.436035,39.114738]}},{"type":"Feature","properties":{"stop_id":"COLSTAw","stop_name":"COLUMBIA PKWY & STANLEY AVE"},"geometry":{"type":"Point","coordinates":[-84.43602,39.115128]}},{"type":"Feature","properties":{"stop_id":"COLSTOo","stop_name":"COLERAIN AVE & STOCK ST"},"geometry":{"type":"Point","coordinates":[-84.538048,39.139462]}},{"type":"Feature","properties":{"stop_id":"COLSUNo","stop_name":"COLERAIN AVE & SUNNYSIDE DR"},"geometry":{"type":"Point","coordinates":[-84.590858,39.233131]}},{"type":"Feature","properties":{"stop_id":"COLTOWi","stop_name":"COLERAIN AVE & TOWNSHIP ST"},"geometry":{"type":"Point","coordinates":[-84.536629,39.134789]}},{"type":"Feature","properties":{"stop_id":"COLTOWo","stop_name":"COLERAIN AVE & TOWNSHIP ST"},"geometry":{"type":"Point","coordinates":[-84.536324,39.134602]}},{"type":"Feature","properties":{"stop_id":"COLTUSi","stop_name":"COLUMBIA PKWY & TUSCULUM AVE"},"geometry":{"type":"Point","coordinates":[-84.435181,39.113735]}},{"type":"Feature","properties":{"stop_id":"COLTUSo","stop_name":"COLUMBIA PKWY & TUSCULUM AVE"},"geometry":{"type":"Point","coordinates":[-84.435486,39.113808]}},{"type":"Feature","properties":{"stop_id":"COLVIRo","stop_name":"COLERAIN AVE & VIRGINIA AVE"},"geometry":{"type":"Point","coordinates":[-84.552391,39.164639]}},{"type":"Feature","properties":{"stop_id":"COLWESi","stop_name":"COLERAIN AVE & WEST FORK RD"},"geometry":{"type":"Point","coordinates":[-84.552567,39.164433]}},{"type":"Feature","properties":{"stop_id":"COM1612o","stop_name":"COMPTON RD 1612"},"geometry":{"type":"Point","coordinates":[-84.548836,39.232635]}},{"type":"Feature","properties":{"stop_id":"COM2430o","stop_name":"COMPTON RD 2430"},"geometry":{"type":"Point","coordinates":[-84.567383,39.233845]}},{"type":"Feature","properties":{"stop_id":"COM2433i","stop_name":"COMPTON RD 2433"},"geometry":{"type":"Point","coordinates":[-84.569305,39.233826]}},{"type":"Feature","properties":{"stop_id":"COM3370o","stop_name":"COMPTON RD 3370"},"geometry":{"type":"Point","coordinates":[-84.590843,39.237438]}},{"type":"Feature","properties":{"stop_id":"COMBURi","stop_name":"COMPTON RD & BURGESS DR"},"geometry":{"type":"Point","coordinates":[-84.580627,39.238728]}},{"type":"Feature","properties":{"stop_id":"COMBURo","stop_name":"COMPTON RD & BURGESS DR"},"geometry":{"type":"Point","coordinates":[-84.580688,39.238888]}},{"type":"Feature","properties":{"stop_id":"COMCLOi","stop_name":"COMPTON RD & CLOVERNOOK AVE"},"geometry":{"type":"Point","coordinates":[-84.537125,39.231232]}},{"type":"Feature","properties":{"stop_id":"COMCLOo","stop_name":"COMPTON RD & CLOVERNOOK AVE"},"geometry":{"type":"Point","coordinates":[-84.536301,39.231304]}},{"type":"Feature","properties":{"stop_id":"COMCOOi","stop_name":"COMPTON RD & COOGAN DR"},"geometry":{"type":"Point","coordinates":[-84.570999,39.233982]}},{"type":"Feature","properties":{"stop_id":"COMCOOo","stop_name":"COMPTON RD & COOGAN DR"},"geometry":{"type":"Point","coordinates":[-84.570229,39.234062]}},{"type":"Feature","properties":{"stop_id":"COMFORi","stop_name":"COMPTON RD & FOREST AVE"},"geometry":{"type":"Point","coordinates":[-84.55809,39.233059]}},{"type":"Feature","properties":{"stop_id":"COMFORo","stop_name":"COMPTON RD & FOREST AVE"},"geometry":{"type":"Point","coordinates":[-84.557785,39.233204]}},{"type":"Feature","properties":{"stop_id":"COMHAMi","stop_name":"COMPTON RD & HAMILTON AVE"},"geometry":{"type":"Point","coordinates":[-84.548439,39.232433]}},{"type":"Feature","properties":{"stop_id":"COMHOUi","stop_name":"COMPTON RD & HOUSTON ELEMENTARY"},"geometry":{"type":"Point","coordinates":[-84.588722,39.238182]}},{"type":"Feature","properties":{"stop_id":"COMHOUo","stop_name":"COMPTON RD & HOUSTON ELEMENTARY"},"geometry":{"type":"Point","coordinates":[-84.588821,39.238342]}},{"type":"Feature","properties":{"stop_id":"COMJOSi","stop_name":"COMPTON RD & JOSEPH ST"},"geometry":{"type":"Point","coordinates":[-84.545006,39.232117]}},{"type":"Feature","properties":{"stop_id":"COMJOSo","stop_name":"COMPTON RD & JOSEPH ST"},"geometry":{"type":"Point","coordinates":[-84.544357,39.232197]}},{"type":"Feature","properties":{"stop_id":"COMMARi","stop_name":"COMPTON RD & MARTIN AVE"},"geometry":{"type":"Point","coordinates":[-84.542442,39.231796]}},{"type":"Feature","properties":{"stop_id":"COMMARo","stop_name":"COMPTON RD & MARTIN AVE"},"geometry":{"type":"Point","coordinates":[-84.542206,39.231941]}},{"type":"Feature","properties":{"stop_id":"COMPIPi","stop_name":"COMPTON RD & PIPPIN RD"},"geometry":{"type":"Point","coordinates":[-84.576935,39.237724]}},{"type":"Feature","properties":{"stop_id":"COMPIPo","stop_name":"COMPTON RD & PIPPIN RD"},"geometry":{"type":"Point","coordinates":[-84.577682,39.238277]}},{"type":"Feature","properties":{"stop_id":"COMRANi","stop_name":"COMPTON RD & RANCHILL DR"},"geometry":{"type":"Point","coordinates":[-84.562836,39.233368]}},{"type":"Feature","properties":{"stop_id":"COMRANo","stop_name":"COMPTON RD & RANCHILL DR"},"geometry":{"type":"Point","coordinates":[-84.562569,39.233509]}},{"type":"Feature","properties":{"stop_id":"COMSEWi","stop_name":"COMPTON RD & SEWARD AVE"},"geometry":{"type":"Point","coordinates":[-84.539781,39.231539]}},{"type":"Feature","properties":{"stop_id":"COMSEWo","stop_name":"COMPTON RD & SEWARD AVE"},"geometry":{"type":"Point","coordinates":[-84.540009,39.231667]}},{"type":"Feature","properties":{"stop_id":"COMTANo","stop_name":"COMPTON RD & TANSING DR"},"geometry":{"type":"Point","coordinates":[-84.572868,39.234989]}},{"type":"Feature","properties":{"stop_id":"COMTARi","stop_name":"COMPTON RD & TARGET DRIVEWAY"},"geometry":{"type":"Point","coordinates":[-84.590713,39.237341]}},{"type":"Feature","properties":{"stop_id":"COMTREi","stop_name":"COMPTON RD & TRELAWNEY CT"},"geometry":{"type":"Point","coordinates":[-84.583679,39.238129]}},{"type":"Feature","properties":{"stop_id":"COMTREo","stop_name":"COMPTON RD & TRELAWNEY CT"},"geometry":{"type":"Point","coordinates":[-84.583412,39.23827]}},{"type":"Feature","properties":{"stop_id":"COMWERi","stop_name":"COMPTON RD & WERNER AVE"},"geometry":{"type":"Point","coordinates":[-84.552193,39.232681]}},{"type":"Feature","properties":{"stop_id":"COMWERo","stop_name":"COMPTON RD & WERNER AVE"},"geometry":{"type":"Point","coordinates":[-84.552261,39.232849]}},{"type":"Feature","properties":{"stop_id":"COMZODi","stop_name":"COMPTON RD & ZODIAC DR"},"geometry":{"type":"Point","coordinates":[-84.565559,39.233559]}},{"type":"Feature","properties":{"stop_id":"COMZODo","stop_name":"COMPTON RD & ZODIAC DR"},"geometry":{"type":"Point","coordinates":[-84.565025,39.233658]}},{"type":"Feature","properties":{"stop_id":"COOKENi","stop_name":"COOPER RD & KENWOOD RD"},"geometry":{"type":"Point","coordinates":[-84.376678,39.231209]}},{"type":"Feature","properties":{"stop_id":"COOKENo","stop_name":"COOPER RD & KENWOOD RD"},"geometry":{"type":"Point","coordinates":[-84.377388,39.231285]}},{"type":"Feature","properties":{"stop_id":"COOPLAe","stop_name":"COOPER RD & PLAINFIELD RD"},"geometry":{"type":"Point","coordinates":[-84.395203,39.237839]}},{"type":"Feature","properties":{"stop_id":"COR5427e","stop_name":"CORNELL RD 5427"},"geometry":{"type":"Point","coordinates":[-84.368782,39.26918]}},{"type":"Feature","properties":{"stop_id":"CORCORe","stop_name":"CORNELL PARK DR & CORNELL RD"},"geometry":{"type":"Point","coordinates":[-84.370903,39.270374]}},{"type":"Feature","properties":{"stop_id":"CORCORw","stop_name":"CORNELL PARK DR & CORNELL RD"},"geometry":{"type":"Point","coordinates":[-84.370712,39.270393]}},{"type":"Feature","properties":{"stop_id":"CORGROw","stop_name":"CORNELL RD & GROOMS RD"},"geometry":{"type":"Point","coordinates":[-84.36631,39.269009]}},{"type":"Feature","properties":{"stop_id":"CORHAWe","stop_name":"CORNELL RD & HAWK ST"},"geometry":{"type":"Point","coordinates":[-84.394821,39.272366]}},{"type":"Feature","properties":{"stop_id":"CORHAWw","stop_name":"CORNELL RD & HAWK ST"},"geometry":{"type":"Point","coordinates":[-84.39521,39.272476]}},{"type":"Feature","properties":{"stop_id":"CORJEFo","stop_name":"CORRY ST & JEFFERSON AVE"},"geometry":{"type":"Point","coordinates":[-84.511116,39.129276]}},{"type":"Feature","properties":{"stop_id":"CORMALe","stop_name":"CORNELL RD & MALAER DR"},"geometry":{"type":"Point","coordinates":[-84.404099,39.272633]}},{"type":"Feature","properties":{"stop_id":"CORMALw","stop_name":"CORNELL RD & MALAER DR"},"geometry":{"type":"Point","coordinates":[-84.404129,39.272728]}},{"type":"Feature","properties":{"stop_id":"CORREAe","stop_name":"CORNELL RD & READING RD"},"geometry":{"type":"Point","coordinates":[-84.410965,39.272812]}},{"type":"Feature","properties":{"stop_id":"CORREAw","stop_name":"CORNELL RD & READING RD"},"geometry":{"type":"Point","coordinates":[-84.410938,39.272919]}},{"type":"Feature","properties":{"stop_id":"CORREEe","stop_name":"CORNELL PARK DR & REED HARTMAN HWY"},"geometry":{"type":"Point","coordinates":[-84.37413,39.273579]}},{"type":"Feature","properties":{"stop_id":"CORREEw","stop_name":"CORNELL PARK DR & REED HARTMAN HIGHWAY"},"geometry":{"type":"Point","coordinates":[-84.373833,39.273651]}},{"type":"Feature","properties":{"stop_id":"CORSWIe","stop_name":"CORNELL RD & SWING RD"},"geometry":{"type":"Point","coordinates":[-84.387726,39.271702]}},{"type":"Feature","properties":{"stop_id":"CORSWIw","stop_name":"CORNELL RD & SWING RD"},"geometry":{"type":"Point","coordinates":[-84.388519,39.2719]}},{"type":"Feature","properties":{"stop_id":"CORVINi","stop_name":"CORRY ST & VINE ST"},"geometry":{"type":"Point","coordinates":[-84.509811,39.129025]}},{"type":"Feature","properties":{"stop_id":"CORVINo","stop_name":"CORRY ST & VINE ST"},"geometry":{"type":"Point","coordinates":[-84.509346,39.12915]}},{"type":"Feature","properties":{"stop_id":"COVCLEi","stop_name":"COVEDALE AVE & CLEVES WARSAW PK"},"geometry":{"type":"Point","coordinates":[-84.60717,39.118801]}},{"type":"Feature","properties":{"stop_id":"COVCLEo","stop_name":"COVEDALE AVE & CLEVES WARSAW PK"},"geometry":{"type":"Point","coordinates":[-84.606995,39.118492]}},{"type":"Feature","properties":{"stop_id":"COVHIGi","stop_name":"COVEDALE AVE & HIGHVIEW DR"},"geometry":{"type":"Point","coordinates":[-84.607475,39.115616]}},{"type":"Feature","properties":{"stop_id":"COVHIGo","stop_name":"COVEDALE & HIGHVIEW"},"geometry":{"type":"Point","coordinates":[-84.607292,39.115414]}},{"type":"Feature","properties":{"stop_id":"COVLIMo","stop_name":"COVEDALE AVE & LIMBERLOST LN"},"geometry":{"type":"Point","coordinates":[-84.606445,39.113335]}},{"type":"Feature","properties":{"stop_id":"COVRALi","stop_name":"COVEDALE AVE & RALPH AVE"},"geometry":{"type":"Point","coordinates":[-84.606987,39.120533]}},{"type":"Feature","properties":{"stop_id":"COVRAPi","stop_name":"COVEDALE AVE & RAPID RUN RD"},"geometry":{"type":"Point","coordinates":[-84.606796,39.110596]}},{"type":"Feature","properties":{"stop_id":"COVRELo","stop_name":"COVEDALE AVE & RELLEUM AVE"},"geometry":{"type":"Point","coordinates":[-84.606911,39.119328]}},{"type":"Feature","properties":{"stop_id":"COVSIDo","stop_name":"COVEDALE AVE & SIDNEY RD"},"geometry":{"type":"Point","coordinates":[-84.606491,39.123337]}},{"type":"Feature","properties":{"stop_id":"COVWESi","stop_name":"COVEDALE AVE & WESTERN HILLS AVE"},"geometry":{"type":"Point","coordinates":[-84.606895,39.121452]}},{"type":"Feature","properties":{"stop_id":"COVWESo","stop_name":"COVEDALE AVE & WESTERN HILLS AVE"},"geometry":{"type":"Point","coordinates":[-84.606705,39.121319]}},{"type":"Feature","properties":{"stop_id":"CRESMOHe","stop_name":"CRESTVIEW DR & MOHAWK TL"},"geometry":{"type":"Point","coordinates":[-84.274055,39.179855]}},{"type":"Feature","properties":{"stop_id":"CTCi","stop_name":"COLERAIN TOWNE CENTER"},"geometry":{"type":"Point","coordinates":[-84.60218,39.260796]}},{"type":"Feature","properties":{"stop_id":"CTCLAY","stop_name":"CTC LAYOVER"},"geometry":{"type":"Point","coordinates":[-84.601901,39.261749]}},{"type":"Feature","properties":{"stop_id":"CUMBEEi","stop_name":"CUMMINS ST & BEEKMAN ST"},"geometry":{"type":"Point","coordinates":[-84.546638,39.134449]}},{"type":"Feature","properties":{"stop_id":"CUMBEEo","stop_name":"CUMMINS ST & BEEKMAN ST"},"geometry":{"type":"Point","coordinates":[-84.546593,39.13459]}},{"type":"Feature","properties":{"stop_id":"CUMDEMi","stop_name":"CUMMINS ST & DEMPSEY ST"},"geometry":{"type":"Point","coordinates":[-84.545029,39.13266]}},{"type":"Feature","properties":{"stop_id":"CUNEVEi","stop_name":"CUNNINGHAM DR & EVENDALE COMMONS DR"},"geometry":{"type":"Point","coordinates":[-84.427055,39.251282]}},{"type":"Feature","properties":{"stop_id":"CUNEVEo","stop_name":"CUNNINGHAM DR & EVENDALE COMMONS DR"},"geometry":{"type":"Point","coordinates":[-84.425591,39.250763]}},{"type":"Feature","properties":{"stop_id":"DAL1455w","stop_name":"DALTON AVE 1455"},"geometry":{"type":"Point","coordinates":[-84.536301,39.111446]}},{"type":"Feature","properties":{"stop_id":"DAL6300o","stop_name":"DALY RD 6300"},"geometry":{"type":"Point","coordinates":[-84.532059,39.203655]}},{"type":"Feature","properties":{"stop_id":"DAL6301i","stop_name":"DALY RD 6301"},"geometry":{"type":"Point","coordinates":[-84.532242,39.204002]}},{"type":"Feature","properties":{"stop_id":"DAL6426o","stop_name":"DALY RD 6426"},"geometry":{"type":"Point","coordinates":[-84.531853,39.206039]}},{"type":"Feature","properties":{"stop_id":"DAL6457i","stop_name":"DALY RD 6457"},"geometry":{"type":"Point","coordinates":[-84.532013,39.206593]}},{"type":"Feature","properties":{"stop_id":"DAL6580i","stop_name":"DALY RD 6580"},"geometry":{"type":"Point","coordinates":[-84.531624,39.211544]}},{"type":"Feature","properties":{"stop_id":"DAL6710o","stop_name":"DALY RD 6710"},"geometry":{"type":"Point","coordinates":[-84.53138,39.212036]}},{"type":"Feature","properties":{"stop_id":"DAL8507i","stop_name":"DALY RD 8507"},"geometry":{"type":"Point","coordinates":[-84.530624,39.221893]}},{"type":"Feature","properties":{"stop_id":"DAL8530o","stop_name":"DALY RD 8530"},"geometry":{"type":"Point","coordinates":[-84.530441,39.2215]}},{"type":"Feature","properties":{"stop_id":"DAL8642o","stop_name":"DALY RD 8642"},"geometry":{"type":"Point","coordinates":[-84.53019,39.224037]}},{"type":"Feature","properties":{"stop_id":"DAL8982o","stop_name":"DALY RD 8982"},"geometry":{"type":"Point","coordinates":[-84.529533,39.230186]}},{"type":"Feature","properties":{"stop_id":"DAL8989i","stop_name":"DALY RD 8989"},"geometry":{"type":"Point","coordinates":[-84.529739,39.230247]}},{"type":"Feature","properties":{"stop_id":"DALBANi","stop_name":"DALTON AVE & BANK ST"},"geometry":{"type":"Point","coordinates":[-84.536102,39.118942]}},{"type":"Feature","properties":{"stop_id":"DALBANo","stop_name":"DALTON AVE & BANK ST"},"geometry":{"type":"Point","coordinates":[-84.535845,39.118963]}},{"type":"Feature","properties":{"stop_id":"DALBRUi","stop_name":"DALY RD & BRUSHWOOD AVE"},"geometry":{"type":"Point","coordinates":[-84.531471,39.21331]}},{"type":"Feature","properties":{"stop_id":"DALBRUo","stop_name":"DALY RD & BRUSHWOOD AVE"},"geometry":{"type":"Point","coordinates":[-84.531219,39.213844]}},{"type":"Feature","properties":{"stop_id":"DALCOUe","stop_name":"DALTON AVE & COURTLAND AVE"},"geometry":{"type":"Point","coordinates":[-84.536079,39.111485]}},{"type":"Feature","properties":{"stop_id":"DALFINi","stop_name":"DALTON AVE & FINDLAY ST"},"geometry":{"type":"Point","coordinates":[-84.535805,39.116066]}},{"type":"Feature","properties":{"stop_id":"DALFINo","stop_name":"DALTON AVE & FINDLAY ST"},"geometry":{"type":"Point","coordinates":[-84.535477,39.116695]}},{"type":"Feature","properties":{"stop_id":"DALGALi","stop_name":"DALY RD & GALBRAITH RD"},"geometry":{"type":"Point","coordinates":[-84.531242,39.215706]}},{"type":"Feature","properties":{"stop_id":"DALGALo","stop_name":"DALY RD & GALBRAITH RD"},"geometry":{"type":"Point","coordinates":[-84.530998,39.216347]}},{"type":"Feature","properties":{"stop_id":"DALHEMi","stop_name":"DALY RD & HEMPSTEAD DR"},"geometry":{"type":"Point","coordinates":[-84.530457,39.223446]}},{"type":"Feature","properties":{"stop_id":"DALHEMo","stop_name":"DALY RD & HEMPSTEAD DR"},"geometry":{"type":"Point","coordinates":[-84.530319,39.222805]}},{"type":"Feature","properties":{"stop_id":"DALHOLi","stop_name":"DALY RD & HOLLYWOOD AVE"},"geometry":{"type":"Point","coordinates":[-84.531914,39.207947]}},{"type":"Feature","properties":{"stop_id":"DALHOPn","stop_name":"DALTON AVE & HOPKINS ST"},"geometry":{"type":"Point","coordinates":[-84.536377,39.107792]}},{"type":"Feature","properties":{"stop_id":"DALHOPs","stop_name":"DALTON ST & GEST ST"},"geometry":{"type":"Point","coordinates":[-84.536613,39.108112]}},{"type":"Feature","properties":{"stop_id":"DALMADi","stop_name":"DALY RD & MADELEINE CIR"},"geometry":{"type":"Point","coordinates":[-84.529999,39.227829]}},{"type":"Feature","properties":{"stop_id":"DALMADo","stop_name":"DALY RD & MADELEINE CIR"},"geometry":{"type":"Point","coordinates":[-84.529716,39.228508]}},{"type":"Feature","properties":{"stop_id":"DALSHEi","stop_name":"DALTON AVE & SHERMAN AVE"},"geometry":{"type":"Point","coordinates":[-84.535889,39.114956]}},{"type":"Feature","properties":{"stop_id":"DALSHERo","stop_name":"DALTON & SHERMAN AVENUES"},"geometry":{"type":"Point","coordinates":[-84.535637,39.115143]}},{"type":"Feature","properties":{"stop_id":"DALSPRo","stop_name":"DALY RD & SPRINGBROOK DR"},"geometry":{"type":"Point","coordinates":[-84.531769,39.207687]}},{"type":"Feature","properties":{"stop_id":"DANBEVe","stop_name":"DANA AVE & BEVIS AVE"},"geometry":{"type":"Point","coordinates":[-84.464638,39.146069]}},{"type":"Feature","properties":{"stop_id":"DANCLAw","stop_name":"DANA AVE & CLARION AVE"},"geometry":{"type":"Point","coordinates":[-84.470734,39.146523]}},{"type":"Feature","properties":{"stop_id":"DANDAKe","stop_name":"DANA AVE & DAKOTA AVE"},"geometry":{"type":"Point","coordinates":[-84.481018,39.150078]}},{"type":"Feature","properties":{"stop_id":"DANDAKw","stop_name":"DANA AVE & DAKOTA AVE"},"geometry":{"type":"Point","coordinates":[-84.480988,39.150276]}},{"type":"Feature","properties":{"stop_id":"DANDUCw","stop_name":"DANA & DUCK CREEK"},"geometry":{"type":"Point","coordinates":[-84.456924,39.144447]}},{"type":"Feature","properties":{"stop_id":"DANEVAw","stop_name":"DANA AVE & EVANSTON AVE"},"geometry":{"type":"Point","coordinates":[-84.462845,39.145748]}},{"type":"Feature","properties":{"stop_id":"DANHERe","stop_name":"DANA AVE & HERALD AVE"},"geometry":{"type":"Point","coordinates":[-84.477119,39.147213]}},{"type":"Feature","properties":{"stop_id":"DANHERw","stop_name":"DANA AVE & HERALD AVE"},"geometry":{"type":"Point","coordinates":[-84.477737,39.147484]}},{"type":"Feature","properties":{"stop_id":"DANNEWe","stop_name":"DANA AVE & NEWTON AVE"},"geometry":{"type":"Point","coordinates":[-84.471397,39.146397]}},{"type":"Feature","properties":{"stop_id":"DANREAe","stop_name":"DANA AVE & REALISTIC AVE"},"geometry":{"type":"Point","coordinates":[-84.460327,39.145756]}},{"type":"Feature","properties":{"stop_id":"DANREAi","stop_name":"DANA AVE & READING RD"},"geometry":{"type":"Point","coordinates":[-84.484138,39.152514]}},{"type":"Feature","properties":{"stop_id":"DANREAw","stop_name":"DANA AVE & REALISTIC AVE"},"geometry":{"type":"Point","coordinates":[-84.460686,39.145607]}},{"type":"Feature","properties":{"stop_id":"DANVICe","stop_name":"DANA AVE & VICTORY PKWY"},"geometry":{"type":"Point","coordinates":[-84.479469,39.147438]}},{"type":"Feature","properties":{"stop_id":"DANVICw","stop_name":"DANA AVE & VICTORY PKWY"},"geometry":{"type":"Point","coordinates":[-84.479736,39.147682]}},{"type":"Feature","properties":{"stop_id":"DANWOOe","stop_name":"DANA AVE & WOODBURN AVE"},"geometry":{"type":"Point","coordinates":[-84.474548,39.146645]}},{"type":"Feature","properties":{"stop_id":"DANWOOw","stop_name":"DANA AVE & WOODBURN AVE"},"geometry":{"type":"Point","coordinates":[-84.474136,39.146778]}},{"type":"Feature","properties":{"stop_id":"DEL4123i","stop_name":"DELHI RD 4123"},"geometry":{"type":"Point","coordinates":[-84.58918,39.095932]}},{"type":"Feature","properties":{"stop_id":"DEL4124o","stop_name":"DELHI RD 4124"},"geometry":{"type":"Point","coordinates":[-84.588326,39.096451]}},{"type":"Feature","properties":{"stop_id":"DEL4381i","stop_name":"DELHI RD 4381"},"geometry":{"type":"Point","coordinates":[-84.596176,39.093861]}},{"type":"Feature","properties":{"stop_id":"DEL4386o","stop_name":"DELHI RD 4386"},"geometry":{"type":"Point","coordinates":[-84.596504,39.094139]}},{"type":"Feature","properties":{"stop_id":"DEL4420o","stop_name":"DELHI RD 4420"},"geometry":{"type":"Point","coordinates":[-84.597389,39.094315]}},{"type":"Feature","properties":{"stop_id":"DEL4431i","stop_name":"DELHI RD 4431"},"geometry":{"type":"Point","coordinates":[-84.598358,39.094223]}},{"type":"Feature","properties":{"stop_id":"DEL4958o","stop_name":"DELHI RD 4958"},"geometry":{"type":"Point","coordinates":[-84.607864,39.095398]}},{"type":"Feature","properties":{"stop_id":"DEL4977i","stop_name":"DELHI RD 4977"},"geometry":{"type":"Point","coordinates":[-84.608223,39.095264]}},{"type":"Feature","properties":{"stop_id":"DEL5026o","stop_name":"DELHI RD 5026"},"geometry":{"type":"Point","coordinates":[-84.609802,39.095345]}},{"type":"Feature","properties":{"stop_id":"DEL5079i","stop_name":"DELHI RD 5079"},"geometry":{"type":"Point","coordinates":[-84.610588,39.095116]}},{"type":"Feature","properties":{"stop_id":"DEL5297i","stop_name":"DELHI RD 5297"},"geometry":{"type":"Point","coordinates":[-84.616882,39.094097]}},{"type":"Feature","properties":{"stop_id":"DEL5314o","stop_name":"DELHI RD 5314"},"geometry":{"type":"Point","coordinates":[-84.619003,39.093704]}},{"type":"Feature","properties":{"stop_id":"DEL963i","stop_name":"DELHI RD 963"},"geometry":{"type":"Point","coordinates":[-84.576241,39.094742]}},{"type":"Feature","properties":{"stop_id":"DEL966o","stop_name":"DELHI RD 966"},"geometry":{"type":"Point","coordinates":[-84.576096,39.094803]}},{"type":"Feature","properties":{"stop_id":"DELANDEi","stop_name":"DELHI RD & ANDERSON FERRY RD"},"geometry":{"type":"Point","coordinates":[-84.618515,39.093704]}},{"type":"Feature","properties":{"stop_id":"DELAPPi","stop_name":"DELHI RD & APPLECREEK CT"},"geometry":{"type":"Point","coordinates":[-84.621307,39.092659]}},{"type":"Feature","properties":{"stop_id":"DELAPPo","stop_name":"DELHI RD & APPLECREEK CT"},"geometry":{"type":"Point","coordinates":[-84.621674,39.092701]}},{"type":"Feature","properties":{"stop_id":"DELGLENi","stop_name":"DELTA AVE & GLENGYLE AVE"},"geometry":{"type":"Point","coordinates":[-84.428688,39.130573]}},{"type":"Feature","properties":{"stop_id":"DELGLENo","stop_name":"DELTA AVE & GLENGYLE AVE"},"geometry":{"type":"Point","coordinates":[-84.428757,39.130314]}},{"type":"Feature","properties":{"stop_id":"DELGLEOi","stop_name":"DELHI RD & GLEN OAKS DR"},"geometry":{"type":"Point","coordinates":[-84.613121,39.094757]}},{"type":"Feature","properties":{"stop_id":"DELGLEOo","stop_name":"DELHI RD & GLEN OAKS DR"},"geometry":{"type":"Point","coordinates":[-84.612831,39.094971]}},{"type":"Feature","properties":{"stop_id":"DELKATi","stop_name":"DELHI RD & KATIEBUD DR"},"geometry":{"type":"Point","coordinates":[-84.632538,39.095272]}},{"type":"Feature","properties":{"stop_id":"DELKROi","stop_name":"DELTA AVE & KROGER AVE"},"geometry":{"type":"Point","coordinates":[-84.435318,39.123081]}},{"type":"Feature","properties":{"stop_id":"DELKROo","stop_name":"DELTA AVE & KROGER AVE"},"geometry":{"type":"Point","coordinates":[-84.435028,39.12323]}},{"type":"Feature","properties":{"stop_id":"DELLAWi","stop_name":"DELTA AVE & LAWLER ST"},"geometry":{"type":"Point","coordinates":[-84.436966,39.120705]}},{"type":"Feature","properties":{"stop_id":"DELLAWo","stop_name":"DELTA AVE & LAWLER ST"},"geometry":{"type":"Point","coordinates":[-84.436768,39.120651]}},{"type":"Feature","properties":{"stop_id":"DELLINn","stop_name":"DELTA AVE & LINWOOD AVE"},"geometry":{"type":"Point","coordinates":[-84.430626,39.128323]}},{"type":"Feature","properties":{"stop_id":"DELLINs","stop_name":"DELTA AVE & LINWOOD AVE"},"geometry":{"type":"Point","coordinates":[-84.430435,39.129192]}},{"type":"Feature","properties":{"stop_id":"DELMATi","stop_name":"DELHI RD & MATTINGLY BLVD"},"geometry":{"type":"Point","coordinates":[-84.639694,39.096432]}},{"type":"Feature","properties":{"stop_id":"DELMATo","stop_name":"DELHI RD & MATTINGLY BLVD"},"geometry":{"type":"Point","coordinates":[-84.640259,39.096626]}},{"type":"Feature","properties":{"stop_id":"DELMAYi","stop_name":"DELHI RD & MAYHEW AVE"},"geometry":{"type":"Point","coordinates":[-84.59024,39.095516]}},{"type":"Feature","properties":{"stop_id":"DELMAYo","stop_name":"DELHI AVE & MAYHEW AVE"},"geometry":{"type":"Point","coordinates":[-84.590744,39.095428]}},{"type":"Feature","properties":{"stop_id":"DELMORi","stop_name":"DELHI RD & MORRVUE DR"},"geometry":{"type":"Point","coordinates":[-84.625076,39.093285]}},{"type":"Feature","properties":{"stop_id":"DELMORo","stop_name":"DELHI RD & MORRVUE DR"},"geometry":{"type":"Point","coordinates":[-84.625153,39.093536]}},{"type":"Feature","properties":{"stop_id":"DELMTAEo","stop_name":"DELHI RD & MT ALVERNO RD"},"geometry":{"type":"Point","coordinates":[-84.616249,39.094391]}},{"type":"Feature","properties":{"stop_id":"DELMTALi","stop_name":"DELHI RD & MT ALVERNO RD"},"geometry":{"type":"Point","coordinates":[-84.593529,39.093292]}},{"type":"Feature","properties":{"stop_id":"DELMTAo","stop_name":"DELHI AVE & MT ALVERNO RD"},"geometry":{"type":"Point","coordinates":[-84.593559,39.093472]}},{"type":"Feature","properties":{"stop_id":"DELNILi","stop_name":"DELTA AVE & NILES ST"},"geometry":{"type":"Point","coordinates":[-84.427292,39.132793]}},{"type":"Feature","properties":{"stop_id":"DELNILo","stop_name":"DELTA AVE & NILES ST"},"geometry":{"type":"Point","coordinates":[-84.427116,39.132572]}},{"type":"Feature","properties":{"stop_id":"DELROEi","stop_name":"DELHI RD & ROEBLING RD"},"geometry":{"type":"Point","coordinates":[-84.583908,39.097515]}},{"type":"Feature","properties":{"stop_id":"DELROEo","stop_name":"DELHI AVE & ROEBLING RD"},"geometry":{"type":"Point","coordinates":[-84.583183,39.09766]}},{"type":"Feature","properties":{"stop_id":"DELROSi","stop_name":"DELHI RD & ROSEMONT AVE"},"geometry":{"type":"Point","coordinates":[-84.579285,39.096569]}},{"type":"Feature","properties":{"stop_id":"DELROSo","stop_name":"DELHI RD & ROSEMONT AVE"},"geometry":{"type":"Point","coordinates":[-84.580559,39.09713]}},{"type":"Feature","properties":{"stop_id":"DELSPEi","stop_name":"DELTA AVE & SPENCERHILL LN"},"geometry":{"type":"Point","coordinates":[-84.433372,39.126827]}},{"type":"Feature","properties":{"stop_id":"DELSPEo","stop_name":"DELTA AVE & SPENCERHILL LN"},"geometry":{"type":"Point","coordinates":[-84.433113,39.126831]}},{"type":"Feature","properties":{"stop_id":"DELSPRi","stop_name":"DELTA AVE & SPRINGER AVE"},"geometry":{"type":"Point","coordinates":[-84.427032,39.13538]}},{"type":"Feature","properties":{"stop_id":"DELSPRo","stop_name":"DELTA AVE & SPRINGER AVE"},"geometry":{"type":"Point","coordinates":[-84.426872,39.135509]}},{"type":"Feature","properties":{"stop_id":"DELSUNi","stop_name":"DELHI RD & SUNAIRE TER"},"geometry":{"type":"Point","coordinates":[-84.628967,39.09436]}},{"type":"Feature","properties":{"stop_id":"DELSUNo","stop_name":"DELHI RD & SUNAIRE TER"},"geometry":{"type":"Point","coordinates":[-84.628838,39.094501]}},{"type":"Feature","properties":{"stop_id":"DELWIDi","stop_name":"DELTA AVE & WIDMAN PL"},"geometry":{"type":"Point","coordinates":[-84.438393,39.118686]}},{"type":"Feature","properties":{"stop_id":"DELWIDo","stop_name":"DELTA AVE & WIDMAN PL"},"geometry":{"type":"Point","coordinates":[-84.438316,39.11845]}},{"type":"Feature","properties":{"stop_id":"DELWOOo","stop_name":"DELHI RD & WOODLAND RIDGE DR"},"geometry":{"type":"Point","coordinates":[-84.632469,39.095432]}},{"type":"Feature","properties":{"stop_id":"DEPGESe","stop_name":"DEPOT ST & GEST ST"},"geometry":{"type":"Point","coordinates":[-84.55143,39.107811]}},{"type":"Feature","properties":{"stop_id":"DESGLEi","stop_name":"DESMOND ST & GLENSHADE AVE"},"geometry":{"type":"Point","coordinates":[-84.387291,39.162285]}},{"type":"Feature","properties":{"stop_id":"DIXCLIi","stop_name":"DIXMYTH AVE & CLIFTON AVE"},"geometry":{"type":"Point","coordinates":[-84.519653,39.141037]}},{"type":"Feature","properties":{"stop_id":"DIXCLIo","stop_name":"DIXMYTH AVE & CLIFTON AVE"},"geometry":{"type":"Point","coordinates":[-84.51976,39.141209]}},{"type":"Feature","properties":{"stop_id":"DIXGSHi","stop_name":"DIXMYTH AVE & GOOD SAM. GARAGE"},"geometry":{"type":"Point","coordinates":[-84.521698,39.140671]}},{"type":"Feature","properties":{"stop_id":"DIXGSHo","stop_name":"DIXMYTH AVE & GOOD SAM. GARAGE"},"geometry":{"type":"Point","coordinates":[-84.521767,39.140831]}},{"type":"Feature","properties":{"stop_id":"DORALVi","stop_name":"DORCHESTER AVE & ALVIN ST"},"geometry":{"type":"Point","coordinates":[-84.504501,39.117699]}},{"type":"Feature","properties":{"stop_id":"DORALVo","stop_name":"DORCHESTER AVE & ALVIN ST"},"geometry":{"type":"Point","coordinates":[-84.504616,39.117847]}},{"type":"Feature","properties":{"stop_id":"DORBIGi","stop_name":"DORCHESTER AVE & BIGELOW ST"},"geometry":{"type":"Point","coordinates":[-84.508247,39.117847]}},{"type":"Feature","properties":{"stop_id":"DORBIGo","stop_name":"DORCHESTER AVE & BIGELOW ST"},"geometry":{"type":"Point","coordinates":[-84.508385,39.118027]}},{"type":"Feature","properties":{"stop_id":"DORJOSo","stop_name":"DORCHESTER AVE & JOSEPHINE ST"},"geometry":{"type":"Point","coordinates":[-84.507187,39.117954]}},{"type":"Feature","properties":{"stop_id":"DORYOUi","stop_name":"DORCHESTER AVE & YOUNG ST"},"geometry":{"type":"Point","coordinates":[-84.505981,39.117714]}},{"type":"Feature","properties":{"stop_id":"DRAHOSe","stop_name":"DRAKE HOSPITAL"},"geometry":{"type":"Point","coordinates":[-84.482841,39.213715]}},{"type":"Feature","properties":{"stop_id":"DRAWAYo","stop_name":"DRAGON WAY LAYOVER"},"geometry":{"type":"Point","coordinates":[-84.393916,39.140453]}},{"type":"Feature","properties":{"stop_id":"DRYI74i","stop_name":"DRY FORK RD & I-74"},"geometry":{"type":"Point","coordinates":[-84.770294,39.242394]}},{"type":"Feature","properties":{"stop_id":"DUC1712e","stop_name":"DUCK CREEK RD 1712"},"geometry":{"type":"Point","coordinates":[-84.470345,39.141624]}},{"type":"Feature","properties":{"stop_id":"DUC1712w","stop_name":"DUCK CREEK RD 1712"},"geometry":{"type":"Point","coordinates":[-84.470024,39.14175]}},{"type":"Feature","properties":{"stop_id":"DUC5030w","stop_name":"DUCK CREEK RD 5030 (Shroder HS)"},"geometry":{"type":"Point","coordinates":[-84.409569,39.164871]}},{"type":"Feature","properties":{"stop_id":"DUC5051o","stop_name":"DUCK CREEK RD 5051 (Shroder HS)"},"geometry":{"type":"Point","coordinates":[-84.408455,39.164658]}},{"type":"Feature","properties":{"stop_id":"DUCCRAi","stop_name":"DUCK CREEK RD & CRANE AVE"},"geometry":{"type":"Point","coordinates":[-84.460724,39.142784]}},{"type":"Feature","properties":{"stop_id":"DUCCRAo","stop_name":"DUCK CREEK RD & CRANE AVE"},"geometry":{"type":"Point","coordinates":[-84.460815,39.142563]}},{"type":"Feature","properties":{"stop_id":"DUCEASn","stop_name":"DUCK CREEK RD & EASTWOOD DR (Shroder HS)"},"geometry":{"type":"Point","coordinates":[-84.407791,39.164639]}},{"type":"Feature","properties":{"stop_id":"DUCEASs","stop_name":"DUCK CREEK RD & EASTWOOD DR (Shroder HS)"},"geometry":{"type":"Point","coordinates":[-84.408295,39.164814]}},{"type":"Feature","properties":{"stop_id":"DUCEVAe","stop_name":"DUCK CREEK RD & EVANSTON AVE"},"geometry":{"type":"Point","coordinates":[-84.463389,39.141844]}},{"type":"Feature","properties":{"stop_id":"DUCEVAw","stop_name":"DUCK CREEK RD & EVANSTON AVE"},"geometry":{"type":"Point","coordinates":[-84.46328,39.141975]}},{"type":"Feature","properties":{"stop_id":"DUCOAKi","stop_name":"DUCK CREEK RD & OAKLAWN DR"},"geometry":{"type":"Point","coordinates":[-84.413971,39.165199]}},{"type":"Feature","properties":{"stop_id":"DUCOAKo","stop_name":"DUCK CREEK RD & OAKLAWN DR"},"geometry":{"type":"Point","coordinates":[-84.413712,39.165024]}},{"type":"Feature","properties":{"stop_id":"DUCSAGw","stop_name":"DUCK CREEK RD& SAGUIN ST"},"geometry":{"type":"Point","coordinates":[-84.418259,39.165531]}},{"type":"Feature","properties":{"stop_id":"DUCSHAe","stop_name":"DUCK CREEK RD & SHAWANOE TRAIL"},"geometry":{"type":"Point","coordinates":[-84.415993,39.165211]}},{"type":"Feature","properties":{"stop_id":"DUCTRIe","stop_name":"DUCK CREEK RD & TRIMBLE AVE"},"geometry":{"type":"Point","coordinates":[-84.466629,39.141384]}},{"type":"Feature","properties":{"stop_id":"DUCTRIw","stop_name":"DUCK CREEK RD & TRIMBLE AVE"},"geometry":{"type":"Point","coordinates":[-84.466492,39.141598]}},{"type":"Feature","properties":{"stop_id":"DURFORi","stop_name":"DURY AVE & FOREST AVE"},"geometry":{"type":"Point","coordinates":[-84.505409,39.146324]}},{"type":"Feature","properties":{"stop_id":"DURFORo","stop_name":"DURY AVE & FOREST AVE"},"geometry":{"type":"Point","coordinates":[-84.505241,39.146221]}},{"type":"Feature","properties":{"stop_id":"DURHEAi","stop_name":"DURY AVE & HEARNE AVE"},"geometry":{"type":"Point","coordinates":[-84.505628,39.142688]}},{"type":"Feature","properties":{"stop_id":"DURHEAo","stop_name":"DURY AVE & HEARNE AVE"},"geometry":{"type":"Point","coordinates":[-84.505783,39.142769]}},{"type":"Feature","properties":{"stop_id":"DUTBETi","stop_name":"DUTCH COLONY DRIVE & BETTMAN DR"},"geometry":{"type":"Point","coordinates":[-84.512314,39.18985]}},{"type":"Feature","properties":{"stop_id":"DUTCWINi","stop_name":"DUTCH COLONY DR & WINNESTE AVE"},"geometry":{"type":"Point","coordinates":[-84.514252,39.190178]}},{"type":"Feature","properties":{"stop_id":"DUTHEBi","stop_name":"DUTCH COLONY DR & HEBRON CT"},"geometry":{"type":"Point","coordinates":[-84.517143,39.190193]}},{"type":"Feature","properties":{"stop_id":"DUTHEBo","stop_name":"DUTCH COLONY DR & HEBRON CT"},"geometry":{"type":"Point","coordinates":[-84.517036,39.190353]}},{"type":"Feature","properties":{"stop_id":"DUTWINi","stop_name":"DUTCH COLONY DR & WINTON RIDGE LN"},"geometry":{"type":"Point","coordinates":[-84.519753,39.190475]}},{"type":"Feature","properties":{"stop_id":"DUTWINNi","stop_name":"DUTCH COLONY DR & WINNESTE AVE"},"geometry":{"type":"Point","coordinates":[-84.514725,39.190086]}},{"type":"Feature","properties":{"stop_id":"DUTWINo","stop_name":"DUTCH COLONY DR & WINTON RIDGE LN"},"geometry":{"type":"Point","coordinates":[-84.52005,39.190521]}},{"type":"Feature","properties":{"stop_id":"DUTWINTo","stop_name":"DUTCH COLONY DR & WINTON RD"},"geometry":{"type":"Point","coordinates":[-84.523661,39.190517]}},{"type":"Feature","properties":{"stop_id":"EAS1801e","stop_name":"RIVERSIDE DR 1801"},"geometry":{"type":"Point","coordinates":[-84.481506,39.118584]}},{"type":"Feature","properties":{"stop_id":"EAS1906e","stop_name":"RIVERSIDE DR 1906"},"geometry":{"type":"Point","coordinates":[-84.478622,39.119884]}},{"type":"Feature","properties":{"stop_id":"EAS2341e","stop_name":"RIVERSIDE DR 2341"},"geometry":{"type":"Point","coordinates":[-84.467499,39.123798]}},{"type":"Feature","properties":{"stop_id":"EAS2527w","stop_name":"RIVERSIDE DR 2527"},"geometry":{"type":"Point","coordinates":[-84.461334,39.124077]}},{"type":"Feature","properties":{"stop_id":"EAS4192w","stop_name":"EASTERN AVE 4192"},"geometry":{"type":"Point","coordinates":[-84.42778,39.108223]}},{"type":"Feature","properties":{"stop_id":"EAS4219e","stop_name":"EASTERN AVE 4219"},"geometry":{"type":"Point","coordinates":[-84.428062,39.107841]}},{"type":"Feature","properties":{"stop_id":"EAS4348w","stop_name":"EASTERN AVE 4348"},"geometry":{"type":"Point","coordinates":[-84.42511,39.110615]}},{"type":"Feature","properties":{"stop_id":"EAS4363e","stop_name":"EASTERN AVE 4363"},"geometry":{"type":"Point","coordinates":[-84.424889,39.110561]}},{"type":"Feature","properties":{"stop_id":"EAS4454w","stop_name":"EASTERN AVE 4454"},"geometry":{"type":"Point","coordinates":[-84.422241,39.113693]}},{"type":"Feature","properties":{"stop_id":"EAS4481e","stop_name":"EASTERN AVE 4481"},"geometry":{"type":"Point","coordinates":[-84.421875,39.113808]}},{"type":"Feature","properties":{"stop_id":"EAS4520w","stop_name":"EASTERN AVE 4520"},"geometry":{"type":"Point","coordinates":[-84.421104,39.115005]}},{"type":"Feature","properties":{"stop_id":"EAS4527e","stop_name":"EASTERN AVE 4527"},"geometry":{"type":"Point","coordinates":[-84.420419,39.11549]}},{"type":"Feature","properties":{"stop_id":"EAS4717e","stop_name":"EASTERN AVE 4717"},"geometry":{"type":"Point","coordinates":[-84.418182,39.11948]}},{"type":"Feature","properties":{"stop_id":"EAS4850w","stop_name":"EASTERN AVE 4850"},"geometry":{"type":"Point","coordinates":[-84.414833,39.123489]}},{"type":"Feature","properties":{"stop_id":"EAS4902e","stop_name":"EASTERN AVE 4902"},"geometry":{"type":"Point","coordinates":[-84.414352,39.123718]}},{"type":"Feature","properties":{"stop_id":"EASADAe","stop_name":"RIVERSIDE DR & ADAMS CROSSING"},"geometry":{"type":"Point","coordinates":[-84.496758,39.103455]}},{"type":"Feature","properties":{"stop_id":"EASADAw","stop_name":"RIVERSIDE DR & ADAMS LANDING"},"geometry":{"type":"Point","coordinates":[-84.496409,39.103671]}},{"type":"Feature","properties":{"stop_id":"EASARCi","stop_name":"EASTERN AVE & ARCHER AVE"},"geometry":{"type":"Point","coordinates":[-84.412811,39.125622]}},{"type":"Feature","properties":{"stop_id":"EASARCo","stop_name":"EASTERN AVE & ARCHER AVE"},"geometry":{"type":"Point","coordinates":[-84.412689,39.125423]}},{"type":"Feature","properties":{"stop_id":"EASBEEe","stop_name":"EASTERN AVE & BEECHMONT AVE"},"geometry":{"type":"Point","coordinates":[-84.417389,39.120373]}},{"type":"Feature","properties":{"stop_id":"EASBEEi","stop_name":"EASTERN AVE & BEECHMONT AVE"},"geometry":{"type":"Point","coordinates":[-84.417709,39.120312]}},{"type":"Feature","properties":{"stop_id":"EASBROe","stop_name":"RIVERSIDE DR & BROWN ST"},"geometry":{"type":"Point","coordinates":[-84.44854,39.120686]}},{"type":"Feature","properties":{"stop_id":"EASBROw","stop_name":"RIVERSIDE DR & BROWN ST"},"geometry":{"type":"Point","coordinates":[-84.448189,39.120712]}},{"type":"Feature","properties":{"stop_id":"EASCARe","stop_name":"EASTERN AVE & CARREL ST"},"geometry":{"type":"Point","coordinates":[-84.43222,39.108582]}},{"type":"Feature","properties":{"stop_id":"EASCARw","stop_name":"EASTERN AVE & CARRELL ST"},"geometry":{"type":"Point","coordinates":[-84.431877,39.108543]}},{"type":"Feature","properties":{"stop_id":"EASCOLe","stop_name":"RIVERSIDE DR & COLLINS AVE"},"geometry":{"type":"Point","coordinates":[-84.46949,39.123398]}},{"type":"Feature","properties":{"stop_id":"EASCOLw","stop_name":"RIVERSIDE DR & COLLINS AVE"},"geometry":{"type":"Point","coordinates":[-84.469315,39.123619]}},{"type":"Feature","properties":{"stop_id":"EASCORe","stop_name":"RIVERSIDE DR & CORBIN ST"},"geometry":{"type":"Point","coordinates":[-84.450745,39.121552]}},{"type":"Feature","properties":{"stop_id":"EASDONe","stop_name":"EASTERN AVE & DONHAM AVE"},"geometry":{"type":"Point","coordinates":[-84.4356,39.111435]}},{"type":"Feature","properties":{"stop_id":"EASDONw","stop_name":"EASTERN AVE & DONHAM AVE"},"geometry":{"type":"Point","coordinates":[-84.435555,39.111649]}},{"type":"Feature","properties":{"stop_id":"EASDUCo","stop_name":"EASTWOOD DR & DUCK CREEK RD"},"geometry":{"type":"Point","coordinates":[-84.407433,39.165413]}},{"type":"Feature","properties":{"stop_id":"EASEGGw","stop_name":"RIVERSIDE DR & EGGLESTON AVE"},"geometry":{"type":"Point","coordinates":[-84.498909,39.102211]}},{"type":"Feature","properties":{"stop_id":"EASGOTe","stop_name":"RIVERSIDE DR & GOTHAM PL"},"geometry":{"type":"Point","coordinates":[-84.457283,39.123016]}},{"type":"Feature","properties":{"stop_id":"EASGOTw","stop_name":"RIVERSIDE DR & GOTHAM PL"},"geometry":{"type":"Point","coordinates":[-84.457436,39.123219]}},{"type":"Feature","properties":{"stop_id":"EASLANw","stop_name":"RIVERSIDE DR & LANCASTER ST"},"geometry":{"type":"Point","coordinates":[-84.478691,39.120022]}},{"type":"Feature","properties":{"stop_id":"EASLINe","stop_name":"EASTERN AVE & LINWOOD AVE"},"geometry":{"type":"Point","coordinates":[-84.416397,39.121471]}},{"type":"Feature","properties":{"stop_id":"EASLUMe","stop_name":"RIVERSIDE DR & LUMBER ST"},"geometry":{"type":"Point","coordinates":[-84.462158,39.12413]}},{"type":"Feature","properties":{"stop_id":"EASMONe","stop_name":"RIVERSIDE DR & MONTGOMERY INN"},"geometry":{"type":"Point","coordinates":[-84.494767,39.104542]}},{"type":"Feature","properties":{"stop_id":"EASPARw","stop_name":"RIVERSIDE DR & PARSONS ST"},"geometry":{"type":"Point","coordinates":[-84.493355,39.106506]}},{"type":"Feature","properties":{"stop_id":"EASPHYw","stop_name":"EASTERN AVE & PHYLLIS LN"},"geometry":{"type":"Point","coordinates":[-84.418678,39.118999]}},{"type":"Feature","properties":{"stop_id":"EASPITw","stop_name":"RIVERSIDE DR & PITTSBURG ST"},"geometry":{"type":"Point","coordinates":[-84.452309,39.122078]}},{"type":"Feature","properties":{"stop_id":"EASSTANe","stop_name":"RIVERSIDE DR & SAINT ANDREWS ST"},"geometry":{"type":"Point","coordinates":[-84.454063,39.122292]}},{"type":"Feature","properties":{"stop_id":"EASSTANw","stop_name":"RIVERSIDE DR & SAINT ANDREWS ST"},"geometry":{"type":"Point","coordinates":[-84.454208,39.122498]}},{"type":"Feature","properties":{"stop_id":"EASSTRe","stop_name":"RIVERSIDE DR & STRADER AVE"},"geometry":{"type":"Point","coordinates":[-84.442024,39.117645]}},{"type":"Feature","properties":{"stop_id":"EASSTRw","stop_name":"RIVERSIDE DR & STRADER AVE"},"geometry":{"type":"Point","coordinates":[-84.441673,39.117611]}},{"type":"Feature","properties":{"stop_id":"EASTLINw","stop_name":"EASTERN AVE & LINWOOD AVE"},"geometry":{"type":"Point","coordinates":[-84.416771,39.121365]}},{"type":"Feature","properties":{"stop_id":"EASTUSe","stop_name":"EASTERN AVE & TUSCULUM AVE"},"geometry":{"type":"Point","coordinates":[-84.437309,39.1129]}},{"type":"Feature","properties":{"stop_id":"EASTUSw","stop_name":"EASTERN AVE & TUSCULUM AVE"},"geometry":{"type":"Point","coordinates":[-84.436981,39.11282]}},{"type":"Feature","properties":{"stop_id":"EASVANe","stop_name":"RIVERSIDE DR & VANCE ST"},"geometry":{"type":"Point","coordinates":[-84.474113,39.121902]}},{"type":"Feature","properties":{"stop_id":"EASWENe","stop_name":"RIVERSIDE DR & WENNER ST"},"geometry":{"type":"Point","coordinates":[-84.444077,39.118652]}},{"type":"Feature","properties":{"stop_id":"EASWENw","stop_name":"RIVERSIDE DR & WENNER ST"},"geometry":{"type":"Point","coordinates":[-84.443748,39.118698]}},{"type":"Feature","properties":{"stop_id":"EDEFULe","stop_name":"Eden Park Dr & Fulton - eastbound"},"geometry":{"type":"Point","coordinates":[-84.493546,39.114216]}},{"type":"Feature","properties":{"stop_id":"EDEFULw","stop_name":"Eden Park Dr & Fulton - westbound"},"geometry":{"type":"Point","coordinates":[-84.49334,39.114189]}},{"type":"Feature","properties":{"stop_id":"EDEKROe","stop_name":"Eden Park Dr & Krohn Cons - eastbnd"},"geometry":{"type":"Point","coordinates":[-84.490562,39.11541]}},{"type":"Feature","properties":{"stop_id":"EDEKROw","stop_name":"Eden Park Dr & Krohn Cons - westbnd"},"geometry":{"type":"Point","coordinates":[-84.490723,39.115517]}},{"type":"Feature","properties":{"stop_id":"EDMROOe","stop_name":"EDMONDSON RD & ROOKWOOD COMMONS"},"geometry":{"type":"Point","coordinates":[-84.445473,39.149586]}},{"type":"Feature","properties":{"stop_id":"EDMROOw","stop_name":"EDMONDSON RD & ROOKWOOD COMMONS"},"geometry":{"type":"Point","coordinates":[-84.444511,39.149113]}},{"type":"Feature","properties":{"stop_id":"EDWERIe","stop_name":"EDWARDS RD & ERIE AVE"},"geometry":{"type":"Point","coordinates":[-84.443428,39.139935]}},{"type":"Feature","properties":{"stop_id":"EDWMADe","stop_name":"EDWARDS RD & MADISON RD"},"geometry":{"type":"Point","coordinates":[-84.442812,39.145674]}},{"type":"Feature","properties":{"stop_id":"EDWMADw","stop_name":"EDWARDS RD & MADISON RD"},"geometry":{"type":"Point","coordinates":[-84.442619,39.145416]}},{"type":"Feature","properties":{"stop_id":"EDWWILw","stop_name":"EDWARDS RD & WILLARD RD"},"geometry":{"type":"Point","coordinates":[-84.442574,39.146545]}},{"type":"Feature","properties":{"stop_id":"ELBBASi","stop_name":"ELBERON AVE & BASSETT RD"},"geometry":{"type":"Point","coordinates":[-84.566689,39.101212]}},{"type":"Feature","properties":{"stop_id":"ELBBASo","stop_name":"ELBERON AVE & BASSETT RD"},"geometry":{"type":"Point","coordinates":[-84.566498,39.101105]}},{"type":"Feature","properties":{"stop_id":"ELBLOSs","stop_name":"ELBROOK AVE & LOSANTIVILLE AVE"},"geometry":{"type":"Point","coordinates":[-84.449486,39.191193]}},{"type":"Feature","properties":{"stop_id":"ELBMEAn","stop_name":"ELBROOK AVE & MEADOW RIDGE LN"},"geometry":{"type":"Point","coordinates":[-84.449036,39.195595]}},{"type":"Feature","properties":{"stop_id":"ELBMEAs","stop_name":"ELBROOK AVE & MEADOW RIDGE LN"},"geometry":{"type":"Point","coordinates":[-84.449127,39.195911]}},{"type":"Feature","properties":{"stop_id":"ELBPHIi","stop_name":"ELBERON AVE & PHILLIPS AVE"},"geometry":{"type":"Point","coordinates":[-84.566399,39.103943]}},{"type":"Feature","properties":{"stop_id":"ELBPHIo","stop_name":"ELBERON AVE & PHILLIPS AVE"},"geometry":{"type":"Point","coordinates":[-84.566154,39.104282]}},{"type":"Feature","properties":{"stop_id":"ELM15THo","stop_name":"ELM & 15TH"},"geometry":{"type":"Point","coordinates":[-84.518806,39.11145]}},{"type":"Feature","properties":{"stop_id":"ELM1820o","stop_name":"ELM ST 1820"},"geometry":{"type":"Point","coordinates":[-84.52005,39.116001]}},{"type":"Feature","properties":{"stop_id":"ELM9THo","stop_name":"ELM ST & 9TH ST"},"geometry":{"type":"Point","coordinates":[-84.517113,39.104797]}},{"type":"Feature","properties":{"stop_id":"ELMBORi","stop_name":"ELMORE ST & BORDEN ST"},"geometry":{"type":"Point","coordinates":[-84.548141,39.1558]}},{"type":"Feature","properties":{"stop_id":"ELMBORo","stop_name":"ELMORE ST & BORDEN ST"},"geometry":{"type":"Point","coordinates":[-84.548416,39.155735]}},{"type":"Feature","properties":{"stop_id":"ELMCOLi","stop_name":"ELMORE ST & COLERAIN AVE"},"geometry":{"type":"Point","coordinates":[-84.542824,39.155842]}},{"type":"Feature","properties":{"stop_id":"ELMCOLo","stop_name":"ELMORE ST & COLERAIN AVE"},"geometry":{"type":"Point","coordinates":[-84.543343,39.155563]}},{"type":"Feature","properties":{"stop_id":"ELMCOUo","stop_name":"ELM ST & COURT ST"},"geometry":{"type":"Point","coordinates":[-84.517349,39.105705]}},{"type":"Feature","properties":{"stop_id":"ELMGREo","stop_name":"ELM ST & GREEN ST"},"geometry":{"type":"Point","coordinates":[-84.519417,39.113869]}},{"type":"Feature","properties":{"stop_id":"ELMHENo","stop_name":"ELM ST & HENRY ST"},"geometry":{"type":"Point","coordinates":[-84.520447,39.117928]}},{"type":"Feature","properties":{"stop_id":"ELMWASo","stop_name":"ELM ST & WASHINGTON PARK"},"geometry":{"type":"Point","coordinates":[-84.518158,39.10891]}},{"type":"Feature","properties":{"stop_id":"ELSREADi","stop_name":"ELSINORE PL & READING RD"},"geometry":{"type":"Point","coordinates":[-84.502151,39.113247]}},{"type":"Feature","properties":{"stop_id":"ELSREAo","stop_name":"ELSINORE PL & READING RD"},"geometry":{"type":"Point","coordinates":[-84.501862,39.113083]}},{"type":"Feature","properties":{"stop_id":"ENFESWi","stop_name":"ENFIELD ST & ESWIN ST"},"geometry":{"type":"Point","coordinates":[-84.522789,39.270164]}},{"type":"Feature","properties":{"stop_id":"ENFFARi","stop_name":"ENFIELD ST & FARRAGUT RD"},"geometry":{"type":"Point","coordinates":[-84.522214,39.267182]}},{"type":"Feature","properties":{"stop_id":"EPWBURi","stop_name":"EPWORTH AVE & BURR OAK ST"},"geometry":{"type":"Point","coordinates":[-84.518288,39.173363]}},{"type":"Feature","properties":{"stop_id":"EPWBURo","stop_name":"EPWORTH AVE & BURR OAK ST"},"geometry":{"type":"Point","coordinates":[-84.517868,39.173431]}},{"type":"Feature","properties":{"stop_id":"EPWCHIo","stop_name":"EPWORTH AVE & CHICKERING AVE"},"geometry":{"type":"Point","coordinates":[-84.512169,39.174583]}},{"type":"Feature","properties":{"stop_id":"EPWEDGi","stop_name":"EPWORTH AVE & EDGEWOOD AVE"},"geometry":{"type":"Point","coordinates":[-84.51577,39.173267]}},{"type":"Feature","properties":{"stop_id":"EPWEDGo","stop_name":"EPWORTH AVE & EDGEWOOD AVE"},"geometry":{"type":"Point","coordinates":[-84.515877,39.173378]}},{"type":"Feature","properties":{"stop_id":"EPWHARn","stop_name":"EPWORTH AVE & HARRISON AVE"},"geometry":{"type":"Point","coordinates":[-84.599693,39.149979]}},{"type":"Feature","properties":{"stop_id":"EPWWINo","stop_name":"EPWORTH AVE & WINTON RD"},"geometry":{"type":"Point","coordinates":[-84.519463,39.173534]}},{"type":"Feature","properties":{"stop_id":"ERI3049o","stop_name":"Erie Ave & Clark Montessori"},"geometry":{"type":"Point","coordinates":[-84.429108,39.138123]}},{"type":"Feature","properties":{"stop_id":"ERI4001o","stop_name":"ERIE AVE 4001"},"geometry":{"type":"Point","coordinates":[-84.40464,39.15004]}},{"type":"Feature","properties":{"stop_id":"ERI4311i","stop_name":"ERIE AVE 4311"},"geometry":{"type":"Point","coordinates":[-84.400475,39.152859]}},{"type":"Feature","properties":{"stop_id":"ERI4320o","stop_name":"ERIE AVE 4320"},"geometry":{"type":"Point","coordinates":[-84.400124,39.152912]}},{"type":"Feature","properties":{"stop_id":"ERIARNo","stop_name":"ERIE AVE & ARNSBY PL"},"geometry":{"type":"Point","coordinates":[-84.401703,39.151539]}},{"type":"Feature","properties":{"stop_id":"ERIBAYi","stop_name":"ERIE AVE & BAYARD DR"},"geometry":{"type":"Point","coordinates":[-84.427338,39.138103]}},{"type":"Feature","properties":{"stop_id":"ERIBERi","stop_name":"ERIE AVE & BERRY AVE"},"geometry":{"type":"Point","coordinates":[-84.449402,39.140415]}},{"type":"Feature","properties":{"stop_id":"ERICLAi","stop_name":"ERIE AVE & CLARK MONTESSORI"},"geometry":{"type":"Point","coordinates":[-84.4291,39.13829]}},{"type":"Feature","properties":{"stop_id":"ERICLRi","stop_name":"ERIE AVE & CLARKWOOD PL"},"geometry":{"type":"Point","coordinates":[-84.435463,39.13895]}},{"type":"Feature","properties":{"stop_id":"ERIDUNe","stop_name":"ERIE AVE & DUNCAN AVE"},"geometry":{"type":"Point","coordinates":[-84.435745,39.138817]}},{"type":"Feature","properties":{"stop_id":"ERIEDWi","stop_name":"ERIE AVE & EDWARDS RD"},"geometry":{"type":"Point","coordinates":[-84.443703,39.139759]}},{"type":"Feature","properties":{"stop_id":"ERIEDWo","stop_name":"ERIE AVE & EDWARDS RD"},"geometry":{"type":"Point","coordinates":[-84.443459,39.139606]}},{"type":"Feature","properties":{"stop_id":"ERIERISi","stop_name":"ERIE AVE & ERIE STATION LN"},"geometry":{"type":"Point","coordinates":[-84.402176,39.151421]}},{"type":"Feature","properties":{"stop_id":"ERIGRAi","stop_name":"ERIE AVE & GRACE AVE"},"geometry":{"type":"Point","coordinates":[-84.431831,39.138569]}},{"type":"Feature","properties":{"stop_id":"ERIGRAo","stop_name":"ERIE AVE & GRACE AVE"},"geometry":{"type":"Point","coordinates":[-84.43222,39.138451]}},{"type":"Feature","properties":{"stop_id":"ERIMARi","stop_name":"ERIE AVE & MARBURG AVE"},"geometry":{"type":"Point","coordinates":[-84.42289,39.141422]}},{"type":"Feature","properties":{"stop_id":"ERIMICi","stop_name":"ERIE AVE & MICHIGAN AVE"},"geometry":{"type":"Point","coordinates":[-84.441589,39.139584]}},{"type":"Feature","properties":{"stop_id":"ERIMICo","stop_name":"ERIE AVE & MICHIGAN AVE"},"geometry":{"type":"Point","coordinates":[-84.441338,39.139408]}},{"type":"Feature","properties":{"stop_id":"ERIMOOi","stop_name":"ERIE AVE & MOONEY AVE"},"geometry":{"type":"Point","coordinates":[-84.445717,39.14003]}},{"type":"Feature","properties":{"stop_id":"ERIMOOo","stop_name":"ERIE AVE & MOONEY AVE"},"geometry":{"type":"Point","coordinates":[-84.446068,39.139908]}},{"type":"Feature","properties":{"stop_id":"ERIMURi","stop_name":"ERIE AVE & MURRAY AVE"},"geometry":{"type":"Point","coordinates":[-84.403336,39.150604]}},{"type":"Feature","properties":{"stop_id":"ERIMURo","stop_name":"ERIE AVE & MURRAY AVE"},"geometry":{"type":"Point","coordinates":[-84.402954,39.150578]}},{"type":"Feature","properties":{"stop_id":"ERIPAXi","stop_name":"ERIE AVE & PAXTON AVE"},"geometry":{"type":"Point","coordinates":[-84.433769,39.138775]}},{"type":"Feature","properties":{"stop_id":"ERIPAXo","stop_name":"ERIE AVE & PAXTON AVE"},"geometry":{"type":"Point","coordinates":[-84.434143,39.138649]}},{"type":"Feature","properties":{"stop_id":"ERIROEi","stop_name":"ERIE AVE & ROE ST"},"geometry":{"type":"Point","coordinates":[-84.395744,39.156445]}},{"type":"Feature","properties":{"stop_id":"ERIROEo","stop_name":"ERIE AVE & ROE ST"},"geometry":{"type":"Point","coordinates":[-84.395485,39.156387]}},{"type":"Feature","properties":{"stop_id":"ERISHAe","stop_name":"ERIE AVE & SHADY LN"},"geometry":{"type":"Point","coordinates":[-84.437881,39.139042]}},{"type":"Feature","properties":{"stop_id":"ERISHAi","stop_name":"ERIE AVE & SHAW AVE"},"geometry":{"type":"Point","coordinates":[-84.43998,39.139416]}},{"type":"Feature","properties":{"stop_id":"ERISHAo","stop_name":"ERIE AVE & SHAW AVE"},"geometry":{"type":"Point","coordinates":[-84.439705,39.139229]}},{"type":"Feature","properties":{"stop_id":"ERISTCi","stop_name":"ERIE AVE & SAINT CHARLES PL"},"geometry":{"type":"Point","coordinates":[-84.438255,39.139256]}},{"type":"Feature","properties":{"stop_id":"ERISTJo","stop_name":"ERIE AVE & SAINT JOHNS AVE"},"geometry":{"type":"Point","coordinates":[-84.426323,39.137936]}},{"type":"Feature","properties":{"stop_id":"ERITHOo","stop_name":"ERIE AVE & THOBURNE ST"},"geometry":{"type":"Point","coordinates":[-84.393639,39.157269]}},{"type":"Feature","properties":{"stop_id":"ERIWHEi","stop_name":"ERIE AVE & WHETSEL AVE"},"geometry":{"type":"Point","coordinates":[-84.393982,39.157379]}},{"type":"Feature","properties":{"stop_id":"ERIWHIi","stop_name":"ERIE AVE & WHITNEY PL"},"geometry":{"type":"Point","coordinates":[-84.398308,39.154705]}},{"type":"Feature","properties":{"stop_id":"ERIWHIo","stop_name":"ERIE AVE & WHITNEY PL"},"geometry":{"type":"Point","coordinates":[-84.398323,39.154453]}},{"type":"Feature","properties":{"stop_id":"ERKDURe","stop_name":"ERKENBRECHER AVE & DURY AVE"},"geometry":{"type":"Point","coordinates":[-84.505655,39.142296]}},{"type":"Feature","properties":{"stop_id":"ERKDURw","stop_name":"ERKENBRECHER AVE & DURY AVE"},"geometry":{"type":"Point","coordinates":[-84.50576,39.142136]}},{"type":"Feature","properties":{"stop_id":"EST4530o","stop_name":"ESTE AVE 4530"},"geometry":{"type":"Point","coordinates":[-84.512199,39.172031]}},{"type":"Feature","properties":{"stop_id":"EST4531i","stop_name":"ESTE AVE 4531"},"geometry":{"type":"Point","coordinates":[-84.512543,39.17202]}},{"type":"Feature","properties":{"stop_id":"EST4817i","stop_name":"ESTE AVE 4817"},"geometry":{"type":"Point","coordinates":[-84.508438,39.177876]}},{"type":"Feature","properties":{"stop_id":"EST4818o","stop_name":"ESTE AVE 4818"},"geometry":{"type":"Point","coordinates":[-84.508339,39.178055]}},{"type":"Feature","properties":{"stop_id":"EST5265i","stop_name":"ESTE AVE 5265"},"geometry":{"type":"Point","coordinates":[-84.50444,39.182564]}},{"type":"Feature","properties":{"stop_id":"EST5278o","stop_name":"ESTE AVE 5278"},"geometry":{"type":"Point","coordinates":[-84.504303,39.182438]}},{"type":"Feature","properties":{"stop_id":"EST5722o","stop_name":"ESTE AVE 5722"},"geometry":{"type":"Point","coordinates":[-84.500366,39.185783]}},{"type":"Feature","properties":{"stop_id":"EST5753i","stop_name":"ESTE AVE 5723"},"geometry":{"type":"Point","coordinates":[-84.498891,39.187269]}},{"type":"Feature","properties":{"stop_id":"EST6210i","stop_name":"ESTE AVE 6210"},"geometry":{"type":"Point","coordinates":[-84.492569,39.192368]}},{"type":"Feature","properties":{"stop_id":"EST6250e","stop_name":"ESTE AVE 6250"},"geometry":{"type":"Point","coordinates":[-84.492569,39.192162]}},{"type":"Feature","properties":{"stop_id":"EST6325w","stop_name":"ESTE AVE 6325"},"geometry":{"type":"Point","coordinates":[-84.490128,39.194534]}},{"type":"Feature","properties":{"stop_id":"EST6350e","stop_name":"ESTE AVE 6350"},"geometry":{"type":"Point","coordinates":[-84.489944,39.194561]}},{"type":"Feature","properties":{"stop_id":"ESTCENe","stop_name":"ESTE AVE & CENTER HILL AVE"},"geometry":{"type":"Point","coordinates":[-84.497414,39.188278]}},{"type":"Feature","properties":{"stop_id":"ESTCENi","stop_name":"ESTE AVE & CENTER HILL AVE"},"geometry":{"type":"Point","coordinates":[-84.497734,39.188251]}},{"type":"Feature","properties":{"stop_id":"ESTCHIi","stop_name":"ESTE AVE & CHICKERING AVE"},"geometry":{"type":"Point","coordinates":[-84.510798,39.1734]}},{"type":"Feature","properties":{"stop_id":"ESTCHIo","stop_name":"ESTE AVE & CHICKERING AVE"},"geometry":{"type":"Point","coordinates":[-84.511108,39.172924]}},{"type":"Feature","properties":{"stop_id":"ESTELAY","stop_name":"ESTE AVE LAYOVER"},"geometry":{"type":"Point","coordinates":[-84.489761,39.194721]}},{"type":"Feature","properties":{"stop_id":"ESTESTi","stop_name":"ESTE AVE & ESTECREEK RD"},"geometry":{"type":"Point","coordinates":[-84.506615,39.181225]}},{"type":"Feature","properties":{"stop_id":"ESTESTo","stop_name":"ESTE AVE & ESTECREEK DR"},"geometry":{"type":"Point","coordinates":[-84.506699,39.180973]}},{"type":"Feature","properties":{"stop_id":"ESWIENFo","stop_name":"ESWIN ST & ENFIELD ST"},"geometry":{"type":"Point","coordinates":[-84.522301,39.270119]}},{"type":"Feature","properties":{"stop_id":"EUCFOWi","stop_name":"EUCLID AVE & FOWLER AVE"},"geometry":{"type":"Point","coordinates":[-84.366425,39.191399]}},{"type":"Feature","properties":{"stop_id":"EUCFOWo","stop_name":"EUCLID AVE & FOWLER AVE"},"geometry":{"type":"Point","coordinates":[-84.366356,39.191235]}},{"type":"Feature","properties":{"stop_id":"EUCHOSi","stop_name":"EUCLID AVE & HOSBROOK RD"},"geometry":{"type":"Point","coordinates":[-84.369865,39.191593]}},{"type":"Feature","properties":{"stop_id":"EUCHOSo","stop_name":"EUCLID AVE & HOSBROOK RD"},"geometry":{"type":"Point","coordinates":[-84.37014,39.191452]}},{"type":"Feature","properties":{"stop_id":"EUCKENi","stop_name":"EUCLID AVE & KENWOOD RD"},"geometry":{"type":"Point","coordinates":[-84.381042,39.192188]}},{"type":"Feature","properties":{"stop_id":"EUCKENo","stop_name":"EUCLID AVE & KENWOOD RD"},"geometry":{"type":"Point","coordinates":[-84.380997,39.192028]}},{"type":"Feature","properties":{"stop_id":"EUCMAPi","stop_name":"EUCLID AVE & MAPLE AVE"},"geometry":{"type":"Point","coordinates":[-84.364204,39.191299]}},{"type":"Feature","properties":{"stop_id":"EUCMAPo","stop_name":"EUCLID AVE & MAPLE AVE"},"geometry":{"type":"Point","coordinates":[-84.364479,39.191147]}},{"type":"Feature","properties":{"stop_id":"EUCMICi","stop_name":"EUCLID AVE & MICHAEL LN"},"geometry":{"type":"Point","coordinates":[-84.379349,39.192108]}},{"type":"Feature","properties":{"stop_id":"EUCMICo","stop_name":"EUCLID AVE & MICHAEL LN"},"geometry":{"type":"Point","coordinates":[-84.379501,39.191956]}},{"type":"Feature","properties":{"stop_id":"EUCNODi","stop_name":"EUCLID AVE & NODDING WAY"},"geometry":{"type":"Point","coordinates":[-84.375824,39.191929]}},{"type":"Feature","properties":{"stop_id":"EUCNODo","stop_name":"EUCLID AVE & NODDING WAY"},"geometry":{"type":"Point","coordinates":[-84.375862,39.191811]}},{"type":"Feature","properties":{"stop_id":"EUCTAFi","stop_name":"EUCLID AVENUE & TAFT ROAD"},"geometry":{"type":"Point","coordinates":[-84.508842,39.127804]}},{"type":"Feature","properties":{"stop_id":"EUCTAFo","stop_name":"EUCLID AVE & TAFT RD"},"geometry":{"type":"Point","coordinates":[-84.508575,39.12817]}},{"type":"Feature","properties":{"stop_id":"EUCTIKIi","stop_name":"EUCLID AVE & TIKI AVE"},"geometry":{"type":"Point","coordinates":[-84.372772,39.19175]}},{"type":"Feature","properties":{"stop_id":"EUCTIKIo","stop_name":"EUCLID AVE & TIKI AVE"},"geometry":{"type":"Point","coordinates":[-84.372177,39.191563]}},{"type":"Feature","properties":{"stop_id":"EVACADe","stop_name":"Evanston Academy Eastbound"},"geometry":{"type":"Point","coordinates":[-84.470413,39.135222]}},{"type":"Feature","properties":{"stop_id":"EVACADw","stop_name":"Evanston Academy Westbound"},"geometry":{"type":"Point","coordinates":[-84.470461,39.135315]}},{"type":"Feature","properties":{"stop_id":"EVECOM","stop_name":"EVENDALE COMMONS DR"},"geometry":{"type":"Point","coordinates":[-84.430176,39.250687]}},{"type":"Feature","properties":{"stop_id":"EZZ845","stop_name":"EZZARD CHARLES DR 845"},"geometry":{"type":"Point","coordinates":[-84.52993,39.109356]}},{"type":"Feature","properties":{"stop_id":"EZZCENe","stop_name":"EZZARD CHARLES DR & CENTRAL AVE"},"geometry":{"type":"Point","coordinates":[-84.521698,39.108971]}},{"type":"Feature","properties":{"stop_id":"EZZCPi","stop_name":"EZZARD CHARLES DR & CENTRAL PKWY"},"geometry":{"type":"Point","coordinates":[-84.520248,39.109238]}},{"type":"Feature","properties":{"stop_id":"EZZCUTe","stop_name":"EZZARD CHARLES DR & CUTTER ST"},"geometry":{"type":"Point","coordinates":[-84.525581,39.109081]}},{"type":"Feature","properties":{"stop_id":"EZZCUTw","stop_name":"EZZARD CHARLES DR & CUTTER ST"},"geometry":{"type":"Point","coordinates":[-84.525139,39.109219]}},{"type":"Feature","properties":{"stop_id":"EZZJOHe","stop_name":"EZZARD CHARLES DR & JOHN ST"},"geometry":{"type":"Point","coordinates":[-84.523338,39.10894]}},{"type":"Feature","properties":{"stop_id":"EZZJOHw","stop_name":"EZZARD CHARLES DR & JOHN ST"},"geometry":{"type":"Point","coordinates":[-84.523155,39.109112]}},{"type":"Feature","properties":{"stop_id":"EZZLINe","stop_name":"EZZARD CHARLES DR & LINN ST"},"geometry":{"type":"Point","coordinates":[-84.527985,39.109234]}},{"type":"Feature","properties":{"stop_id":"EZZLINw","stop_name":"EZZARD CHARLES DR & LINN ST"},"geometry":{"type":"Point","coordinates":[-84.527588,39.109287]}},{"type":"Feature","properties":{"stop_id":"EZZWESw","stop_name":"EZZARD CHARLES DR & WESTERN AVE"},"geometry":{"type":"Point","coordinates":[-84.53199,39.109756]}},{"type":"Feature","properties":{"stop_id":"EZZWINe","stop_name":"EZZARD CHARLES DR & WINCHELL AVE"},"geometry":{"type":"Point","coordinates":[-84.531128,39.109356]}},{"type":"Feature","properties":{"stop_id":"EZZWINw","stop_name":"EZZARD CHARLES DR & WINCHELL AVE"},"geometry":{"type":"Point","coordinates":[-84.53064,39.109623]}},{"type":"Feature","properties":{"stop_id":"FAI260o","stop_name":"260 FAIRBANKS AVE"},"geometry":{"type":"Point","coordinates":[-84.573883,39.09235]}},{"type":"Feature","properties":{"stop_id":"FAIDELi","stop_name":"FAIRBANKS AVE & DELHI RD"},"geometry":{"type":"Point","coordinates":[-84.574147,39.093088]}},{"type":"Feature","properties":{"stop_id":"FAIFAIe","stop_name":"FAIRFAX AVE & FAIRFIELD AVE"},"geometry":{"type":"Point","coordinates":[-84.47245,39.135323]}},{"type":"Feature","properties":{"stop_id":"FAIKINn","stop_name":"FAIRFIELD AVE & KINNEY AVE"},"geometry":{"type":"Point","coordinates":[-84.472046,39.136654]}},{"type":"Feature","properties":{"stop_id":"FAIMEIn","stop_name":"FAIRFIELD MEIJER & KOLB DR"},"geometry":{"type":"Point","coordinates":[-84.52548,39.30664]}},{"type":"Feature","properties":{"stop_id":"FAIRSEDi","stop_name":"FAIRBANKS AVE & SEDAM ST"},"geometry":{"type":"Point","coordinates":[-84.569725,39.089092]}},{"type":"Feature","properties":{"stop_id":"FAIRSEDo","stop_name":"FAIRBANKS AVE & SEDAM ST"},"geometry":{"type":"Point","coordinates":[-84.569984,39.089504]}},{"type":"Feature","properties":{"stop_id":"FERFOUi","stop_name":"FERGUSON Road & FOURTOWERS"},"geometry":{"type":"Point","coordinates":[-84.600212,39.133652]}},{"type":"Feature","properties":{"stop_id":"FERFOUo","stop_name":"FERGUSON  & FOURTOWERS Drive"},"geometry":{"type":"Point","coordinates":[-84.60041,39.133739]}},{"type":"Feature","properties":{"stop_id":"FERGLEe","stop_name":"FERGUSON RD & GLENHILLS WAY"},"geometry":{"type":"Point","coordinates":[-84.600788,39.127989]}},{"type":"Feature","properties":{"stop_id":"FERGLEo","stop_name":"FERGUSON RD & GLENWAY AVE"},"geometry":{"type":"Point","coordinates":[-84.601891,39.122887]}},{"type":"Feature","properties":{"stop_id":"FERGLEw","stop_name":"FERGUSON RD & GLENHILLS WAY"},"geometry":{"type":"Point","coordinates":[-84.60096,39.128311]}},{"type":"Feature","properties":{"stop_id":"FERHEGi","stop_name":"FERGUSON RD & HEGRY CIR"},"geometry":{"type":"Point","coordinates":[-84.600563,39.13026]}},{"type":"Feature","properties":{"stop_id":"FERHEGo","stop_name":"FERGUSON RD & HEGRY CIR"},"geometry":{"type":"Point","coordinates":[-84.600754,39.130527]}},{"type":"Feature","properties":{"stop_id":"FERSHIi","stop_name":"FERGUSON RD & SHIRLEY PL"},"geometry":{"type":"Point","coordinates":[-84.600998,39.12619]}},{"type":"Feature","properties":{"stop_id":"FERWESn","stop_name":"FERGUSON RD & WESTBROOK DR"},"geometry":{"type":"Point","coordinates":[-84.599716,39.138496]}},{"type":"Feature","properties":{"stop_id":"FERWESo","stop_name":"FERGUSON RD & WESTBROOK DR"},"geometry":{"type":"Point","coordinates":[-84.599892,39.138836]}},{"type":"Feature","properties":{"stop_id":"FERWTAi","stop_name":"FERGUSON RD & WEST TOWER AVE"},"geometry":{"type":"Point","coordinates":[-84.600349,39.132347]}},{"type":"Feature","properties":{"stop_id":"FERWTAo","stop_name":"FERGUSON RD & WEST TOWER AVE"},"geometry":{"type":"Point","coordinates":[-84.600525,39.132622]}},{"type":"Feature","properties":{"stop_id":"FIVNIMo","stop_name":"FIVE MILE RD & NIMITZVIEW DR"},"geometry":{"type":"Point","coordinates":[-84.352356,39.069267]}},{"type":"Feature","properties":{"stop_id":"FIVWOOo","stop_name":"FIVE MILE RD & WOODCROFT DR"},"geometry":{"type":"Point","coordinates":[-84.351967,39.064281]}},{"type":"Feature","properties":{"stop_id":"FOR215o","stop_name":"FOREST AVE 215"},"geometry":{"type":"Point","coordinates":[-84.504503,39.146606]}},{"type":"Feature","properties":{"stop_id":"FOR330i","stop_name":"FOREST AVE 330"},"geometry":{"type":"Point","coordinates":[-84.501175,39.146412]}},{"type":"Feature","properties":{"stop_id":"FOR333o","stop_name":"FOREST AVE 333"},"geometry":{"type":"Point","coordinates":[-84.501137,39.146252]}},{"type":"Feature","properties":{"stop_id":"FOR430i","stop_name":"FOREST AVE 430"},"geometry":{"type":"Point","coordinates":[-84.498161,39.14621]}},{"type":"Feature","properties":{"stop_id":"FOR647o","stop_name":"FOREST AVE 647"},"geometry":{"type":"Point","coordinates":[-84.492432,39.145576]}},{"type":"Feature","properties":{"stop_id":"FORHARo","stop_name":"FOREST AVE & HARVEY AVE"},"geometry":{"type":"Point","coordinates":[-84.497803,39.146011]}},{"type":"Feature","properties":{"stop_id":"FORREAe","stop_name":"FOREST AVE & READING RD"},"geometry":{"type":"Point","coordinates":[-84.491377,39.144568]}},{"type":"Feature","properties":{"stop_id":"FORREAw","stop_name":"FOREST AVE & READING RD"},"geometry":{"type":"Point","coordinates":[-84.491364,39.144733]}},{"type":"Feature","properties":{"stop_id":"FORWASi","stop_name":"FOREST AVE & WASHINGTON AVE"},"geometry":{"type":"Point","coordinates":[-84.495338,39.145798]}},{"type":"Feature","properties":{"stop_id":"FORWASo","stop_name":"FOREST AVE & WASHINGTON AVE"},"geometry":{"type":"Point","coordinates":[-84.495033,39.145943]}},{"type":"Feature","properties":{"stop_id":"FORWILi","stop_name":"FOREST AVE & WILSON AVE"},"geometry":{"type":"Point","coordinates":[-84.50295,39.146348]}},{"type":"Feature","properties":{"stop_id":"FPP&Ri","stop_name":"FOREST PARK PARK & RIDE"},"geometry":{"type":"Point","coordinates":[-84.522614,39.293709]}},{"type":"Feature","properties":{"stop_id":"GAL370w","stop_name":"Galbraith 370 WB"},"geometry":{"type":"Point","coordinates":[-84.489662,39.215469]}},{"type":"Feature","properties":{"stop_id":"GAL375e","stop_name":"Galbraith & 375 EB"},"geometry":{"type":"Point","coordinates":[-84.489906,39.215469]}},{"type":"Feature","properties":{"stop_id":"GAL5531i","stop_name":"GALBRAITH RD 5531"},"geometry":{"type":"Point","coordinates":[-84.375145,39.206089]}},{"type":"Feature","properties":{"stop_id":"GAL5532o","stop_name":"GALBRAITH RD 5532"},"geometry":{"type":"Point","coordinates":[-84.375076,39.206242]}},{"type":"Feature","properties":{"stop_id":"GAL6350o","stop_name":"GALBRAITH RD 6350"},"geometry":{"type":"Point","coordinates":[-84.369865,39.205582]}},{"type":"Feature","properties":{"stop_id":"GAL6401i","stop_name":"GALBRAITH RD 6401"},"geometry":{"type":"Point","coordinates":[-84.371872,39.205685]}},{"type":"Feature","properties":{"stop_id":"GAL6401o","stop_name":"GALBRAITH RD 6401"},"geometry":{"type":"Point","coordinates":[-84.371613,39.205811]}},{"type":"Feature","properties":{"stop_id":"GALBANe","stop_name":"GALBRAITH RD & BANBURY ST"},"geometry":{"type":"Point","coordinates":[-84.478912,39.213367]}},{"type":"Feature","properties":{"stop_id":"GALBANw","stop_name":"Galbraith & Banbury WB"},"geometry":{"type":"Point","coordinates":[-84.478683,39.213493]}},{"type":"Feature","properties":{"stop_id":"GALBETe","stop_name":"GALBRAITH RD & BETTS AVE"},"geometry":{"type":"Point","coordinates":[-84.556786,39.218197]}},{"type":"Feature","properties":{"stop_id":"GALBETw","stop_name":"GALBRAITH RD & BETTS AVE"},"geometry":{"type":"Point","coordinates":[-84.55658,39.218349]}},{"type":"Feature","properties":{"stop_id":"GALBLUi","stop_name":"GALBRAITH RD & BLUE ASH RD"},"geometry":{"type":"Point","coordinates":[-84.390732,39.207619]}},{"type":"Feature","properties":{"stop_id":"GALBLUo","stop_name":"GALBRAITH RD & BLUE ASH RD"},"geometry":{"type":"Point","coordinates":[-84.390648,39.207806]}},{"type":"Feature","properties":{"stop_id":"GalBurE","stop_name":"Galbraith & Burkhart Eastbound"},"geometry":{"type":"Point","coordinates":[-84.449478,39.211643]}},{"type":"Feature","properties":{"stop_id":"GalBurW","stop_name":"Galbraith & Burkhart Westbound"},"geometry":{"type":"Point","coordinates":[-84.44883,39.211727]}},{"type":"Feature","properties":{"stop_id":"GALCLAe","stop_name":"Galbraith and Clara EB"},"geometry":{"type":"Point","coordinates":[-84.584282,39.21981]}},{"type":"Feature","properties":{"stop_id":"GALCLAw","stop_name":"Galbraith and Clara"},"geometry":{"type":"Point","coordinates":[-84.584251,39.220001]}},{"type":"Feature","properties":{"stop_id":"GALCLOe","stop_name":"GALBRAITH RD & CLOVERNOOK AVE"},"geometry":{"type":"Point","coordinates":[-84.538338,39.21664]}},{"type":"Feature","properties":{"stop_id":"GALCLOw","stop_name":"GALBRAITH RD & CLOVERNOOK AVE"},"geometry":{"type":"Point","coordinates":[-84.537979,39.216766]}},{"type":"Feature","properties":{"stop_id":"GALDALe","stop_name":"GALBRAITH RD & DALY RD"},"geometry":{"type":"Point","coordinates":[-84.531326,39.215942]}},{"type":"Feature","properties":{"stop_id":"GALDALo","stop_name":"GALBRAITH RD & DALY RD"},"geometry":{"type":"Point","coordinates":[-84.531662,39.216129]}},{"type":"Feature","properties":{"stop_id":"GALDIAi","stop_name":"GALBRAITH RD & DIANNA DR"},"geometry":{"type":"Point","coordinates":[-84.566338,39.218876]}},{"type":"Feature","properties":{"stop_id":"GALDIAo","stop_name":"GALBRAITH RD & DIANNA DR"},"geometry":{"type":"Point","coordinates":[-84.566177,39.218918]}},{"type":"Feature","properties":{"stop_id":"GALFONe","stop_name":"E. GALBRAITH RD. & FONTAINE CT."},"geometry":{"type":"Point","coordinates":[-84.40918,39.209061]}},{"type":"Feature","properties":{"stop_id":"GALFROi","stop_name":"GALBRAITH RD & FROLIC DR"},"geometry":{"type":"Point","coordinates":[-84.382141,39.206867]}},{"type":"Feature","properties":{"stop_id":"GALFROo","stop_name":"GALBRAITH RD & FROLIC DR"},"geometry":{"type":"Point","coordinates":[-84.382271,39.207047]}},{"type":"Feature","properties":{"stop_id":"GALGATw","stop_name":"Galbraith & Gatehouse Dr. WB"},"geometry":{"type":"Point","coordinates":[-84.483437,39.213921]}},{"type":"Feature","properties":{"stop_id":"GALGOOe","stop_name":"Galbraith & Goodman EB"},"geometry":{"type":"Point","coordinates":[-84.546219,39.217419]}},{"type":"Feature","properties":{"stop_id":"GALGOOw","stop_name":"Galbraith & Goodman WB"},"geometry":{"type":"Point","coordinates":[-84.546562,39.217602]}},{"type":"Feature","properties":{"stop_id":"GALGWIw","stop_name":"E. GALBRAITH RD. & GWILADA DR."},"geometry":{"type":"Point","coordinates":[-84.408875,39.209206]}},{"type":"Feature","properties":{"stop_id":"GALHAMe","stop_name":"GALBRAITH RD & HAMILTON AVE"},"geometry":{"type":"Point","coordinates":[-84.550377,39.217854]}},{"type":"Feature","properties":{"stop_id":"GALHAMw","stop_name":"GALBRAITH RD & HAMILTON AVE"},"geometry":{"type":"Point","coordinates":[-84.548523,39.217812]}},{"type":"Feature","properties":{"stop_id":"GALHARe","stop_name":"Gailbrath & Harvest EB"},"geometry":{"type":"Point","coordinates":[-84.434357,39.210888]}},{"type":"Feature","properties":{"stop_id":"GALHARw","stop_name":"Galbraith & Harvest WB"},"geometry":{"type":"Point","coordinates":[-84.434227,39.210949]}},{"type":"Feature","properties":{"stop_id":"GalHeme","stop_name":"Galbraith & Hemphill Eastbound"},"geometry":{"type":"Point","coordinates":[-84.401871,39.208569]}},{"type":"Feature","properties":{"stop_id":"GALHEMo","stop_name":"GALBRAITH RD & HEMPHILL WAY"},"geometry":{"type":"Point","coordinates":[-84.402628,39.208762]}},{"type":"Feature","properties":{"stop_id":"GALHOLe","stop_name":"Galbraith and Hollybrook"},"geometry":{"type":"Point","coordinates":[-84.569786,39.219055]}},{"type":"Feature","properties":{"stop_id":"GALHOLw","stop_name":"Galbraith and Hollybrook"},"geometry":{"type":"Point","coordinates":[-84.569679,39.219151]}},{"type":"Feature","properties":{"stop_id":"GALJACe","stop_name":"Galbraith Rd & Jackies Dr"},"geometry":{"type":"Point","coordinates":[-84.579994,39.219612]}},{"type":"Feature","properties":{"stop_id":"GALJACw","stop_name":"Galbraith & Jackies WB"},"geometry":{"type":"Point","coordinates":[-84.58065,39.219761]}},{"type":"Feature","properties":{"stop_id":"GALKENi","stop_name":"GALBRAITH RD & KENWOODRD"},"geometry":{"type":"Point","coordinates":[-84.378448,39.20649]}},{"type":"Feature","properties":{"stop_id":"GALKENo","stop_name":"GALBRAITH RD & KENWOOD RD"},"geometry":{"type":"Point","coordinates":[-84.378548,39.206669]}},{"type":"Feature","properties":{"stop_id":"GALLAKe","stop_name":"Galbraith Rd at Lakeshore Dr"},"geometry":{"type":"Point","coordinates":[-84.442018,39.211052]}},{"type":"Feature","properties":{"stop_id":"GALLAKo","stop_name":"GALBRAITH RD & LAKE AVE"},"geometry":{"type":"Point","coordinates":[-84.395935,39.208263]}},{"type":"Feature","properties":{"stop_id":"GALMARe","stop_name":"GALBRAITH RD & MARVIN AVE"},"geometry":{"type":"Point","coordinates":[-84.542336,39.21703]}},{"type":"Feature","properties":{"stop_id":"GALMARw","stop_name":"GALBRAITH RD & MARVIN AVE"},"geometry":{"type":"Point","coordinates":[-84.542038,39.217167]}},{"type":"Feature","properties":{"stop_id":"GALMEAe","stop_name":"GALBRAITH RD & MEARL AVE"},"geometry":{"type":"Point","coordinates":[-84.553024,39.21796]}},{"type":"Feature","properties":{"stop_id":"GALMEAw","stop_name":"GALBRAITH RD & MEARL AVE"},"geometry":{"type":"Point","coordinates":[-84.552811,39.218109]}},{"type":"Feature","properties":{"stop_id":"GALMOCw","stop_name":"GALBRAITH RD & MOCKINGBIRD LN"},"geometry":{"type":"Point","coordinates":[-84.525223,39.216038]}},{"type":"Feature","properties":{"stop_id":"GALMONi","stop_name":"GALBRAITH RD & MONTGOMERY RD"},"geometry":{"type":"Point","coordinates":[-84.368851,39.205265]}},{"type":"Feature","properties":{"stop_id":"GALMONo","stop_name":"GALBRAITH RD & MONROE AVE"},"geometry":{"type":"Point","coordinates":[-84.386154,39.207397]}},{"type":"Feature","properties":{"stop_id":"GALMONTo","stop_name":"GALBRAITH RD & MONTGOMERY RD"},"geometry":{"type":"Point","coordinates":[-84.368714,39.20544]}},{"type":"Feature","properties":{"stop_id":"GALMULe","stop_name":"GALBRAITH RD & MULBERRY ST"},"geometry":{"type":"Point","coordinates":[-84.559364,39.218365]}},{"type":"Feature","properties":{"stop_id":"GALMULw","stop_name":"GALBRAITH RD & MULBERRY ST"},"geometry":{"type":"Point","coordinates":[-84.559174,39.218513]}},{"type":"Feature","properties":{"stop_id":"GALNIEe","stop_name":"GALBRAITH RD & NIEMAN DR"},"geometry":{"type":"Point","coordinates":[-84.52549,39.215878]}},{"type":"Feature","properties":{"stop_id":"GALPIPi","stop_name":"GALBRAITH RD & PIPPIN RD"},"geometry":{"type":"Point","coordinates":[-84.572662,39.21917]}},{"type":"Feature","properties":{"stop_id":"GALPIPo","stop_name":"GALBRAITH RD & PIPPIN RD"},"geometry":{"type":"Point","coordinates":[-84.572914,39.219337]}},{"type":"Feature","properties":{"stop_id":"GALPLAi","stop_name":"GALBRAITH RD & PLAINFIELD RD"},"geometry":{"type":"Point","coordinates":[-84.398521,39.208321]}},{"type":"Feature","properties":{"stop_id":"GalReaW","stop_name":"Galbraith & Reading Rd Westbound"},"geometry":{"type":"Point","coordinates":[-84.445013,39.211376]}},{"type":"Feature","properties":{"stop_id":"GALRICi","stop_name":"GALBRAITH RD & RICHMOND AVE"},"geometry":{"type":"Point","coordinates":[-84.385452,39.207165]}},{"type":"Feature","properties":{"stop_id":"GALRIDe","stop_name":"Galbraith & Ridge EB"},"geometry":{"type":"Point","coordinates":[-84.426735,39.210045]}},{"type":"Feature","properties":{"stop_id":"GALRIDw","stop_name":"Galbraith & Ridge WB"},"geometry":{"type":"Point","coordinates":[-84.426826,39.210285]}},{"type":"Feature","properties":{"stop_id":"GALSPRVe","stop_name":"Galbraith & Springvalley EB"},"geometry":{"type":"Point","coordinates":[-84.419037,39.209686]}},{"type":"Feature","properties":{"stop_id":"GALSPRw","stop_name":"GALBRAITH RD & SPRINGVALLEY"},"geometry":{"type":"Point","coordinates":[-84.418983,39.209881]}},{"type":"Feature","properties":{"stop_id":"GALTRIe","stop_name":"Galbraith & Tri-Health EB"},"geometry":{"type":"Point","coordinates":[-84.510338,39.215595]}},{"type":"Feature","properties":{"stop_id":"GALTRIw","stop_name":"Galbraith & Tri-Health WB"},"geometry":{"type":"Point","coordinates":[-84.509743,39.215797]}},{"type":"Feature","properties":{"stop_id":"GALUOCe","stop_name":"Galbraith & UC Eastbound"},"geometry":{"type":"Point","coordinates":[-84.44548,39.2113]}},{"type":"Feature","properties":{"stop_id":"GalVinE","stop_name":"Galbraith Rd & Vine St EB"},"geometry":{"type":"Point","coordinates":[-84.473656,39.212288]}},{"type":"Feature","properties":{"stop_id":"GalVinW","stop_name":"Galbraith & Vine Westbound"},"geometry":{"type":"Point","coordinates":[-84.473953,39.212479]}},{"type":"Feature","properties":{"stop_id":"GalWale","stop_name":"Galbraith & Waldman Eastbound"},"geometry":{"type":"Point","coordinates":[-84.458916,39.212025]}},{"type":"Feature","properties":{"stop_id":"GalWalw","stop_name":"Galbraith & Waldman Westbound"},"geometry":{"type":"Point","coordinates":[-84.45916,39.212204]}},{"type":"Feature","properties":{"stop_id":"GALWINe","stop_name":"GALBRAITH RD & WINTON RD"},"geometry":{"type":"Point","coordinates":[-84.517746,39.215775]}},{"type":"Feature","properties":{"stop_id":"GALWINw","stop_name":"GALBRAITH RD & WINTON RD"},"geometry":{"type":"Point","coordinates":[-84.518738,39.216026]}},{"type":"Feature","properties":{"stop_id":"GALWOOe","stop_name":"Galbraith & Woodbine EB"},"geometry":{"type":"Point","coordinates":[-84.467773,39.212273]}},{"type":"Feature","properties":{"stop_id":"GALWOOw","stop_name":"Galbraith & Woodbine WB"},"geometry":{"type":"Point","coordinates":[-84.467674,39.212349]}},{"type":"Feature","properties":{"stop_id":"GATSYCn","stop_name":"GATEWAY PL & SYCAMORE CREEK"},"geometry":{"type":"Point","coordinates":[-84.384552,39.248215]}},{"type":"Feature","properties":{"stop_id":"GATSYCs","stop_name":"GATEWAY PL & SYCAMORE CREEK"},"geometry":{"type":"Point","coordinates":[-84.38485,39.24807]}},{"type":"Feature","properties":{"stop_id":"GCTCa","stop_name":"Glenway Crossing Transit Center A"},"geometry":{"type":"Point","coordinates":[-84.614937,39.130447]}},{"type":"Feature","properties":{"stop_id":"GCTCb","stop_name":"Glenway Crossing Transit Center B"},"geometry":{"type":"Point","coordinates":[-84.615143,39.130398]}},{"type":"Feature","properties":{"stop_id":"GCTCc","stop_name":"Glenway Crossing Transit Center C"},"geometry":{"type":"Point","coordinates":[-84.615349,39.130344]}},{"type":"Feature","properties":{"stop_id":"GCTCd","stop_name":"Glenway Crossing Transit Center D"},"geometry":{"type":"Point","coordinates":[-84.615298,39.130163]}},{"type":"Feature","properties":{"stop_id":"GESDALi","stop_name":"GEST ST & DALTON AVE"},"geometry":{"type":"Point","coordinates":[-84.536705,39.106808]}},{"type":"Feature","properties":{"stop_id":"GESDALo","stop_name":"GEST ST & DALTON AVE"},"geometry":{"type":"Point","coordinates":[-84.537064,39.107002]}},{"type":"Feature","properties":{"stop_id":"GESEVAi","stop_name":"GEST ST & EVANS ST"},"geometry":{"type":"Point","coordinates":[-84.548271,39.107574]}},{"type":"Feature","properties":{"stop_id":"GESEVAo","stop_name":"GEST ST & EVANS ST"},"geometry":{"type":"Point","coordinates":[-84.547829,39.1077]}},{"type":"Feature","properties":{"stop_id":"GESSTAe","stop_name":"GEST ST & STATE AVE"},"geometry":{"type":"Point","coordinates":[-84.552216,39.107998]}},{"type":"Feature","properties":{"stop_id":"GHO634w","stop_name":"GHOLSON AVE 634"},"geometry":{"type":"Point","coordinates":[-84.492989,39.149921]}},{"type":"Feature","properties":{"stop_id":"GHO635e","stop_name":"GHOLSON AVE 635"},"geometry":{"type":"Point","coordinates":[-84.492699,39.149666]}},{"type":"Feature","properties":{"stop_id":"GHO662w","stop_name":"GHOLSON AVE 662"},"geometry":{"type":"Point","coordinates":[-84.491737,39.149601]}},{"type":"Feature","properties":{"stop_id":"GHO671e","stop_name":"GHOLSON AVE 671"},"geometry":{"type":"Point","coordinates":[-84.4916,39.149395]}},{"type":"Feature","properties":{"stop_id":"GHO686w","stop_name":"GHOLSON AVE 686"},"geometry":{"type":"Point","coordinates":[-84.490631,39.149326]}},{"type":"Feature","properties":{"stop_id":"GHOREAe","stop_name":"GHOLSON AVE & READING RD"},"geometry":{"type":"Point","coordinates":[-84.488602,39.148647]}},{"type":"Feature","properties":{"stop_id":"GHOWASw","stop_name":"GHOLSON AVE & WASHINGTON AVE"},"geometry":{"type":"Point","coordinates":[-84.49424,39.150089]}},{"type":"Feature","properties":{"stop_id":"GHP&Ri","stop_name":"GREEN HILLS PARK & RIDE"},"geometry":{"type":"Point","coordinates":[-84.521355,39.268925]}},{"type":"Feature","properties":{"stop_id":"GHP&Ro","stop_name":"GREENHILLS PARK & RIDE"},"geometry":{"type":"Point","coordinates":[-84.521202,39.269006]}},{"type":"Feature","properties":{"stop_id":"GIL1720o","stop_name":"GILBERT AVE 1720"},"geometry":{"type":"Point","coordinates":[-84.498611,39.11554]}},{"type":"Feature","properties":{"stop_id":"GIL1801i","stop_name":"GILBERT AVE 1801"},"geometry":{"type":"Point","coordinates":[-84.498611,39.11586]}},{"type":"Feature","properties":{"stop_id":"GIL3151i","stop_name":"GILBERT AVE 3151 (Walnut Hills HS)"},"geometry":{"type":"Point","coordinates":[-84.479889,39.137482]}},{"type":"Feature","properties":{"stop_id":"GIL3190o","stop_name":"GILBERT AVE 3190"},"geometry":{"type":"Point","coordinates":[-84.479713,39.137257]}},{"type":"Feature","properties":{"stop_id":"GILBEEi","stop_name":"GILBERT AVE & BEECHER ST"},"geometry":{"type":"Point","coordinates":[-84.48777,39.133572]}},{"type":"Feature","properties":{"stop_id":"GILBLAi","stop_name":"GILBERT AVE & BLAIR AVE"},"geometry":{"type":"Point","coordinates":[-84.484131,39.136375]}},{"type":"Feature","properties":{"stop_id":"GILBLAo","stop_name":"GILBERT AVE & BLAIR AVE"},"geometry":{"type":"Point","coordinates":[-84.483917,39.136292]}},{"type":"Feature","properties":{"stop_id":"GILBUEi","stop_name":"GILBERT AVE & BUENA VISTA PL"},"geometry":{"type":"Point","coordinates":[-84.486862,39.134537]}},{"type":"Feature","properties":{"stop_id":"GILBUEo","stop_name":"GILBERT AVE & BUENA VISTA PL"},"geometry":{"type":"Point","coordinates":[-84.487099,39.134216]}},{"type":"Feature","properties":{"stop_id":"GILCHAi","stop_name":"GILBERT AVE & CHAPEL ST"},"geometry":{"type":"Point","coordinates":[-84.488358,39.130997]}},{"type":"Feature","properties":{"stop_id":"GILCHAo","stop_name":"GILBERT AVE & CHAPEL ST"},"geometry":{"type":"Point","coordinates":[-84.488144,39.131054]}},{"type":"Feature","properties":{"stop_id":"GILCOUi","stop_name":"GILBERT AVE & COURT ST"},"geometry":{"type":"Point","coordinates":[-84.503601,39.108063]}},{"type":"Feature","properties":{"stop_id":"GILCOUo","stop_name":"GILBERT AVE & COURT ST"},"geometry":{"type":"Point","coordinates":[-84.504189,39.106892]}},{"type":"Feature","properties":{"stop_id":"GILDEEi","stop_name":"GILBERT AVE & DEERFIELD PL"},"geometry":{"type":"Point","coordinates":[-84.494835,39.120029]}},{"type":"Feature","properties":{"stop_id":"GILDEEo","stop_name":"GILBERT AVE & DEERFIELD PL"},"geometry":{"type":"Point","coordinates":[-84.494751,39.119835]}},{"type":"Feature","properties":{"stop_id":"GILDIXi","stop_name":"GILBERT AVE & DIXMONT AVE"},"geometry":{"type":"Point","coordinates":[-84.476707,39.137012]}},{"type":"Feature","properties":{"stop_id":"GILDURi","stop_name":"GILBERT AVE & DURRELL AVE"},"geometry":{"type":"Point","coordinates":[-84.478302,39.136837]}},{"type":"Feature","properties":{"stop_id":"GILDURo","stop_name":"GILBERT AVE & DURRELL AVE"},"geometry":{"type":"Point","coordinates":[-84.478455,39.136803]}},{"type":"Feature","properties":{"stop_id":"GILEDEi","stop_name":"GILBERT AVE & EDEN PARK DR"},"geometry":{"type":"Point","coordinates":[-84.497459,39.117157]}},{"type":"Feature","properties":{"stop_id":"GILEDEo","stop_name":"GILBERT AVE & EDEN PARK DR"},"geometry":{"type":"Point","coordinates":[-84.497215,39.117138]}},{"type":"Feature","properties":{"stop_id":"GILELSi","stop_name":"GILBERT AVE & ELSINORE PL"},"geometry":{"type":"Point","coordinates":[-84.499893,39.113644]}},{"type":"Feature","properties":{"stop_id":"GILELSo","stop_name":"GILBERT AVE & ELSINORE PL"},"geometry":{"type":"Point","coordinates":[-84.499794,39.113338]}},{"type":"Feature","properties":{"stop_id":"GILFLOi","stop_name":"GILBERT AVE & FLORENCE AVE"},"geometry":{"type":"Point","coordinates":[-84.491478,39.124111]}},{"type":"Feature","properties":{"stop_id":"GILGLEs","stop_name":"Gilsey at  Glenway"},"geometry":{"type":"Point","coordinates":[-84.581268,39.114437]}},{"type":"Feature","properties":{"stop_id":"GILKENi","stop_name":"GILBERT AVE & KENTON ST"},"geometry":{"type":"Point","coordinates":[-84.494087,39.12088]}},{"type":"Feature","properties":{"stop_id":"GILLIBn","stop_name":"GILSEY AVE & W. LIBERTY ST"},"geometry":{"type":"Point","coordinates":[-84.580902,39.117096]}},{"type":"Feature","properties":{"stop_id":"GILLINi","stop_name":"GILBERT AVE & LINCOLN AVE"},"geometry":{"type":"Point","coordinates":[-84.488098,39.132248]}},{"type":"Feature","properties":{"stop_id":"GILLINo","stop_name":"GILBERT AVE & LINCOLN AVE"},"geometry":{"type":"Point","coordinates":[-84.487923,39.13208]}},{"type":"Feature","properties":{"stop_id":"GILMCMo","stop_name":"PEEBLES CORNER - GILBERT & MCMILLAN"},"geometry":{"type":"Point","coordinates":[-84.490059,39.126244]}},{"type":"Feature","properties":{"stop_id":"GILMEIs","stop_name":"GILMORE RD & MEIJER"},"geometry":{"type":"Point","coordinates":[-84.523865,39.303841]}},{"type":"Feature","properties":{"stop_id":"GILMORi","stop_name":"GILBERT AVE & MORRIS ST"},"geometry":{"type":"Point","coordinates":[-84.49633,39.118397]}},{"type":"Feature","properties":{"stop_id":"GILMORo","stop_name":"GILBERT AVE & MORRIS ST"},"geometry":{"type":"Point","coordinates":[-84.495811,39.118675]}},{"type":"Feature","properties":{"stop_id":"GILNASo","stop_name":"GILBERT AVE & NASSAU ST"},"geometry":{"type":"Point","coordinates":[-84.494141,39.120548]}},{"type":"Feature","properties":{"stop_id":"GILOAKi","stop_name":"GILBERT AVE & OAK ST"},"geometry":{"type":"Point","coordinates":[-84.488594,39.129959]}},{"type":"Feature","properties":{"stop_id":"GILOAKo","stop_name":"GILBERT AVE & OAK ST"},"geometry":{"type":"Point","coordinates":[-84.488396,39.129948]}},{"type":"Feature","properties":{"stop_id":"GILROGo","stop_name":"GILBERT AVE & ROGERS PL"},"geometry":{"type":"Point","coordinates":[-84.491531,39.123573]}},{"type":"Feature","properties":{"stop_id":"GILTAFi","stop_name":"GILBERT AVE & TAFT RD"},"geometry":{"type":"Point","coordinates":[-84.489838,39.126999]}},{"type":"Feature","properties":{"stop_id":"GILTAFo","stop_name":"GILBERT AVE & TAFT RD"},"geometry":{"type":"Point","coordinates":[-84.489525,39.127266]}},{"type":"Feature","properties":{"stop_id":"GILVICi","stop_name":"GILBERT AVE & VICTORY PKWY"},"geometry":{"type":"Point","coordinates":[-84.481491,39.137985]}},{"type":"Feature","properties":{"stop_id":"GILVICo","stop_name":"GILBERT AVE & VICTORY PKWY"},"geometry":{"type":"Point","coordinates":[-84.482063,39.137745]}},{"type":"Feature","properties":{"stop_id":"GILWINi","stop_name":"GILBERT AVE & WINDSOR ST"},"geometry":{"type":"Point","coordinates":[-84.492447,39.122612]}},{"type":"Feature","properties":{"stop_id":"GILWINo","stop_name":"GILBERT AVE & WINDSOR ST"},"geometry":{"type":"Point","coordinates":[-84.492149,39.122681]}},{"type":"Feature","properties":{"stop_id":"GILWOOo","stop_name":"GILBERT AVE & WOODBURN AVE"},"geometry":{"type":"Point","coordinates":[-84.476059,39.13736]}},{"type":"Feature","properties":{"stop_id":"GL2598o","stop_name":"GLENWAY AVE 2598"},"geometry":{"type":"Point","coordinates":[-84.554283,39.109257]}},{"type":"Feature","properties":{"stop_id":"GLE2433i","stop_name":"GLENWAY AVE 2433"},"geometry":{"type":"Point","coordinates":[-84.554543,39.108704]}},{"type":"Feature","properties":{"stop_id":"GLE2614o","stop_name":"GLENWAY AVE 2614"},"geometry":{"type":"Point","coordinates":[-84.554756,39.110619]}},{"type":"Feature","properties":{"stop_id":"GLE2717i","stop_name":"GLENWAY AVE 2717"},"geometry":{"type":"Point","coordinates":[-84.555656,39.111233]}},{"type":"Feature","properties":{"stop_id":"GLE5243o","stop_name":"GLENWAY AVE 5243"},"geometry":{"type":"Point","coordinates":[-84.603409,39.124722]}},{"type":"Feature","properties":{"stop_id":"GLE6160o","stop_name":"GLENWAY AVE 6160"},"geometry":{"type":"Point","coordinates":[-84.621742,39.143944]}},{"type":"Feature","properties":{"stop_id":"GLE6173i","stop_name":"GLENWAY AVE 6173"},"geometry":{"type":"Point","coordinates":[-84.622116,39.143932]}},{"type":"Feature","properties":{"stop_id":"GLEAMAi","stop_name":"GLENWAY AVE & AMANDA PL"},"geometry":{"type":"Point","coordinates":[-84.589211,39.113106]}},{"type":"Feature","properties":{"stop_id":"GLEAMAo","stop_name":"GLENWAY AVE & AMANDA PL"},"geometry":{"type":"Point","coordinates":[-84.588921,39.113277]}},{"type":"Feature","properties":{"stop_id":"GLEANDi","stop_name":"GLENWAY AVE & ANDERSON FERRY RD"},"geometry":{"type":"Point","coordinates":[-84.613487,39.135811]}},{"type":"Feature","properties":{"stop_id":"GLEAPPi","stop_name":"GLENMORE AVE & APPLEGATE AVE"},"geometry":{"type":"Point","coordinates":[-84.612777,39.14885]}},{"type":"Feature","properties":{"stop_id":"GLEAVIi","stop_name":"GLENDALE MILFORD RD & AVIATION WAY"},"geometry":{"type":"Point","coordinates":[-84.441246,39.25349]}},{"type":"Feature","properties":{"stop_id":"GLEAVIo","stop_name":"GLENDALE MILFORD RD & AVIATION WAY"},"geometry":{"type":"Point","coordinates":[-84.442192,39.253986]}},{"type":"Feature","properties":{"stop_id":"GLEBOUi","stop_name":"GLENHILLS WAY & BOUDINOT AVE"},"geometry":{"type":"Point","coordinates":[-84.604918,39.128744]}},{"type":"Feature","properties":{"stop_id":"GLEBOUo","stop_name":"GLENHILLS WAY  & BOUDINOT AVE"},"geometry":{"type":"Point","coordinates":[-84.605064,39.128868]}},{"type":"Feature","properties":{"stop_id":"GLEBROs","stop_name":"GLENMORE AVE & BROADWELL AVE"},"geometry":{"type":"Point","coordinates":[-84.612999,39.148289]}},{"type":"Feature","properties":{"stop_id":"GLECARi","stop_name":"GLENWAY AVE & CARMANIA AVE"},"geometry":{"type":"Point","coordinates":[-84.595398,39.116383]}},{"type":"Feature","properties":{"stop_id":"GLECARo","stop_name":"GLENWAY AVE & CARMANIA AVE"},"geometry":{"type":"Point","coordinates":[-84.595825,39.116589]}},{"type":"Feature","properties":{"stop_id":"GLECASo","stop_name":"GLENWAY AVE & CASA LOMA BLVD"},"geometry":{"type":"Point","coordinates":[-84.604721,39.12664]}},{"type":"Feature","properties":{"stop_id":"GLECHESi","stop_name":"GLENDALE MILFORD RD & CHESTER RD"},"geometry":{"type":"Point","coordinates":[-84.456039,39.256645]}},{"type":"Feature","properties":{"stop_id":"GLECHESo","stop_name":"GLENDALE MILFORD RD & CHESTER RD"},"geometry":{"type":"Point","coordinates":[-84.456528,39.256851]}},{"type":"Feature","properties":{"stop_id":"GLECLEi","stop_name":"GLENWAY AVE & CLEVES WARSAW PIKE"},"geometry":{"type":"Point","coordinates":[-84.599401,39.118728]}},{"type":"Feature","properties":{"stop_id":"GLECLEo","stop_name":"GLENWAY AVE & CLEVES WARSAW PIKE"},"geometry":{"type":"Point","coordinates":[-84.598701,39.118111]}},{"type":"Feature","properties":{"stop_id":"GLECORi","stop_name":"GLENWAY AVE & CORRINE AVE"},"geometry":{"type":"Point","coordinates":[-84.616638,39.139393]}},{"type":"Feature","properties":{"stop_id":"GLECORo","stop_name":"GLENWAY AVE & CORRINE AVE"},"geometry":{"type":"Point","coordinates":[-84.616539,39.139568]}},{"type":"Feature","properties":{"stop_id":"GLEDAYi","stop_name":"GLENMORE AVE & DAYTONA AVE"},"geometry":{"type":"Point","coordinates":[-84.613144,39.146721]}},{"type":"Feature","properties":{"stop_id":"GLEDAYo","stop_name":"GLENMORE AVE & DAYTONA AVE"},"geometry":{"type":"Point","coordinates":[-84.6129,39.14706]}},{"type":"Feature","properties":{"stop_id":"GLEFEDi","stop_name":"GLENWAY AVE & FEDERAL DR"},"geometry":{"type":"Point","coordinates":[-84.619003,39.141949]}},{"type":"Feature","properties":{"stop_id":"GLEFEDo","stop_name":"GLENWAY AVE & FEDERAL DR"},"geometry":{"type":"Point","coordinates":[-84.619255,39.142376]}},{"type":"Feature","properties":{"stop_id":"GLEFERi","stop_name":"GLENHILLS WAY & FERGUSON RD"},"geometry":{"type":"Point","coordinates":[-84.601151,39.12809]}},{"type":"Feature","properties":{"stop_id":"GLEFERo","stop_name":"GLENWAY AVE & FERGUSON RD"},"geometry":{"type":"Point","coordinates":[-84.601746,39.122334]}},{"type":"Feature","properties":{"stop_id":"GLEFERPi","stop_name":"GLENWAY AVE & FERGUSON PL"},"geometry":{"type":"Point","coordinates":[-84.603951,39.125179]}},{"type":"Feature","properties":{"stop_id":"GLEFIRo","stop_name":"GLENWAY AVE & FIRST AVE"},"geometry":{"type":"Point","coordinates":[-84.579048,39.114223]}},{"type":"Feature","properties":{"stop_id":"GLEGLEi","stop_name":"GLENCROSSING WAY & GLENWAY AVE"},"geometry":{"type":"Point","coordinates":[-84.609589,39.130703]}},{"type":"Feature","properties":{"stop_id":"GLEGLENi","stop_name":"GLENDALE MILFORD RD & GLENDALE RD"},"geometry":{"type":"Point","coordinates":[-84.466377,39.257442]}},{"type":"Feature","properties":{"stop_id":"GLEGLENo","stop_name":"GLENDALE MILFORD RD & GLENDALE RD"},"geometry":{"type":"Point","coordinates":[-84.465805,39.257614]}},{"type":"Feature","properties":{"stop_id":"GLEHANi","stop_name":"GLENMORE AVE & HANNA AVE"},"geometry":{"type":"Point","coordinates":[-84.613533,39.14257]}},{"type":"Feature","properties":{"stop_id":"GLEHANo","stop_name":"GLENMORE AVE & HANNA AVE"},"geometry":{"type":"Point","coordinates":[-84.613251,39.14325]}},{"type":"Feature","properties":{"stop_id":"GLEHERi","stop_name":"GLENMORE AVE & HERBERT AVE"},"geometry":{"type":"Point","coordinates":[-84.612734,39.150924]}},{"type":"Feature","properties":{"stop_id":"GLEHERo","stop_name":"GLENMORE AVE & HERBERT AVE"},"geometry":{"type":"Point","coordinates":[-84.612455,39.151585]}},{"type":"Feature","properties":{"stop_id":"GLEHFERo","stop_name":"GLENHILLS WAY & FERGUSON RD"},"geometry":{"type":"Point","coordinates":[-84.601479,39.128265]}},{"type":"Feature","properties":{"stop_id":"GLELUMi","stop_name":"GLENWAY AVE & LUMARDO AVE"},"geometry":{"type":"Point","coordinates":[-84.615776,39.138393]}},{"type":"Feature","properties":{"stop_id":"GLELUMo","stop_name":"GLENWAY AVE & LUMARDO AVE"},"geometry":{"type":"Point","coordinates":[-84.615578,39.138466]}},{"type":"Feature","properties":{"stop_id":"GLEMANSi","stop_name":"GLENWAY AVE & MANSS AVE"},"geometry":{"type":"Point","coordinates":[-84.57811,39.114021]}},{"type":"Feature","properties":{"stop_id":"GLEMCKi","stop_name":"GLENWAY AVE & MCKEONE AVE"},"geometry":{"type":"Point","coordinates":[-84.586845,39.113289]}},{"type":"Feature","properties":{"stop_id":"GLEMIDi","stop_name":"GLENWAY AVE & MIDWAY AVE"},"geometry":{"type":"Point","coordinates":[-84.61216,39.134731]}},{"type":"Feature","properties":{"stop_id":"GLEMIDo","stop_name":"GLENWAY AVE & MIDWAY AVE"},"geometry":{"type":"Point","coordinates":[-84.611855,39.13467]}},{"type":"Feature","properties":{"stop_id":"GLEMUDo","stop_name":"GLENWAY AVE & MUDDY CREEK RD"},"geometry":{"type":"Point","coordinates":[-84.614143,39.136761]}},{"type":"Feature","properties":{"stop_id":"GLENCRo","stop_name":"GLENCROSSING WAY"},"geometry":{"type":"Point","coordinates":[-84.612293,39.130013]}},{"type":"Feature","properties":{"stop_id":"GLENGLEo","stop_name":"GLENWAY AVE & GLENCROSSING WAY"},"geometry":{"type":"Point","coordinates":[-84.60981,39.130783]}},{"type":"Feature","properties":{"stop_id":"GLENMUDi","stop_name":"GLENMORE AVE & MUDDY CREEK RD"},"geometry":{"type":"Point","coordinates":[-84.614029,39.137306]}},{"type":"Feature","properties":{"stop_id":"GLENMUSo","stop_name":"GLENMORE AVE & MUDDY CREEK RD"},"geometry":{"type":"Point","coordinates":[-84.613808,39.137466]}},{"type":"Feature","properties":{"stop_id":"GLENORi","stop_name":"GLENWAY AVE & NORTH OVERLOOK AVE"},"geometry":{"type":"Point","coordinates":[-84.601669,39.121868]}},{"type":"Feature","properties":{"stop_id":"GLENOVi","stop_name":"GLENWAY AVE & NOVA AVE"},"geometry":{"type":"Point","coordinates":[-84.607588,39.130107]}},{"type":"Feature","properties":{"stop_id":"GLENOVo","stop_name":"GLENWAY AVE & NOVA AVE"},"geometry":{"type":"Point","coordinates":[-84.606865,39.129822]}},{"type":"Feature","properties":{"stop_id":"GLENWERi","stop_name":"GLENMORE AVE & WERK RD"},"geometry":{"type":"Point","coordinates":[-84.613426,39.141483]}},{"type":"Feature","properties":{"stop_id":"GLENWERo","stop_name":"GLENMORE AVE & WERK RD"},"geometry":{"type":"Point","coordinates":[-84.613724,39.140564]}},{"type":"Feature","properties":{"stop_id":"GLEOMEi","stop_name":"GLENWAY AVE & OMENA PL"},"geometry":{"type":"Point","coordinates":[-84.593758,39.115894]}},{"type":"Feature","properties":{"stop_id":"GLEOMEo","stop_name":"GLENWAY AVE & OMENA PL"},"geometry":{"type":"Point","coordinates":[-84.593773,39.1161]}},{"type":"Feature","properties":{"stop_id":"GLEOVEi","stop_name":"GLENWAY AVE & OVERLOOK AVE"},"geometry":{"type":"Point","coordinates":[-84.597932,39.117094]}},{"type":"Feature","properties":{"stop_id":"GLEOVEo","stop_name":"GLENWAY AVE & OVERLOOK AVE"},"geometry":{"type":"Point","coordinates":[-84.597847,39.117252]}},{"type":"Feature","properties":{"stop_id":"GLEPARo","stop_name":"GLENWAY AVE & PARKCREST LN"},"geometry":{"type":"Point","coordinates":[-84.624397,39.145634]}},{"type":"Feature","properties":{"stop_id":"GLEQUEo","stop_name":"GLENWAY AVE & QUEBEC RD"},"geometry":{"type":"Point","coordinates":[-84.575714,39.113766]}},{"type":"Feature","properties":{"stop_id":"GLERALi","stop_name":"GLENWAY AVE & RALPH AVE"},"geometry":{"type":"Point","coordinates":[-84.60067,39.120445]}},{"type":"Feature","properties":{"stop_id":"GLERALo","stop_name":"GLENWAY AVE & RALPH AVE"},"geometry":{"type":"Point","coordinates":[-84.60051,39.120544]}},{"type":"Feature","properties":{"stop_id":"GLERAPi","stop_name":"GLENWAY AVE & RAPID RUN RD"},"geometry":{"type":"Point","coordinates":[-84.591583,39.113853]}},{"type":"Feature","properties":{"stop_id":"GLERAPo","stop_name":"GLENWAY AVE & RAPID RUN PIKE"},"geometry":{"type":"Point","coordinates":[-84.591515,39.114014]}},{"type":"Feature","properties":{"stop_id":"GLERENi","stop_name":"GLENMORE AVE & RENFRO AVE"},"geometry":{"type":"Point","coordinates":[-84.613373,39.144222]}},{"type":"Feature","properties":{"stop_id":"GLERENo","stop_name":"GLENMORE AVE & RENFRO AVE"},"geometry":{"type":"Point","coordinates":[-84.613152,39.144447]}},{"type":"Feature","properties":{"stop_id":"GLEROSi","stop_name":"GLENWAY AVE & ROSEMONT AVE"},"geometry":{"type":"Point","coordinates":[-84.582283,39.114265]}},{"type":"Feature","properties":{"stop_id":"GLEROSo","stop_name":"GLENWAY AVE & ROSEMONT AVE"},"geometry":{"type":"Point","coordinates":[-84.582901,39.114452]}},{"type":"Feature","properties":{"stop_id":"GLERUTo","stop_name":"GLENWAY AVE & RUTLEDGE AVE"},"geometry":{"type":"Point","coordinates":[-84.587524,39.113396]}},{"type":"Feature","properties":{"stop_id":"GLESHIi","stop_name":"GLENWAY AVE & SHIRLEY PL"},"geometry":{"type":"Point","coordinates":[-84.605072,39.126808]}},{"type":"Feature","properties":{"stop_id":"GLESPAe","stop_name":"GLENDALE MILFORD & SPARTAN DR"},"geometry":{"type":"Point","coordinates":[-84.449661,39.256157]}},{"type":"Feature","properties":{"stop_id":"GLESTMo","stop_name":"GLENMORE AVE & SAINT MARTIN PL"},"geometry":{"type":"Point","coordinates":[-84.61227,39.15336]}},{"type":"Feature","properties":{"stop_id":"GLESTRw","stop_name":"GLENDALE MILFORD & SAINT RITA LN"},"geometry":{"type":"Point","coordinates":[-84.446625,39.255508]}},{"type":"Feature","properties":{"stop_id":"GLESUNi","stop_name":"GLENWAY AVE & SUNSET AVE"},"geometry":{"type":"Point","coordinates":[-84.585258,39.114033]}},{"type":"Feature","properties":{"stop_id":"GLESUNo","stop_name":"GLENWAY AVE & SUNSET AVE"},"geometry":{"type":"Point","coordinates":[-84.584679,39.114368]}},{"type":"Feature","properties":{"stop_id":"GLETACi","stop_name":"GLENDALE MILFORD RD & TACONIC TER"},"geometry":{"type":"Point","coordinates":[-84.460297,39.257004]}},{"type":"Feature","properties":{"stop_id":"GLETACo","stop_name":"GLENDALE MILFORD RD & TACONIC TER"},"geometry":{"type":"Point","coordinates":[-84.459923,39.257137]}},{"type":"Feature","properties":{"stop_id":"GLEWAYi","stop_name":"GLENDALE MILFORD RD & WAYNE AVE"},"geometry":{"type":"Point","coordinates":[-84.462776,39.257179]}},{"type":"Feature","properties":{"stop_id":"GLEWERKi","stop_name":"GLENMORE AVE & WERK RD"},"geometry":{"type":"Point","coordinates":[-84.613518,39.140598]}},{"type":"Feature","properties":{"stop_id":"GLEWERo","stop_name":"GLENWAY AVE & WERK RD"},"geometry":{"type":"Point","coordinates":[-84.617858,39.141007]}},{"type":"Feature","properties":{"stop_id":"GLEWESTi","stop_name":"GLENWAY AVE & WEST TOWER AVE"},"geometry":{"type":"Point","coordinates":[-84.610451,39.132572]}},{"type":"Feature","properties":{"stop_id":"GLEWESTo","stop_name":"GLENWAY AVE & WEST TOWER AVE"},"geometry":{"type":"Point","coordinates":[-84.610153,39.132496]}},{"type":"Feature","properties":{"stop_id":"GLEWILi","stop_name":"GLENWAY AVE & WILDER AVE"},"geometry":{"type":"Point","coordinates":[-84.554138,39.107491]}},{"type":"Feature","properties":{"stop_id":"GLEWILo","stop_name":"GLENWAY AVE & WILDER AVE"},"geometry":{"type":"Point","coordinates":[-84.553871,39.106918]}},{"type":"Feature","properties":{"stop_id":"GLEWINi","stop_name":"GLENWAY AVE & WING ST"},"geometry":{"type":"Point","coordinates":[-84.558105,39.112934]}},{"type":"Feature","properties":{"stop_id":"GLEWINo","stop_name":"GLENWAY AVE & WING ST"},"geometry":{"type":"Point","coordinates":[-84.558121,39.113098]}},{"type":"Feature","properties":{"stop_id":"GOODW1i","stop_name":"GOODWILL STOP 1"},"geometry":{"type":"Point","coordinates":[-84.466591,39.263275]}},{"type":"Feature","properties":{"stop_id":"GOODW1o","stop_name":"GOODWILL STOP 1"},"geometry":{"type":"Point","coordinates":[-84.465195,39.263069]}},{"type":"Feature","properties":{"stop_id":"GOODW2i","stop_name":"GOODWILL STOP 2"},"geometry":{"type":"Point","coordinates":[-84.46521,39.262875]}},{"type":"Feature","properties":{"stop_id":"GOODW2o","stop_name":"GOODWILL STOP 2"},"geometry":{"type":"Point","coordinates":[-84.466797,39.263035]}},{"type":"Feature","properties":{"stop_id":"GOV8805","stop_name":"GOVERNORS HILL DR 8805"},"geometry":{"type":"Point","coordinates":[-84.319588,39.287476]}},{"type":"Feature","properties":{"stop_id":"GOVo","stop_name":"GOVERNORS HILL"},"geometry":{"type":"Point","coordinates":[-84.317215,39.289654]}},{"type":"Feature","properties":{"stop_id":"GRA6950w","stop_name":"GRACELY DR 6950"},"geometry":{"type":"Point","coordinates":[-84.698036,39.119244]}},{"type":"Feature","properties":{"stop_id":"GRA6957e","stop_name":"GRACELY DR 6957"},"geometry":{"type":"Point","coordinates":[-84.698166,39.119072]}},{"type":"Feature","properties":{"stop_id":"GRA8THi","stop_name":"GRAND AVE & 8TH ST"},"geometry":{"type":"Point","coordinates":[-84.561058,39.105553]}},{"type":"Feature","properties":{"stop_id":"GRA8THo","stop_name":"GRAND AVE & 8TH ST"},"geometry":{"type":"Point","coordinates":[-84.561234,39.105858]}},{"type":"Feature","properties":{"stop_id":"GRACHEi","stop_name":"GRACELY DR & CHEROKEE AVE"},"geometry":{"type":"Point","coordinates":[-84.695648,39.116177]}},{"type":"Feature","properties":{"stop_id":"GRACHEw","stop_name":"GRACELY DR & CHEROKEE AVE"},"geometry":{"type":"Point","coordinates":[-84.695305,39.116081]}},{"type":"Feature","properties":{"stop_id":"GRACISw","stop_name":"GRACELY DR & CIST ST"},"geometry":{"type":"Point","coordinates":[-84.683174,39.104095]}},{"type":"Feature","properties":{"stop_id":"GRAELCi","stop_name":"GRACELY DR & ELCO ST"},"geometry":{"type":"Point","coordinates":[-84.694275,39.114456]}},{"type":"Feature","properties":{"stop_id":"GRAGLENi","stop_name":"GRAND AVE & GLENWAY AVE"},"geometry":{"type":"Point","coordinates":[-84.560303,39.113033]}},{"type":"Feature","properties":{"stop_id":"GRAGLEo","stop_name":"GRAND AVE & GLENWAY AVE"},"geometry":{"type":"Point","coordinates":[-84.560509,39.112934]}},{"type":"Feature","properties":{"stop_id":"GRAKIBw","stop_name":"GRACELY DR & KIBBY LN"},"geometry":{"type":"Point","coordinates":[-84.706444,39.131268]}},{"type":"Feature","properties":{"stop_id":"GRAMONw","stop_name":"GRACELY DR & MONITOR AVE"},"geometry":{"type":"Point","coordinates":[-84.692383,39.112453]}},{"type":"Feature","properties":{"stop_id":"GRAOVEe","stop_name":"GRACELY DR & OVERCLIFF RD"},"geometry":{"type":"Point","coordinates":[-84.702766,39.125648]}},{"type":"Feature","properties":{"stop_id":"GRAOVEw","stop_name":"GRACELY DR & OVERCLIFF RD"},"geometry":{"type":"Point","coordinates":[-84.702118,39.125122]}},{"type":"Feature","properties":{"stop_id":"GRAPRIi","stop_name":"GRAND AVE & PRICE AVE"},"geometry":{"type":"Point","coordinates":[-84.560921,39.107124]}},{"type":"Feature","properties":{"stop_id":"GRAPRIo","stop_name":"GRAND AVE & PRICE AVE"},"geometry":{"type":"Point","coordinates":[-84.561142,39.107037]}},{"type":"Feature","properties":{"stop_id":"GRAREVi","stop_name":"GRACELY DR & REVERE ST"},"geometry":{"type":"Point","coordinates":[-84.688087,39.107388]}},{"type":"Feature","properties":{"stop_id":"GRAREVw","stop_name":"GRACELY DR & REVERE ST"},"geometry":{"type":"Point","coordinates":[-84.687988,39.107574]}},{"type":"Feature","properties":{"stop_id":"GRARIVi","stop_name":"GRACELY DR & RIVER RD"},"geometry":{"type":"Point","coordinates":[-84.683846,39.104263]}},{"type":"Feature","properties":{"stop_id":"GRATWAi","stop_name":"GRACELY DR & TWAIN AVE"},"geometry":{"type":"Point","coordinates":[-84.692009,39.111679]}},{"type":"Feature","properties":{"stop_id":"GRATWAw","stop_name":"GRACELY DR & TWAIN AVE"},"geometry":{"type":"Point","coordinates":[-84.691696,39.111607]}},{"type":"Feature","properties":{"stop_id":"GRAWARi","stop_name":"GRAND AVE & WARSAW AVE"},"geometry":{"type":"Point","coordinates":[-84.560646,39.109642]}},{"type":"Feature","properties":{"stop_id":"GRAWARo","stop_name":"GRAND AVE & WARSAW AVE"},"geometry":{"type":"Point","coordinates":[-84.560867,39.109543]}},{"type":"Feature","properties":{"stop_id":"GRAWILi","stop_name":"GRACELY DR & WILKINS SHORT RD"},"geometry":{"type":"Point","coordinates":[-84.699654,39.120914]}},{"type":"Feature","properties":{"stop_id":"GRAWILw","stop_name":"GRACELY DR & WILKENS SHORT RD"},"geometry":{"type":"Point","coordinates":[-84.69957,39.121132]}},{"type":"Feature","properties":{"stop_id":"GRAWYNa","stop_name":"GRACELY DR & WYNNE PL"},"geometry":{"type":"Point","coordinates":[-84.704887,39.127419]}},{"type":"Feature","properties":{"stop_id":"GRAWYNe","stop_name":"GRACELY DR & WYNNE PL"},"geometry":{"type":"Point","coordinates":[-84.705193,39.127819]}},{"type":"Feature","properties":{"stop_id":"GRAZINi","stop_name":"GRACELY DR & ZINN PL"},"geometry":{"type":"Point","coordinates":[-84.689583,39.108891]}},{"type":"Feature","properties":{"stop_id":"GRAZINw","stop_name":"GRACELY DR & ZINN PL"},"geometry":{"type":"Point","coordinates":[-84.689819,39.10939]}},{"type":"Feature","properties":{"stop_id":"GREMARi","stop_name":"GREENWELL AVE & MARGE PL"},"geometry":{"type":"Point","coordinates":[-84.606148,39.092144]}},{"type":"Feature","properties":{"stop_id":"GREMARo","stop_name":"GREENWELL AVE & MARGE PL"},"geometry":{"type":"Point","coordinates":[-84.605972,39.091923]}},{"type":"Feature","properties":{"stop_id":"GREMTAi","stop_name":"GREENWELL AVE & MT ALVERNO RD"},"geometry":{"type":"Point","coordinates":[-84.606346,39.090271]}},{"type":"Feature","properties":{"stop_id":"GROP&Ge","stop_name":"GROOMS RD AT P&G ENTRANCE"},"geometry":{"type":"Point","coordinates":[-84.367134,39.27478]}},{"type":"Feature","properties":{"stop_id":"GROP&Gw","stop_name":"GROOMS RD AT P&G ENTRANCE"},"geometry":{"type":"Point","coordinates":[-84.367271,39.274803]}},{"type":"Feature","properties":{"stop_id":"GRUSPRo","stop_name":"GRUENINGER WAY"},"geometry":{"type":"Point","coordinates":[-84.469063,39.254921]}},{"type":"Feature","properties":{"stop_id":"GSqA","stop_name":"Government Square Area A"},"geometry":{"type":"Point","coordinates":[-84.510933,39.101493]}},{"type":"Feature","properties":{"stop_id":"GSqB","stop_name":"Government Square Area B"},"geometry":{"type":"Point","coordinates":[-84.510551,39.101482]}},{"type":"Feature","properties":{"stop_id":"GSqC","stop_name":"Government Square Area C"},"geometry":{"type":"Point","coordinates":[-84.510223,39.101582]}},{"type":"Feature","properties":{"stop_id":"GSqD","stop_name":"Government Square Area D"},"geometry":{"type":"Point","coordinates":[-84.511538,39.101506]}},{"type":"Feature","properties":{"stop_id":"GSqF","stop_name":"Government Square Area F"},"geometry":{"type":"Point","coordinates":[-84.509978,39.101437]}},{"type":"Feature","properties":{"stop_id":"GSqH","stop_name":"Government Square Area H"},"geometry":{"type":"Point","coordinates":[-84.509911,39.102669]}},{"type":"Feature","properties":{"stop_id":"HAC2541e","stop_name":"HACKBERRY ST 2541"},"geometry":{"type":"Point","coordinates":[-84.475365,39.125927]}},{"type":"Feature","properties":{"stop_id":"HACFAIw","stop_name":"Hackberry St & Fairfax Ave"},"geometry":{"type":"Point","coordinates":[-84.47417,39.135357]}},{"type":"Feature","properties":{"stop_id":"HAM4930o","stop_name":"HAMILTON AVE 4930"},"geometry":{"type":"Point","coordinates":[-84.544296,39.180714]}},{"type":"Feature","properties":{"stop_id":"HAM4931i","stop_name":"HAMILTON AVE 4931"},"geometry":{"type":"Point","coordinates":[-84.544518,39.180965]}},{"type":"Feature","properties":{"stop_id":"HAM5300o","stop_name":"HAMILTON AVE 5300"},"geometry":{"type":"Point","coordinates":[-84.544174,39.184837]}},{"type":"Feature","properties":{"stop_id":"HAM5301i","stop_name":"HAMILTON AVE 5301"},"geometry":{"type":"Point","coordinates":[-84.544357,39.184677]}},{"type":"Feature","properties":{"stop_id":"HAM5400o","stop_name":"HAMILTON AVE 5400"},"geometry":{"type":"Point","coordinates":[-84.545723,39.188316]}},{"type":"Feature","properties":{"stop_id":"HAM8042o","stop_name":"HAMILTON AVE 8042"},"geometry":{"type":"Point","coordinates":[-84.547386,39.24044]}},{"type":"Feature","properties":{"stop_id":"HAM8097i","stop_name":"HAMILTON AVE 8097"},"geometry":{"type":"Point","coordinates":[-84.547562,39.240788]}},{"type":"Feature","properties":{"stop_id":"HAMADAi","stop_name":"HAMILTON AVE & ADAMS RD"},"geometry":{"type":"Point","coordinates":[-84.547821,39.238003]}},{"type":"Feature","properties":{"stop_id":"HAMADAo","stop_name":"HAMILTON AVE & ADAMS RD"},"geometry":{"type":"Point","coordinates":[-84.5476,39.238163]}},{"type":"Feature","properties":{"stop_id":"HAMAMBo","stop_name":"HAMILTON AVE & AMBROSE AVE"},"geometry":{"type":"Point","coordinates":[-84.547569,39.201317]}},{"type":"Feature","properties":{"stop_id":"HAMARDn","stop_name":"HAMMEL AVE & ARDMORE AVE"},"geometry":{"type":"Point","coordinates":[-84.445801,39.189774]}},{"type":"Feature","properties":{"stop_id":"HAMASHi","stop_name":"HAMILTON AVE & ASHTREE DR"},"geometry":{"type":"Point","coordinates":[-84.544998,39.178329]}},{"type":"Feature","properties":{"stop_id":"HAMASHo","stop_name":"HAMILTON AVE & ASHTREE DR"},"geometry":{"type":"Point","coordinates":[-84.544868,39.17857]}},{"type":"Feature","properties":{"stop_id":"HAMBELi","stop_name":"HAMILTON AVE & BELMAR PL"},"geometry":{"type":"Point","coordinates":[-84.548187,39.210415]}},{"type":"Feature","properties":{"stop_id":"HAMBELMi","stop_name":"HAMILTON AVE & BELMONT AVE"},"geometry":{"type":"Point","coordinates":[-84.546351,39.190262]}},{"type":"Feature","properties":{"stop_id":"HAMBIRi","stop_name":"HAMILTON AVE & BIRCHWOOD AVE"},"geometry":{"type":"Point","coordinates":[-84.548073,39.208096]}},{"type":"Feature","properties":{"stop_id":"HAMBISi","stop_name":"HAMILTON AVE & BISING AVE"},"geometry":{"type":"Point","coordinates":[-84.549406,39.220192]}},{"type":"Feature","properties":{"stop_id":"HAMBISo","stop_name":"HAMILTON AVE & BISING AVE"},"geometry":{"type":"Point","coordinates":[-84.549156,39.220299]}},{"type":"Feature","properties":{"stop_id":"HAMBREn","stop_name":"HAMMEL AVE & BREMONT AVE"},"geometry":{"type":"Point","coordinates":[-84.445953,39.188114]}},{"type":"Feature","properties":{"stop_id":"HAMBREs","stop_name":"HAMMEL AVE & BREMONT AVE"},"geometry":{"type":"Point","coordinates":[-84.446144,39.188408]}},{"type":"Feature","properties":{"stop_id":"HAMBRUi","stop_name":"HAMILTON AVE & BRUCE AVE"},"geometry":{"type":"Point","coordinates":[-84.541748,39.167637]}},{"type":"Feature","properties":{"stop_id":"HAMBRUo","stop_name":"HAMILTON AVE & BRUCE AVE"},"geometry":{"type":"Point","coordinates":[-84.541489,39.167316]}},{"type":"Feature","properties":{"stop_id":"HAMCANn","stop_name":"HAMMEL AVE & CANTERBURY AVE"},"geometry":{"type":"Point","coordinates":[-84.446129,39.186569]}},{"type":"Feature","properties":{"stop_id":"HAMCANs","stop_name":"HAMMEL AVE & CANTERBURY AVE"},"geometry":{"type":"Point","coordinates":[-84.44632,39.186874]}},{"type":"Feature","properties":{"stop_id":"HAMCEDi","stop_name":"HAMILTON AVE & CEDAR AVE"},"geometry":{"type":"Point","coordinates":[-84.546707,39.198559]}},{"type":"Feature","properties":{"stop_id":"HAMCEDo","stop_name":"HAMILTON AVE & CEDAR AVE"},"geometry":{"type":"Point","coordinates":[-84.546623,39.198872]}},{"type":"Feature","properties":{"stop_id":"HAMCENi","stop_name":"HAMILTON AVE & CENTERIDGE AVE"},"geometry":{"type":"Point","coordinates":[-84.549026,39.224072]}},{"type":"Feature","properties":{"stop_id":"HAMCENo","stop_name":"HAMILTON AVE & CENTERIDGE AVE"},"geometry":{"type":"Point","coordinates":[-84.548836,39.224068]}},{"type":"Feature","properties":{"stop_id":"HAMCHAi","stop_name":"HAMILTON AVE & CHASE AVE"},"geometry":{"type":"Point","coordinates":[-84.540154,39.163445]}},{"type":"Feature","properties":{"stop_id":"HAMCLOo","stop_name":"HAMILTON AVE & CLOVERNOLL DR"},"geometry":{"type":"Point","coordinates":[-84.549057,39.221657]}},{"type":"Feature","properties":{"stop_id":"HAMDEAi","stop_name":"HAMILTON AVE & DE ARMOND AVE"},"geometry":{"type":"Point","coordinates":[-84.549217,39.214722]}},{"type":"Feature","properties":{"stop_id":"HAMDEAo","stop_name":"HAMILTON AVE & DE ARMOND AVE"},"geometry":{"type":"Point","coordinates":[-84.549248,39.215832]}},{"type":"Feature","properties":{"stop_id":"HAMDIXi","stop_name":"HAMILTON AVE & DIXON CIR"},"geometry":{"type":"Point","coordinates":[-84.547897,39.205551]}},{"type":"Feature","properties":{"stop_id":"HAMELKi","stop_name":"HAMILTON AVE & ELKTON PL"},"geometry":{"type":"Point","coordinates":[-84.547752,39.201973]}},{"type":"Feature","properties":{"stop_id":"HAMFLOi","stop_name":"HAMILTON AVE & FLORA AVE"},"geometry":{"type":"Point","coordinates":[-84.54921,39.221771]}},{"type":"Feature","properties":{"stop_id":"HAMFREi","stop_name":"HAMILTON AVE & FREDERICK AVE"},"geometry":{"type":"Point","coordinates":[-84.543839,39.171589]}},{"type":"Feature","properties":{"stop_id":"HAMFREo","stop_name":"HAMILTON AVE & FREDERICK AVE"},"geometry":{"type":"Point","coordinates":[-84.544014,39.170925]}},{"type":"Feature","properties":{"stop_id":"HAMGALi","stop_name":"HAMILTON AVE & GALBRAITH RD"},"geometry":{"type":"Point","coordinates":[-84.54953,39.21814]}},{"type":"Feature","properties":{"stop_id":"HAMGALo","stop_name":"HAMILTON AVE & GALBRAITH RD"},"geometry":{"type":"Point","coordinates":[-84.549385,39.217651]}},{"type":"Feature","properties":{"stop_id":"HAMGLEi","stop_name":"HAMILTON AVE & GLEN PARKER AVE"},"geometry":{"type":"Point","coordinates":[-84.543846,39.169891]}},{"type":"Feature","properties":{"stop_id":"HAMGLEo","stop_name":"HAMILTON AVE & GLEN PARKER AVE"},"geometry":{"type":"Point","coordinates":[-84.543457,39.169788]}},{"type":"Feature","properties":{"stop_id":"HAMGOOi","stop_name":"HAMILTON AVE & GOODMAN AVE"},"geometry":{"type":"Point","coordinates":[-84.549561,39.216339]}},{"type":"Feature","properties":{"stop_id":"HAMGREi","stop_name":"HAMILTON AVE & GREENPINE DR"},"geometry":{"type":"Point","coordinates":[-84.55278,39.254192]}},{"type":"Feature","properties":{"stop_id":"HAMGREo","stop_name":"HAMILTON AVE & GREENPINE DR"},"geometry":{"type":"Point","coordinates":[-84.552414,39.254139]}},{"type":"Feature","properties":{"stop_id":"HAMGROo","stop_name":"HAMILTON AVE & GROESBECK RD"},"geometry":{"type":"Point","coordinates":[-84.545784,39.195599]}},{"type":"Feature","properties":{"stop_id":"HAMHARi","stop_name":"HAMILTON AVE & HARBESON AVE"},"geometry":{"type":"Point","coordinates":[-84.547966,39.207256]}},{"type":"Feature","properties":{"stop_id":"HAMHASi","stop_name":"HAMILTON AVE & HASTINGS AVE"},"geometry":{"type":"Point","coordinates":[-84.548073,39.235256]}},{"type":"Feature","properties":{"stop_id":"HAMHASo","stop_name":"HAMILTON AVE & HASTINGS AVE"},"geometry":{"type":"Point","coordinates":[-84.547813,39.235924]}},{"type":"Feature","properties":{"stop_id":"HAMHILo","stop_name":"HAMILTON AVE & HILLCREST RD"},"geometry":{"type":"Point","coordinates":[-84.546135,39.190376]}},{"type":"Feature","properties":{"stop_id":"HAMHOBo","stop_name":"HAMILTON AVE & HOBART AVE"},"geometry":{"type":"Point","coordinates":[-84.540077,39.163818]}},{"type":"Feature","properties":{"stop_id":"HAMHOLo","stop_name":"HAMILTON AVE & HOLLYWOOD AVE"},"geometry":{"type":"Point","coordinates":[-84.547935,39.209221]}},{"type":"Feature","properties":{"stop_id":"HAMHUDi","stop_name":"HAMILTON AVE & HUDEPOHL LN"},"geometry":{"type":"Point","coordinates":[-84.547005,39.247391]}},{"type":"Feature","properties":{"stop_id":"HAMHUDo","stop_name":"HAMILTON AVE & HUDEPOHL LN"},"geometry":{"type":"Point","coordinates":[-84.546829,39.247044]}},{"type":"Feature","properties":{"stop_id":"HAMKINi","stop_name":"HAMILTON AVE & KINNEY AVE"},"geometry":{"type":"Point","coordinates":[-84.548424,39.230892]}},{"type":"Feature","properties":{"stop_id":"HAMKINo","stop_name":"HAMILTON AVE & KINNEY AVE"},"geometry":{"type":"Point","coordinates":[-84.54818,39.231331]}},{"type":"Feature","properties":{"stop_id":"HAMKNOi","stop_name":"HAMILTON AVE & KNOWLTON ST"},"geometry":{"type":"Point","coordinates":[-84.539558,39.161751]}},{"type":"Feature","properties":{"stop_id":"HAMKNOo","stop_name":"HAMILTON AVE & KNOWLTON ST"},"geometry":{"type":"Point","coordinates":[-84.539375,39.161335]}},{"type":"Feature","properties":{"stop_id":"HAMLANs","stop_name":"HAMMEL AVE & LANGDON FARM RD"},"geometry":{"type":"Point","coordinates":[-84.44677,39.182049]}},{"type":"Feature","properties":{"stop_id":"HAMLARi","stop_name":"HAMILTON AVE & LARMON CT"},"geometry":{"type":"Point","coordinates":[-84.545914,39.193241]}},{"type":"Feature","properties":{"stop_id":"HAMLARo","stop_name":"HAMILTON AVE & LARMON CT"},"geometry":{"type":"Point","coordinates":[-84.545685,39.193321]}},{"type":"Feature","properties":{"stop_id":"HAMLINDi","stop_name":"HAMILTON AVE & LINDEN AVE"},"geometry":{"type":"Point","coordinates":[-84.545906,39.194981]}},{"type":"Feature","properties":{"stop_id":"HAMLINi","stop_name":"HAMILTON AVE & LINCOLN AVE"},"geometry":{"type":"Point","coordinates":[-84.562157,39.273155]}},{"type":"Feature","properties":{"stop_id":"HAMLLAi","stop_name":"HAMILTON AVE & LLANFAIR AVE"},"geometry":{"type":"Point","coordinates":[-84.546021,39.196526]}},{"type":"Feature","properties":{"stop_id":"HAMLLAo","stop_name":"HAMILTON AVE & LLANFAIR AVE"},"geometry":{"type":"Point","coordinates":[-84.54586,39.196617]}},{"type":"Feature","properties":{"stop_id":"HAMLOSn","stop_name":"HAMMEL AVE & LOSANTIVILLE AVE"},"geometry":{"type":"Point","coordinates":[-84.445724,39.190559]}},{"type":"Feature","properties":{"stop_id":"HAMMACi","stop_name":"HAMILTON AVE & MCMAKIN ST"},"geometry":{"type":"Point","coordinates":[-84.54821,39.233604]}},{"type":"Feature","properties":{"stop_id":"HAMMADi","stop_name":"HAMILTON AVE & MADISON AVE"},"geometry":{"type":"Point","coordinates":[-84.548569,39.228767]}},{"type":"Feature","properties":{"stop_id":"HAMMADo","stop_name":"HAMILTON AVE & MADISON AVE"},"geometry":{"type":"Point","coordinates":[-84.548355,39.229313]}},{"type":"Feature","properties":{"stop_id":"HAMMARi","stop_name":"HAMILTON AVE & MARLOWE AVE"},"geometry":{"type":"Point","coordinates":[-84.547401,39.200089]}},{"type":"Feature","properties":{"stop_id":"HAMMARo","stop_name":"HAMILTON AVE & MARLOWE AVE"},"geometry":{"type":"Point","coordinates":[-84.547394,39.200298]}},{"type":"Feature","properties":{"stop_id":"HAMMCMo","stop_name":"HAMILTON AVE & MCMAKIN ST"},"geometry":{"type":"Point","coordinates":[-84.547997,39.233604]}},{"type":"Feature","properties":{"stop_id":"HAMMERi","stop_name":"HAMILTON AVE & MEREDITH DR"},"geometry":{"type":"Point","coordinates":[-84.547279,39.244087]}},{"type":"Feature","properties":{"stop_id":"HAMMERo","stop_name":"HAMILTON AVE & MEREDITH DR"},"geometry":{"type":"Point","coordinates":[-84.547073,39.243874]}},{"type":"Feature","properties":{"stop_id":"HAMMILi","stop_name":"HAMILTON AVE & MILES RD"},"geometry":{"type":"Point","coordinates":[-84.549989,39.251652]}},{"type":"Feature","properties":{"stop_id":"HAMNORo","stop_name":"HAMILTON AVE & NORTH BEND RD"},"geometry":{"type":"Point","coordinates":[-84.547554,39.202686]}},{"type":"Feature","properties":{"stop_id":"HAMNORTo","stop_name":"HAMILTON AVE & NORTHWEST DR"},"geometry":{"type":"Point","coordinates":[-84.559807,39.266991]}},{"type":"Feature","properties":{"stop_id":"HAMOAKo","stop_name":"HAMILTON AVE & OAK KNOLL DR"},"geometry":{"type":"Point","coordinates":[-84.547951,39.210674]}},{"type":"Feature","properties":{"stop_id":"HAMPINi","stop_name":"HAMILTON AVE & PINNEY LN"},"geometry":{"type":"Point","coordinates":[-84.559746,39.266163]}},{"type":"Feature","properties":{"stop_id":"HAMPULi","stop_name":"HAMILTON AVE & PULLAN AVE"},"geometry":{"type":"Point","coordinates":[-84.540977,39.165543]}},{"type":"Feature","properties":{"stop_id":"HAMPULo","stop_name":"HAMILTON AVE & PULLAN AVE"},"geometry":{"type":"Point","coordinates":[-84.540688,39.165344]}},{"type":"Feature","properties":{"stop_id":"HAMREIo","stop_name":"HAMILTON AVE & REID AVE"},"geometry":{"type":"Point","coordinates":[-84.547699,39.205196]}},{"type":"Feature","properties":{"stop_id":"HAMROCi","stop_name":"HAMILTON AVE & ROCKFORD PL"},"geometry":{"type":"Point","coordinates":[-84.544762,39.179932]}},{"type":"Feature","properties":{"stop_id":"HAMROCo","stop_name":"HAMILTON AVE & ROCKFORD PL"},"geometry":{"type":"Point","coordinates":[-84.544785,39.179539]}},{"type":"Feature","properties":{"stop_id":"HAMROOo","stop_name":"HAMILTON AVE & ROOSEVELT AVE"},"geometry":{"type":"Point","coordinates":[-84.562073,39.273602]}},{"type":"Feature","properties":{"stop_id":"HAMROSEn","stop_name":"HAMMEL AVE & ROSEDALE AVE"},"geometry":{"type":"Point","coordinates":[-84.446342,39.184315]}},{"type":"Feature","properties":{"stop_id":"HAMROSs","stop_name":"HAMMEL AVE & ROSEDALE AVE"},"geometry":{"type":"Point","coordinates":[-84.446526,39.184608]}},{"type":"Feature","properties":{"stop_id":"HAMSPRi","stop_name":"HAMILTON AVE & SPRINGLAWN AVE"},"geometry":{"type":"Point","coordinates":[-84.544006,39.175774]}},{"type":"Feature","properties":{"stop_id":"HAMSPRIi","stop_name":"HAMILTON AVE & SPRINGDALE RD"},"geometry":{"type":"Point","coordinates":[-84.55735,39.259712]}},{"type":"Feature","properties":{"stop_id":"HAMSPRIo","stop_name":"HAMILTON AVE & SPRINGDALE RD"},"geometry":{"type":"Point","coordinates":[-84.557007,39.259533]}},{"type":"Feature","properties":{"stop_id":"HAMSPRo","stop_name":"HAMILTON AVE & SPRINGLAWN AVE"},"geometry":{"type":"Point","coordinates":[-84.5439,39.175831]}},{"type":"Feature","properties":{"stop_id":"HAMSTAi","stop_name":"HAMILTON AVE & STANFORD CIR"},"geometry":{"type":"Point","coordinates":[-84.543114,39.173847]}},{"type":"Feature","properties":{"stop_id":"HAMSTAo","stop_name":"HAMILTON AVE & STANFORD DR"},"geometry":{"type":"Point","coordinates":[-84.542831,39.173588]}},{"type":"Feature","properties":{"stop_id":"HAMSTCi","stop_name":"HAMILTON AVE & SAINT CLAIR AVE"},"geometry":{"type":"Point","coordinates":[-84.548729,39.227276]}},{"type":"Feature","properties":{"stop_id":"HAMSTRi","stop_name":"HAMILTON AVE & STRUBLE RD"},"geometry":{"type":"Point","coordinates":[-84.558655,39.263031]}},{"type":"Feature","properties":{"stop_id":"HAMSTRo","stop_name":"HAMILTON AVE & STRUBLE RD"},"geometry":{"type":"Point","coordinates":[-84.558327,39.262737]}},{"type":"Feature","properties":{"stop_id":"HAMSUNo","stop_name":"HAMILTON AVE & SUNDALE AVE"},"geometry":{"type":"Point","coordinates":[-84.548904,39.214249]}},{"type":"Feature","properties":{"stop_id":"HAMTEAo","stop_name":"HAMILTON AVE & TEAKWOOD AVE"},"geometry":{"type":"Point","coordinates":[-84.547791,39.207176]}},{"type":"Feature","properties":{"stop_id":"HAMTOWi","stop_name":"HAMILTON AVE & TOWERWOODS DR"},"geometry":{"type":"Point","coordinates":[-84.545502,39.187866]}},{"type":"Feature","properties":{"stop_id":"HAR1957i","stop_name":"HARRISON AVE 1957"},"geometry":{"type":"Point","coordinates":[-84.562095,39.131045]}},{"type":"Feature","properties":{"stop_id":"HAR1999i","stop_name":"HARRISON AVE 1999"},"geometry":{"type":"Point","coordinates":[-84.564178,39.132248]}},{"type":"Feature","properties":{"stop_id":"HAR2010o","stop_name":"HARRISON AVE 2010"},"geometry":{"type":"Point","coordinates":[-84.56443,39.132618]}},{"type":"Feature","properties":{"stop_id":"HAR2400o","stop_name":"HARRISON AVE 2400"},"geometry":{"type":"Point","coordinates":[-84.57917,39.139404]}},{"type":"Feature","properties":{"stop_id":"HAR2468","stop_name":"HARRISON AVE AT 2468"},"geometry":{"type":"Point","coordinates":[-84.581564,39.141273]}},{"type":"Feature","properties":{"stop_id":"HAR2621i","stop_name":"HARRISON AVE 2621"},"geometry":{"type":"Point","coordinates":[-84.58754,39.141533]}},{"type":"Feature","properties":{"stop_id":"HAR2636o","stop_name":"HARRISON AVE 2636"},"geometry":{"type":"Point","coordinates":[-84.587265,39.141731]}},{"type":"Feature","properties":{"stop_id":"HAR2732o","stop_name":"HARRISON AVE 2732"},"geometry":{"type":"Point","coordinates":[-84.591187,39.141514]}},{"type":"Feature","properties":{"stop_id":"HAR2733i","stop_name":"HARRISON AVE 2733"},"geometry":{"type":"Point","coordinates":[-84.591331,39.141388]}},{"type":"Feature","properties":{"stop_id":"HAR3141i","stop_name":"HARRISON AVE 3141"},"geometry":{"type":"Point","coordinates":[-84.600708,39.151112]}},{"type":"Feature","properties":{"stop_id":"HARBAKo","stop_name":"HARRISON AVE & BAKER AVE"},"geometry":{"type":"Point","coordinates":[-84.569656,39.133884]}},{"type":"Feature","properties":{"stop_id":"HARBIEi","stop_name":"HARRISON AVE & BIEGLER ST"},"geometry":{"type":"Point","coordinates":[-84.561501,39.128376]}},{"type":"Feature","properties":{"stop_id":"HARBIEo","stop_name":"HARRISON AVE & BIEGLER ST"},"geometry":{"type":"Point","coordinates":[-84.561165,39.12838]}},{"type":"Feature","properties":{"stop_id":"HARBOUi","stop_name":"HARRISON AVE & BOUDINOT AVE"},"geometry":{"type":"Point","coordinates":[-84.602577,39.153217]}},{"type":"Feature","properties":{"stop_id":"HARBOUo","stop_name":"HARRISON AVE & BOUDINOT AVE"},"geometry":{"type":"Point","coordinates":[-84.60273,39.1535]}},{"type":"Feature","properties":{"stop_id":"HARDAUi","stop_name":"HARRISON AVE & DAUTEL AVE"},"geometry":{"type":"Point","coordinates":[-84.579109,39.138939]}},{"type":"Feature","properties":{"stop_id":"HARDAVi","stop_name":"HARRISON AVE & DAVIS ST"},"geometry":{"type":"Point","coordinates":[-84.608234,39.155674]}},{"type":"Feature","properties":{"stop_id":"HARDAVo","stop_name":"HARRISON AVE & DAVIS ST"},"geometry":{"type":"Point","coordinates":[-84.608808,39.155895]}},{"type":"Feature","properties":{"stop_id":"HARDGLEe","stop_name":"HARDING AVE & GLENMORE AVE"},"geometry":{"type":"Point","coordinates":[-84.612135,39.154262]}},{"type":"Feature","properties":{"stop_id":"HARDLOVw","stop_name":"HARDING AVE & LOVELL AVE"},"geometry":{"type":"Point","coordinates":[-84.61335,39.154475]}},{"type":"Feature","properties":{"stop_id":"HAREPWi","stop_name":"HARRISON AVE & EPWORTH AVE"},"geometry":{"type":"Point","coordinates":[-84.599861,39.150211]}},{"type":"Feature","properties":{"stop_id":"HAREPWo","stop_name":"HARRISON AVE & EPWORTH AVE"},"geometry":{"type":"Point","coordinates":[-84.599571,39.150173]}},{"type":"Feature","properties":{"stop_id":"HARFAIo","stop_name":"HARRISON AVE & FAIRMOUNT AVE"},"geometry":{"type":"Point","coordinates":[-84.561501,39.130344]}},{"type":"Feature","properties":{"stop_id":"HARFENi","stop_name":"HARRISON AVE & FENTON AVE"},"geometry":{"type":"Point","coordinates":[-84.576584,39.136616]}},{"type":"Feature","properties":{"stop_id":"HARFENo","stop_name":"HARRISON AVE & FENTON AVE"},"geometry":{"type":"Point","coordinates":[-84.576332,39.136635]}},{"type":"Feature","properties":{"stop_id":"HARFISi","stop_name":"HARRISON AVE & FISCHER PL"},"geometry":{"type":"Point","coordinates":[-84.595337,39.145359]}},{"type":"Feature","properties":{"stop_id":"HARFISo","stop_name":"HARRISON AVE & FISCHER PL"},"geometry":{"type":"Point","coordinates":[-84.594971,39.145191]}},{"type":"Feature","properties":{"stop_id":"HARGRAi","stop_name":"Harrison Ave & Grasselli Ave"},"geometry":{"type":"Point","coordinates":[-84.583756,39.141518]}},{"type":"Feature","properties":{"stop_id":"HARHIGi","stop_name":"HARRISON AVE & HIGBEE ST"},"geometry":{"type":"Point","coordinates":[-84.604614,39.155128]}},{"type":"Feature","properties":{"stop_id":"HARKLIi","stop_name":"HARRISON AVE & KLING AVE"},"geometry":{"type":"Point","coordinates":[-84.597404,39.147427]}},{"type":"Feature","properties":{"stop_id":"HARLIMi","stop_name":"HARRISON AVE & LIMA ST"},"geometry":{"type":"Point","coordinates":[-84.557983,39.127605]}},{"type":"Feature","properties":{"stop_id":"HARLOVi","stop_name":"HARRISON AVE & LOVELL AVE"},"geometry":{"type":"Point","coordinates":[-84.613007,39.156727]}},{"type":"Feature","properties":{"stop_id":"HARLOVo","stop_name":"HARRISON AVE & LOVELL AVE"},"geometry":{"type":"Point","coordinates":[-84.613251,39.156895]}},{"type":"Feature","properties":{"stop_id":"HARMARi","stop_name":"HARDING AVE & MARYDELL PL"},"geometry":{"type":"Point","coordinates":[-84.615907,39.154301]}},{"type":"Feature","properties":{"stop_id":"HARMARo","stop_name":"HARDING AVE & MARYDELL PL"},"geometry":{"type":"Point","coordinates":[-84.616129,39.15448]}},{"type":"Feature","properties":{"stop_id":"HARMCBo","stop_name":"HARRISON AVE & MCBRAYER ST"},"geometry":{"type":"Point","coordinates":[-84.558479,39.127819]}},{"type":"Feature","properties":{"stop_id":"HARMCHi","stop_name":"HARRISON AVE & MCHENRY AVE"},"geometry":{"type":"Point","coordinates":[-84.58049,39.140366]}},{"type":"Feature","properties":{"stop_id":"HARMCHo","stop_name":"HARRISON AVE & MCHENRY AVE"},"geometry":{"type":"Point","coordinates":[-84.580528,39.140652]}},{"type":"Feature","properties":{"stop_id":"HARMCKi","stop_name":"HARRISON AVE & MCKINLEY AVE"},"geometry":{"type":"Point","coordinates":[-84.593262,39.143234]}},{"type":"Feature","properties":{"stop_id":"HARMCKo","stop_name":"HARRISON AVE & MCKINLEY AVE"},"geometry":{"type":"Point","coordinates":[-84.593193,39.143421]}},{"type":"Feature","properties":{"stop_id":"HarMryi","stop_name":"Harrison Ave & Marydell PL"},"geometry":{"type":"Point","coordinates":[-84.615616,39.157303]}},{"type":"Feature","properties":{"stop_id":"HARNOLi","stop_name":"HARRISON AVE & NOLAN AVE"},"geometry":{"type":"Point","coordinates":[-84.620018,39.159748]}},{"type":"Feature","properties":{"stop_id":"HARNOLo","stop_name":"HARRISON AVE & NOLAN AVE"},"geometry":{"type":"Point","coordinates":[-84.620537,39.160263]}},{"type":"Feature","properties":{"stop_id":"HARNORo","stop_name":"HARRISON AVE & NORTH BEND RD"},"geometry":{"type":"Point","coordinates":[-84.605522,39.15538]}},{"type":"Feature","properties":{"stop_id":"HARORLi","stop_name":"HARRISON AVE & ORLAND AVE"},"geometry":{"type":"Point","coordinates":[-84.574722,39.13464]}},{"type":"Feature","properties":{"stop_id":"HARORLo","stop_name":"HARRISON AVE & ORLAND AVE"},"geometry":{"type":"Point","coordinates":[-84.574922,39.135135]}},{"type":"Feature","properties":{"stop_id":"HAROSKi","stop_name":"HARRISON AVE & OSKAMP AVE"},"geometry":{"type":"Point","coordinates":[-84.578453,39.138065]}},{"type":"Feature","properties":{"stop_id":"HAROSKo","stop_name":"HARRISON AVE & OSKAMP AVE"},"geometry":{"type":"Point","coordinates":[-84.57811,39.137894]}},{"type":"Feature","properties":{"stop_id":"HARQUEi","stop_name":"HARRISON AVE & QUEEN CITY AVE"},"geometry":{"type":"Point","coordinates":[-84.54934,39.126442]}},{"type":"Feature","properties":{"stop_id":"HARQUEo","stop_name":"HARRISON AVE & QUEEN CITY AVE"},"geometry":{"type":"Point","coordinates":[-84.548088,39.125809]}},{"type":"Feature","properties":{"stop_id":"HARRAVi","stop_name":"HARRISON AVE & RAVOGLI AVE"},"geometry":{"type":"Point","coordinates":[-84.589195,39.141239]}},{"type":"Feature","properties":{"stop_id":"HARRAVo","stop_name":"HARRISON AVE & RAVOGLI AVE"},"geometry":{"type":"Point","coordinates":[-84.588875,39.141464]}},{"type":"Feature","properties":{"stop_id":"HARRMONo","stop_name":"HARRISON AVE & MONTCLAIR AVE"},"geometry":{"type":"Point","coordinates":[-84.601425,39.152107]}},{"type":"Feature","properties":{"stop_id":"HARROBi","stop_name":"HARRISON AVE & ROBERT AVE"},"geometry":{"type":"Point","coordinates":[-84.572388,39.133953]}},{"type":"Feature","properties":{"stop_id":"HARROBo","stop_name":"HARRISON AVE & ROBERT AVE"},"geometry":{"type":"Point","coordinates":[-84.572456,39.134071]}},{"type":"Feature","properties":{"stop_id":"HARROSi","stop_name":"HARRISON AVE & ROSWELL AVE"},"geometry":{"type":"Point","coordinates":[-84.618294,39.158405]}},{"type":"Feature","properties":{"stop_id":"HARROSo","stop_name":"HARRISON AVE & ROSWELL AVE"},"geometry":{"type":"Point","coordinates":[-84.618126,39.158493]}},{"type":"Feature","properties":{"stop_id":"HARRUEi","stop_name":"HARRISON AVE & RUEHLMAN PL"},"geometry":{"type":"Point","coordinates":[-84.598892,39.149189]}},{"type":"Feature","properties":{"stop_id":"HARRUEo","stop_name":"HARRISON AVE & RUEHLMAN PL"},"geometry":{"type":"Point","coordinates":[-84.598824,39.149296]}},{"type":"Feature","properties":{"stop_id":"HARRWESi","stop_name":"HARRISON CENTER - HARRISON & WEST"},"geometry":{"type":"Point","coordinates":[-84.794051,39.251634]}},{"type":"Feature","properties":{"stop_id":"HARSARi","stop_name":"HARRISON AVE & SARVIS CT"},"geometry":{"type":"Point","coordinates":[-84.569443,39.133698]}},{"type":"Feature","properties":{"stop_id":"HARTREi","stop_name":"HARRISON AVE & TREMONT AVE"},"geometry":{"type":"Point","coordinates":[-84.553352,39.127583]}},{"type":"Feature","properties":{"stop_id":"HARTREo","stop_name":"HARRISON AVE & TREMONT AVE"},"geometry":{"type":"Point","coordinates":[-84.553436,39.127739]}},{"type":"Feature","properties":{"stop_id":"HARWASo","stop_name":"HARRISON AVE & WASHINGTON AVE"},"geometry":{"type":"Point","coordinates":[-84.614532,39.157162]}},{"type":"Feature","properties":{"stop_id":"HARWERi","stop_name":"HARRISON AVE & WERK RD"},"geometry":{"type":"Point","coordinates":[-84.59243,39.142414]}},{"type":"Feature","properties":{"stop_id":"HARWERo","stop_name":"HARRISON AVE & WERK RD"},"geometry":{"type":"Point","coordinates":[-84.592056,39.142258]}},{"type":"Feature","properties":{"stop_id":"HARWESi","stop_name":"HARRISON AVE & WESTWOOD AVE"},"geometry":{"type":"Point","coordinates":[-84.547708,39.12533]}},{"type":"Feature","properties":{"stop_id":"HARWESTo","stop_name":"HARRISON CENTER - HARRISON & WEST"},"geometry":{"type":"Point","coordinates":[-84.79403,39.251631]}},{"type":"Feature","properties":{"stop_id":"HAW650i","stop_name":"HAWTHORNE AVE 650"},"geometry":{"type":"Point","coordinates":[-84.562592,39.102001]}},{"type":"Feature","properties":{"stop_id":"HAW651o","stop_name":"HAWTHORNE AVE 651"},"geometry":{"type":"Point","coordinates":[-84.562721,39.102367]}},{"type":"Feature","properties":{"stop_id":"HAWBASo","stop_name":"HAWTHORNE AVE & BASSETT RD"},"geometry":{"type":"Point","coordinates":[-84.562927,39.100655]}},{"type":"Feature","properties":{"stop_id":"HAWPHIo","stop_name":"HAWTHORNE AVE & PHILLIPS AVE"},"geometry":{"type":"Point","coordinates":[-84.562622,39.103859]}},{"type":"Feature","properties":{"stop_id":"HEWFAIw","stop_name":"HEWITT AVE & FAIRFIELD AVE"},"geometry":{"type":"Point","coordinates":[-84.471954,39.137474]}},{"type":"Feature","properties":{"stop_id":"HEWSPOe","stop_name":"HEWITT AVE & SPOKANE AVE"},"geometry":{"type":"Point","coordinates":[-84.470917,39.137253]}},{"type":"Feature","properties":{"stop_id":"HEWWOLe","stop_name":"HEWITT AVE & WOLD AVE"},"geometry":{"type":"Point","coordinates":[-84.468239,39.137066]}},{"type":"Feature","properties":{"stop_id":"HEWWOLw","stop_name":"HEWITT AVE & WOLD AVE"},"geometry":{"type":"Point","coordinates":[-84.468369,39.137253]}},{"type":"Feature","properties":{"stop_id":"HEWWOODw","stop_name":"HEWITT AVE & WOODBURN AVE"},"geometry":{"type":"Point","coordinates":[-84.475281,39.137672]}},{"type":"Feature","properties":{"stop_id":"HIGBIGi","stop_name":"HIGHLAND AVE & BIGGS"},"geometry":{"type":"Point","coordinates":[-84.427567,39.168495]}},{"type":"Feature","properties":{"stop_id":"HIGBIGo","stop_name":"HIGHLAND AVE & BIGGS"},"geometry":{"type":"Point","coordinates":[-84.427834,39.168468]}},{"type":"Feature","properties":{"stop_id":"HIGBOAi","stop_name":"HIGHLAND AVE & BOAL ST"},"geometry":{"type":"Point","coordinates":[-84.504043,39.113635]}},{"type":"Feature","properties":{"stop_id":"HIGBOAo","stop_name":"HIGHLAND AVE & BOAL ST"},"geometry":{"type":"Point","coordinates":[-84.503876,39.113667]}},{"type":"Feature","properties":{"stop_id":"HIGDONo","stop_name":"HIGHLAND AVE & DONAHUE ST"},"geometry":{"type":"Point","coordinates":[-84.502602,39.13343]}},{"type":"Feature","properties":{"stop_id":"HIGKENe","stop_name":"HIGHLAND AVE & KENNEDY AVE"},"geometry":{"type":"Point","coordinates":[-84.420837,39.170441]}},{"type":"Feature","properties":{"stop_id":"HIGKENw","stop_name":"HIGHLAND AVE & KENNEDY AVE"},"geometry":{"type":"Point","coordinates":[-84.420668,39.170532]}},{"type":"Feature","properties":{"stop_id":"HIGLESo","stop_name":"HIGHLAND AVE & LESTER RD"},"geometry":{"type":"Point","coordinates":[-84.431829,39.166883]}},{"type":"Feature","properties":{"stop_id":"HIGLIBi","stop_name":"HIGHLAND AVE & LIBERTY HILL"},"geometry":{"type":"Point","coordinates":[-84.504272,39.112343]}},{"type":"Feature","properties":{"stop_id":"HIGMLKo","stop_name":"HIGHLAND AVE & M. L. KING DR"},"geometry":{"type":"Point","coordinates":[-84.502411,39.135117]}},{"type":"Feature","properties":{"stop_id":"HIGOAKi","stop_name":"HIGHLAND AVE & OAK ST"},"geometry":{"type":"Point","coordinates":[-84.503052,39.1311]}},{"type":"Feature","properties":{"stop_id":"HIGOAKo","stop_name":"HIGHLAND AVE & OAK ST"},"geometry":{"type":"Point","coordinates":[-84.502853,39.130939]}},{"type":"Feature","properties":{"stop_id":"HIGRINi","stop_name":"HIGHLAND AVE & RINGGOLD ST"},"geometry":{"type":"Point","coordinates":[-84.503899,39.115074]}},{"type":"Feature","properties":{"stop_id":"HIGRINo","stop_name":"HIGHLAND AVE & RINGGOLD ST"},"geometry":{"type":"Point","coordinates":[-84.503723,39.114815]}},{"type":"Feature","properties":{"stop_id":"HIGSTEi","stop_name":"HIGHLAND AVE & STETSON ST"},"geometry":{"type":"Point","coordinates":[-84.502716,39.134277]}},{"type":"Feature","properties":{"stop_id":"HIGTAFi","stop_name":"HIGHLAND AVE & TAFT RD"},"geometry":{"type":"Point","coordinates":[-84.503319,39.128635]}},{"type":"Feature","properties":{"stop_id":"HIGTAFo","stop_name":"HIGHLAND AVE & TAFT RD"},"geometry":{"type":"Point","coordinates":[-84.503137,39.128974]}},{"type":"Feature","properties":{"stop_id":"HIGUNIi","stop_name":"HIGHLAND AVE & UNIVERSITY AVE"},"geometry":{"type":"Point","coordinates":[-84.502922,39.132294]}},{"type":"Feature","properties":{"stop_id":"HIGUNIo","stop_name":"HIGHLAND AVE & UNIVERSITY AVE"},"geometry":{"type":"Point","coordinates":[-84.502701,39.132404]}},{"type":"Feature","properties":{"stop_id":"HILTOPi","stop_name":"HILLTOP PLAZA LAYOVER"},"geometry":{"type":"Point","coordinates":[-84.546903,39.241593]}},{"type":"Feature","properties":{"stop_id":"HOLDUTo","stop_name":"HOLLAND DR & DUTCH COLONY DR"},"geometry":{"type":"Point","coordinates":[-84.513504,39.189686]}},{"type":"Feature","properties":{"stop_id":"HOPBEEo","stop_name":"HOPPLE ST & BEEKMAN ST"},"geometry":{"type":"Point","coordinates":[-84.548157,39.137688]}},{"type":"Feature","properties":{"stop_id":"HOPCOLa","stop_name":"HOPPLE ST & COLERAIN AVE"},"geometry":{"type":"Point","coordinates":[-84.537544,39.136936]}},{"type":"Feature","properties":{"stop_id":"HOPGARi","stop_name":"HOPPLE ST & GARRARD AVE"},"geometry":{"type":"Point","coordinates":[-84.539406,39.136936]}},{"type":"Feature","properties":{"stop_id":"HOPGARo","stop_name":"HOPPLE ST & GARRARD AVE"},"geometry":{"type":"Point","coordinates":[-84.538956,39.137112]}},{"type":"Feature","properties":{"stop_id":"HPPo","stop_name":"HYDE PARK PLAZA MAIN ENTRANCE"},"geometry":{"type":"Point","coordinates":[-84.429047,39.146729]}},{"type":"Feature","properties":{"stop_id":"HUNBLUi","stop_name":"HUNT RD & BLUE ASH AVE"},"geometry":{"type":"Point","coordinates":[-84.380066,39.229115]}},{"type":"Feature","properties":{"stop_id":"HUNCOO","stop_name":"HUNT RD AT COOPER RD EOL"},"geometry":{"type":"Point","coordinates":[-84.375015,39.229949]}},{"type":"Feature","properties":{"stop_id":"IBSCALo","stop_name":"IBSEN AVE & CALVERT"},"geometry":{"type":"Point","coordinates":[-84.422348,39.160645]}},{"type":"Feature","properties":{"stop_id":"IBSOTC","stop_name":"IBSEN AT OAKLEY TRANSIT CENTER"},"geometry":{"type":"Point","coordinates":[-84.422762,39.160768]}},{"type":"Feature","properties":{"stop_id":"IBSRIDi","stop_name":"IBSEN AVE & RIDGE AVE"},"geometry":{"type":"Point","coordinates":[-84.420761,39.16082]}},{"type":"Feature","properties":{"stop_id":"IDAARTw","stop_name":"IDA AVE & ART MUSEUM DR"},"geometry":{"type":"Point","coordinates":[-84.498894,39.111553]}},{"type":"Feature","properties":{"stop_id":"IDAMONew","stop_name":"IDA PL & MONASTERY ST"},"geometry":{"type":"Point","coordinates":[-84.499469,39.108198]}},{"type":"Feature","properties":{"stop_id":"JEF2930o","stop_name":"JEFFERSON AVE 2930"},"geometry":{"type":"Point","coordinates":[-84.510727,39.134274]}},{"type":"Feature","properties":{"stop_id":"JefBenS","stop_name":"Jefferson Ave & Benson St Southbound"},"geometry":{"type":"Point","coordinates":[-84.444908,39.223]}},{"type":"Feature","properties":{"stop_id":"JEFBISe","stop_name":"JEFFERSON AVE & BISHOP ST"},"geometry":{"type":"Point","coordinates":[-84.513443,39.140686]}},{"type":"Feature","properties":{"stop_id":"JEFBISw","stop_name":"JEFFERSON AVE & BISHOP ST"},"geometry":{"type":"Point","coordinates":[-84.513237,39.140663]}},{"type":"Feature","properties":{"stop_id":"JEFCHAi","stop_name":"JEFFERSON AVE & CHARLTON ST"},"geometry":{"type":"Point","coordinates":[-84.511368,39.13063]}},{"type":"Feature","properties":{"stop_id":"JEFCHAo","stop_name":"JEFFERSON AVE & CHARLTON ST"},"geometry":{"type":"Point","coordinates":[-84.511124,39.130745]}},{"type":"Feature","properties":{"stop_id":"JEFCORi","stop_name":"JEFFERSON AVE & CORRY ST"},"geometry":{"type":"Point","coordinates":[-84.511467,39.129383]}},{"type":"Feature","properties":{"stop_id":"JEFGRAs","stop_name":"Jefferson & Granite SB"},"geometry":{"type":"Point","coordinates":[-84.44545,39.216984]}},{"type":"Feature","properties":{"stop_id":"JEFKOEs","stop_name":"Jefferson & Koehler SB"},"geometry":{"type":"Point","coordinates":[-84.445175,39.220306]}},{"type":"Feature","properties":{"stop_id":"JEFNIXe","stop_name":"JEFFERSON AVE & NIXON ST"},"geometry":{"type":"Point","coordinates":[-84.511932,39.138142]}},{"type":"Feature","properties":{"stop_id":"JEFUNIi","stop_name":"JEFFERSON AVE & UNIVERSITY AVE"},"geometry":{"type":"Point","coordinates":[-84.511191,39.132484]}},{"type":"Feature","properties":{"stop_id":"JEFUNIo","stop_name":"JEFFERSON AVE & UNIVERSITY AVE"},"geometry":{"type":"Point","coordinates":[-84.510912,39.13263]}},{"type":"Feature","properties":{"stop_id":"JOE8700i","stop_name":"JOSEPH RD 8700"},"geometry":{"type":"Point","coordinates":[-84.59301,39.231642]}},{"type":"Feature","properties":{"stop_id":"JOECOLi","stop_name":"JOESEPH RD & COLERAIN AVE"},"geometry":{"type":"Point","coordinates":[-84.591164,39.23098]}},{"type":"Feature","properties":{"stop_id":"JOECOLo","stop_name":"JOESEPH RD & COLERAIN AVE"},"geometry":{"type":"Point","coordinates":[-84.593248,39.231595]}},{"type":"Feature","properties":{"stop_id":"JOS8740o","stop_name":"JOSEPH RD 8740"},"geometry":{"type":"Point","coordinates":[-84.597115,39.231533]}},{"type":"Feature","properties":{"stop_id":"JOS8810i","stop_name":"JOSEPH RD 8810"},"geometry":{"type":"Point","coordinates":[-84.596924,39.231705]}},{"type":"Feature","properties":{"stop_id":"KE11083","stop_name":"Kenwood 11083"},"geometry":{"type":"Point","coordinates":[-84.373688,39.266857]}},{"type":"Feature","properties":{"stop_id":"KE11100","stop_name":"Kenwood 11100"},"geometry":{"type":"Point","coordinates":[-84.373405,39.267071]}},{"type":"Feature","properties":{"stop_id":"KE11466i","stop_name":"KENN RD 11466"},"geometry":{"type":"Point","coordinates":[-84.504974,39.286057]}},{"type":"Feature","properties":{"stop_id":"KE11467o","stop_name":"KENN RD 11467"},"geometry":{"type":"Point","coordinates":[-84.505219,39.286175]}},{"type":"Feature","properties":{"stop_id":"KELCONi","stop_name":"KELLOGG AVE & CONGRESS AVE"},"geometry":{"type":"Point","coordinates":[-84.439537,39.112785]}},{"type":"Feature","properties":{"stop_id":"KELFOUo","stop_name":"KELLOGG AVE & FOUR SEASONS MARINA"},"geometry":{"type":"Point","coordinates":[-84.422134,39.086506]}},{"type":"Feature","properties":{"stop_id":"KELGASSi","stop_name":"KELLOGG AVE & GASSAWAY RD"},"geometry":{"type":"Point","coordinates":[-84.430153,39.097347]}},{"type":"Feature","properties":{"stop_id":"KELGASSo","stop_name":"KELLOGG AVE & GASSAWAY RD"},"geometry":{"type":"Point","coordinates":[-84.430489,39.097481]}},{"type":"Feature","properties":{"stop_id":"KELSTAo","stop_name":"KELLOGG AVE & STANLEY AVE"},"geometry":{"type":"Point","coordinates":[-84.440491,39.114704]}},{"type":"Feature","properties":{"stop_id":"KELTENNi","stop_name":"KELLOGG AVE & TENNYSON ST"},"geometry":{"type":"Point","coordinates":[-84.437027,39.108883]}},{"type":"Feature","properties":{"stop_id":"KELTENNo","stop_name":"KELLOGG AVE & TENNYSON ST"},"geometry":{"type":"Point","coordinates":[-84.437332,39.108974]}},{"type":"Feature","properties":{"stop_id":"KELWILi","stop_name":"KELLOGG AVE & WILMER AVE"},"geometry":{"type":"Point","coordinates":[-84.432625,39.102005]}},{"type":"Feature","properties":{"stop_id":"KELWILo","stop_name":"KELLOGG AVE & WILMER AVE"},"geometry":{"type":"Point","coordinates":[-84.43293,39.102173]}},{"type":"Feature","properties":{"stop_id":"KEM1135o","stop_name":"KEMPER RD 1135"},"geometry":{"type":"Point","coordinates":[-84.522438,39.288864]}},{"type":"Feature","properties":{"stop_id":"KEM303i","stop_name":"KEMPER RD 303"},"geometry":{"type":"Point","coordinates":[-84.48201,39.287094]}},{"type":"Feature","properties":{"stop_id":"KEM460o","stop_name":"KEMPER RD 460"},"geometry":{"type":"Point","coordinates":[-84.488578,39.287605]}},{"type":"Feature","properties":{"stop_id":"KEM815i","stop_name":"KEMPER RD 815"},"geometry":{"type":"Point","coordinates":[-84.506981,39.290741]}},{"type":"Feature","properties":{"stop_id":"KEM820i","stop_name":"KEMPER RD 820"},"geometry":{"type":"Point","coordinates":[-84.507095,39.290894]}},{"type":"Feature","properties":{"stop_id":"KEMCHEi","stop_name":"KEMPER RD & CHESTERDALE RD"},"geometry":{"type":"Point","coordinates":[-84.448524,39.285809]}},{"type":"Feature","properties":{"stop_id":"KEMCHEo","stop_name":"KEMPER RD & CHESTERDALE RD"},"geometry":{"type":"Point","coordinates":[-84.448318,39.28587]}},{"type":"Feature","properties":{"stop_id":"KEMCONe","stop_name":"KEMPER RD & CONREY RD"},"geometry":{"type":"Point","coordinates":[-84.359474,39.281006]}},{"type":"Feature","properties":{"stop_id":"KEMCONw","stop_name":"KEMPER RD & CONREY RD"},"geometry":{"type":"Point","coordinates":[-84.361198,39.281364]}},{"type":"Feature","properties":{"stop_id":"KEMGENi","stop_name":"KEMPER RD & GENEVA RD"},"geometry":{"type":"Point","coordinates":[-84.51516,39.289879]}},{"type":"Feature","properties":{"stop_id":"KEMGENo","stop_name":"KEMPER RD & GENEVA RD"},"geometry":{"type":"Point","coordinates":[-84.515358,39.289745]}},{"type":"Feature","properties":{"stop_id":"KEMGOLe","stop_name":"KEMPER RD & GOLDCOAST DR"},"geometry":{"type":"Point","coordinates":[-84.349121,39.279572]}},{"type":"Feature","properties":{"stop_id":"KEMGOLw","stop_name":"KEMPER RD & GOLDCOAST DR"},"geometry":{"type":"Point","coordinates":[-84.349319,39.279804]}},{"type":"Feature","properties":{"stop_id":"KEMGREo","stop_name":"KEMPER RD & GREENLAWN AVE"},"geometry":{"type":"Point","coordinates":[-84.494118,39.28867]}},{"type":"Feature","properties":{"stop_id":"KEMHANi","stop_name":"KEMPER RD & HANOVER RD"},"geometry":{"type":"Point","coordinates":[-84.510956,39.290398]}},{"type":"Feature","properties":{"stop_id":"KEMHANo","stop_name":"KEMPER RD & HANOVER RD"},"geometry":{"type":"Point","coordinates":[-84.511307,39.290237]}},{"type":"Feature","properties":{"stop_id":"KEMISLi","stop_name":"KEMPER RD & ISLANDALE DR"},"geometry":{"type":"Point","coordinates":[-84.518028,39.289536]}},{"type":"Feature","properties":{"stop_id":"KEMISLo","stop_name":"KEMPER RD & ISLANDALE DR"},"geometry":{"type":"Point","coordinates":[-84.518387,39.289375]}},{"type":"Feature","properties":{"stop_id":"KEMKEMi","stop_name":"KEMPER RD & KEMPER COMMONS CIR"},"geometry":{"type":"Point","coordinates":[-84.457039,39.286842]}},{"type":"Feature","properties":{"stop_id":"KEMKEMo","stop_name":"KEMPER RD & W KEMPER COMMONS CIR"},"geometry":{"type":"Point","coordinates":[-84.456352,39.287083]}},{"type":"Feature","properties":{"stop_id":"KEMKENi","stop_name":"KEMPER RD & KENN RD"},"geometry":{"type":"Point","coordinates":[-84.504112,39.290421]}},{"type":"Feature","properties":{"stop_id":"KEMKENo","stop_name":"KEMPER RD & KENN RD"},"geometry":{"type":"Point","coordinates":[-84.504489,39.290618]}},{"type":"Feature","properties":{"stop_id":"KEMLAWi","stop_name":"KEMPER RD & LAWNVIEW AVE"},"geometry":{"type":"Point","coordinates":[-84.475548,39.287453]}},{"type":"Feature","properties":{"stop_id":"KEMLAWo","stop_name":"KEMPER RD & LAWNVIEW AVE"},"geometry":{"type":"Point","coordinates":[-84.476578,39.28756]}},{"type":"Feature","properties":{"stop_id":"KEMLEBe","stop_name":"KEMPER RD & LEBANON RD"},"geometry":{"type":"Point","coordinates":[-84.400986,39.282913]}},{"type":"Feature","properties":{"stop_id":"KEMLEBw","stop_name":"KEMPER RD & LEBANON RD"},"geometry":{"type":"Point","coordinates":[-84.40049,39.283024]}},{"type":"Feature","properties":{"stop_id":"KEMLIPi","stop_name":"KEMPER RD & LIPPELMAN AVE"},"geometry":{"type":"Point","coordinates":[-84.446213,39.285397]}},{"type":"Feature","properties":{"stop_id":"KEMLIPo","stop_name":"KEMPER RD & LIPPELMAN AVE"},"geometry":{"type":"Point","coordinates":[-84.446021,39.285536]}},{"type":"Feature","properties":{"stop_id":"KEMMADi","stop_name":"KEMPER RD & MADISON AVE"},"geometry":{"type":"Point","coordinates":[-84.493477,39.288383]}},{"type":"Feature","properties":{"stop_id":"KEMMCGi","stop_name":"KEMPER RD & MCGILLARD ST"},"geometry":{"type":"Point","coordinates":[-84.470482,39.28788]}},{"type":"Feature","properties":{"stop_id":"KEMMCGo","stop_name":"KEMPER RD & MCGILLARD ST"},"geometry":{"type":"Point","coordinates":[-84.470894,39.287697]}},{"type":"Feature","properties":{"stop_id":"KEMMONw","stop_name":"KEMPER RD & MONTGOMERY RD"},"geometry":{"type":"Point","coordinates":[-84.32785,39.273243]}},{"type":"Feature","properties":{"stop_id":"KEMNORo","stop_name":"KEMPER RD & NORTHLAND BLVD"},"geometry":{"type":"Point","coordinates":[-84.472366,39.287746]}},{"type":"Feature","properties":{"stop_id":"KEMNORw","stop_name":"KEMPER RD & NORTHLAKE DR"},"geometry":{"type":"Point","coordinates":[-84.34716,39.279491]}},{"type":"Feature","properties":{"stop_id":"KEMPROo","stop_name":"KEMPER RD & PROMENADE CENTER"},"geometry":{"type":"Point","coordinates":[-84.5215,39.289143]}},{"type":"Feature","properties":{"stop_id":"KEMREEo","stop_name":"KEMPER RD & REED HARTMAN HWY"},"geometry":{"type":"Point","coordinates":[-84.37202,39.283195]}},{"type":"Feature","properties":{"stop_id":"KEMREEw","stop_name":"Kemper & Reed Hartman Westbound"},"geometry":{"type":"Point","coordinates":[-84.371908,39.283389]}},{"type":"Feature","properties":{"stop_id":"KEMROSi","stop_name":"KEMPER RD & ROSE LN"},"geometry":{"type":"Point","coordinates":[-84.48999,39.287678]}},{"type":"Feature","properties":{"stop_id":"KEMROSo","stop_name":"KEMPER RD & ROSE LN"},"geometry":{"type":"Point","coordinates":[-84.490128,39.287884]}},{"type":"Feature","properties":{"stop_id":"KEMSNIe","stop_name":"KEMPER RD & SNIDER RD"},"geometry":{"type":"Point","coordinates":[-84.336075,39.275921]}},{"type":"Feature","properties":{"stop_id":"KEMSNIw","stop_name":"KEMPER RD & SNIDER RD"},"geometry":{"type":"Point","coordinates":[-84.336563,39.276276]}},{"type":"Feature","properties":{"stop_id":"KEMSOUi","stop_name":"KEMPER RD & SOUTHLAND RD"},"geometry":{"type":"Point","coordinates":[-84.497269,39.289066]}},{"type":"Feature","properties":{"stop_id":"KEMSOUo","stop_name":"KEMPER RD & SOUTHLAND RD"},"geometry":{"type":"Point","coordinates":[-84.497009,39.289192]}},{"type":"Feature","properties":{"stop_id":"KEMSPRi","stop_name":"KEMPER RD at OHIO ROUTE 4"},"geometry":{"type":"Point","coordinates":[-84.486431,39.286986]}},{"type":"Feature","properties":{"stop_id":"KEMTENe","stop_name":"KEMPER RD & TENNYSON DR"},"geometry":{"type":"Point","coordinates":[-84.38266,39.285271]}},{"type":"Feature","properties":{"stop_id":"KEMTENw","stop_name":"KEMPER RD & TENNYSON DR"},"geometry":{"type":"Point","coordinates":[-84.38279,39.285416]}},{"type":"Feature","properties":{"stop_id":"KEMTRIi","stop_name":"KEMPER RD & TRI COUNTY PKWY"},"geometry":{"type":"Point","coordinates":[-84.462029,39.287392]}},{"type":"Feature","properties":{"stop_id":"KEMTRIo","stop_name":"KEMPER RD & TRI COUNTY PKWY"},"geometry":{"type":"Point","coordinates":[-84.462395,39.287609]}},{"type":"Feature","properties":{"stop_id":"KEN6110i","stop_name":"KENNEDY AVE 6110"},"geometry":{"type":"Point","coordinates":[-84.414268,39.18235]}},{"type":"Feature","properties":{"stop_id":"KEN6404","stop_name":"KENNEDY AVE 6404"},"geometry":{"type":"Point","coordinates":[-84.414124,39.185997]}},{"type":"Feature","properties":{"stop_id":"KEN7120i","stop_name":"KENWOOD RD 7120"},"geometry":{"type":"Point","coordinates":[-84.380913,39.193588]}},{"type":"Feature","properties":{"stop_id":"KEN7268o","stop_name":"KENWOOD RD 7268"},"geometry":{"type":"Point","coordinates":[-84.380676,39.195724]}},{"type":"Feature","properties":{"stop_id":"KEN7295i","stop_name":"KENWOOD RD 7295"},"geometry":{"type":"Point","coordinates":[-84.380798,39.196259]}},{"type":"Feature","properties":{"stop_id":"KEN7796i","stop_name":"KENWOOD RD 7796"},"geometry":{"type":"Point","coordinates":[-84.380592,39.198257]}},{"type":"Feature","properties":{"stop_id":"KEN7875o","stop_name":"KENWOOD RD 7875"},"geometry":{"type":"Point","coordinates":[-84.379868,39.203529]}},{"type":"Feature","properties":{"stop_id":"KENCONo","stop_name":"KENNEDY & CONGREVE"},"geometry":{"type":"Point","coordinates":[-84.415977,39.176334]}},{"type":"Feature","properties":{"stop_id":"KENDENe","stop_name":"KENNER ST & DENMAN ST"},"geometry":{"type":"Point","coordinates":[-84.533417,39.110504]}},{"type":"Feature","properties":{"stop_id":"KENDICi","stop_name":"KENNEDY AVE & DICKENS AVE"},"geometry":{"type":"Point","coordinates":[-84.415535,39.177559]}},{"type":"Feature","properties":{"stop_id":"KENDICo","stop_name":"KENNEDY AVE & DICKENS AVE"},"geometry":{"type":"Point","coordinates":[-84.415718,39.177834]}},{"type":"Feature","properties":{"stop_id":"KENDUCn","stop_name":"KENNEDY & DUCK CREEK"},"geometry":{"type":"Point","coordinates":[-84.420311,39.166031]}},{"type":"Feature","properties":{"stop_id":"KENFARi","stop_name":"KENN RD & FARMINGTON RD"},"geometry":{"type":"Point","coordinates":[-84.504341,39.284798]}},{"type":"Feature","properties":{"stop_id":"KENFREo","stop_name":"KENN RD & FRESNO RD"},"geometry":{"type":"Point","coordinates":[-84.504143,39.284184]}},{"type":"Feature","properties":{"stop_id":"KENGALo","stop_name":"KENWOOD RD & GALBRAITH RD"},"geometry":{"type":"Point","coordinates":[-84.379547,39.206589]}},{"type":"Feature","properties":{"stop_id":"KENHAPi","stop_name":"KENWOOD & HAPPINESS WAY"},"geometry":{"type":"Point","coordinates":[-84.379959,39.204754]}},{"type":"Feature","properties":{"stop_id":"KENHIGi","stop_name":"KENNEDY AVE & HIGHLAND AVE"},"geometry":{"type":"Point","coordinates":[-84.419869,39.170792]}},{"type":"Feature","properties":{"stop_id":"KENKENi","stop_name":"KENNEDY AVE & KENOAK LN"},"geometry":{"type":"Point","coordinates":[-84.418282,39.172928]}},{"type":"Feature","properties":{"stop_id":"KENKROi","stop_name":"KENARD AVE & KROGER ENTRANCE"},"geometry":{"type":"Point","coordinates":[-84.513641,39.163757]}},{"type":"Feature","properties":{"stop_id":"KENKROo","stop_name":"KENARD AVE & KROGER ENTRANCE"},"geometry":{"type":"Point","coordinates":[-84.513329,39.163811]}},{"type":"Feature","properties":{"stop_id":"KENLOOi","stop_name":"KENWOOD LOOP LAYOVER"},"geometry":{"type":"Point","coordinates":[-84.385368,39.160454]}},{"type":"Feature","properties":{"stop_id":"KENLOOo","stop_name":"on KENWOOD at LOOP LAYOVER"},"geometry":{"type":"Point","coordinates":[-84.385596,39.160805]}},{"type":"Feature","properties":{"stop_id":"KENMITi","stop_name":"KENARD AVE & MITCHELL AVE"},"geometry":{"type":"Point","coordinates":[-84.512367,39.165127]}},{"type":"Feature","properties":{"stop_id":"KENMONi","stop_name":"KENWOOD RD & MONTGOMERY RD"},"geometry":{"type":"Point","coordinates":[-84.380409,39.200069]}},{"type":"Feature","properties":{"stop_id":"KENMONo","stop_name":"KENWOOD RD & MONTGOMERY RD"},"geometry":{"type":"Point","coordinates":[-84.380318,39.19836]}},{"type":"Feature","properties":{"stop_id":"KENORCo","stop_name":"KENWOOD RD & ORCHARD AVE"},"geometry":{"type":"Point","coordinates":[-84.380257,39.199738]}},{"type":"Feature","properties":{"stop_id":"KENRAVi","stop_name":"KENNEDY AVE & RAVENWOOD AVE"},"geometry":{"type":"Point","coordinates":[-84.414207,39.183559]}},{"type":"Feature","properties":{"stop_id":"KENRAVo","stop_name":"KENNEDY AVE & RAVENWOOD AVE"},"geometry":{"type":"Point","coordinates":[-84.414253,39.183788]}},{"type":"Feature","properties":{"stop_id":"KENROBo","stop_name":"KENNEDY & ROBISON"},"geometry":{"type":"Point","coordinates":[-84.416222,39.176373]}},{"type":"Feature","properties":{"stop_id":"KENSIEo","stop_name":"KENWOOD RD & SIERRA ST"},"geometry":{"type":"Point","coordinates":[-84.385811,39.161259]}},{"type":"Feature","properties":{"stop_id":"KENVIEo","stop_name":"KENNEDY AVE & VIEW POINTE DR"},"geometry":{"type":"Point","coordinates":[-84.418114,39.173203]}},{"type":"Feature","properties":{"stop_id":"KENWALo","stop_name":"KENNEDY AVE & WAL MARK"},"geometry":{"type":"Point","coordinates":[-84.419846,39.172028]}},{"type":"Feature","properties":{"stop_id":"KENWAYo","stop_name":"KENN RD & WAYCROSS RD"},"geometry":{"type":"Point","coordinates":[-84.502495,39.282204]}},{"type":"Feature","properties":{"stop_id":"KENWOOi","stop_name":"KENNEDY AVE & WOODFORD RD"},"geometry":{"type":"Point","coordinates":[-84.414482,39.179825]}},{"type":"Feature","properties":{"stop_id":"KENWOOo","stop_name":"KENNEDY AVE & WOODFORD RD"},"geometry":{"type":"Point","coordinates":[-84.414597,39.180122]}},{"type":"Feature","properties":{"stop_id":"KENZINi","stop_name":"KENNEDY AVE & ZINSLE AVE"},"geometry":{"type":"Point","coordinates":[-84.413918,39.185982]}},{"type":"Feature","properties":{"stop_id":"KIBGRAe","stop_name":"KIBBY LN & GRACELY DR"},"geometry":{"type":"Point","coordinates":[-84.706734,39.131306]}},{"type":"Feature","properties":{"stop_id":"KIBRIVw","stop_name":"KIBBY LN & RIVER RD"},"geometry":{"type":"Point","coordinates":[-84.707436,39.13131]}},{"type":"Feature","properties":{"stop_id":"KIDROPi","stop_name":"KINGS ISLAND DR DROP OFF"},"geometry":{"type":"Point","coordinates":[-84.272396,39.347228]}},{"type":"Feature","properties":{"stop_id":"KIN414o","stop_name":"KINGS RUN DR 414"},"geometry":{"type":"Point","coordinates":[-84.509483,39.176868]}},{"type":"Feature","properties":{"stop_id":"KIN429o","stop_name":"KINGS RUN DR 429"},"geometry":{"type":"Point","coordinates":[-84.509872,39.177216]}},{"type":"Feature","properties":{"stop_id":"KINEASi","stop_name":"KINGSLEY DR & EASTWOOD DR"},"geometry":{"type":"Point","coordinates":[-84.407593,39.168804]}},{"type":"Feature","properties":{"stop_id":"KINKINi","stop_name":"KINGS CENTER DR & KINGS MILL RD"},"geometry":{"type":"Point","coordinates":[-84.259987,39.356487]}},{"type":"Feature","properties":{"stop_id":"KINP&Ro","stop_name":"KINGS ISLAND PARK & RIDE"},"geometry":{"type":"Point","coordinates":[-84.27805,39.339646]}},{"type":"Feature","properties":{"stop_id":"KIPMONi","stop_name":"KIPLING AVE & MONFORT HILLS AVE"},"geometry":{"type":"Point","coordinates":[-84.576584,39.201393]}},{"type":"Feature","properties":{"stop_id":"KIPMONo","stop_name":"KIPLING AVE & MONFORT HILLS AVE"},"geometry":{"type":"Point","coordinates":[-84.576241,39.201286]}},{"type":"Feature","properties":{"stop_id":"KIPSHAe","stop_name":"KIPLING AVE & SHADYMIST LN"},"geometry":{"type":"Point","coordinates":[-84.578201,39.200916]}},{"type":"Feature","properties":{"stop_id":"KIPSHAw","stop_name":"KIPLING AVE & SHADYMIST LN"},"geometry":{"type":"Point","coordinates":[-84.577957,39.20113]}},{"type":"Feature","properties":{"stop_id":"KIPSWEe","stop_name":"KIPLING AVE & SWEETBRIAR LN"},"geometry":{"type":"Point","coordinates":[-84.567505,39.201927]}},{"type":"Feature","properties":{"stop_id":"KIPSWEw","stop_name":"KIPLING AVE & SWEETBRIAR LN"},"geometry":{"type":"Point","coordinates":[-84.567154,39.202106]}},{"type":"Feature","properties":{"stop_id":"KIPWILe","stop_name":"KIPLING AVE & WILLOWCOVE DR"},"geometry":{"type":"Point","coordinates":[-84.564964,39.202038]}},{"type":"Feature","properties":{"stop_id":"KIPWILw","stop_name":"KIPLING AVE & WILLOWCOVE DR"},"geometry":{"type":"Point","coordinates":[-84.565056,39.202198]}},{"type":"Feature","properties":{"stop_id":"KIRBRUi","stop_name":"KIRBY AVE & BRUCE AVE"},"geometry":{"type":"Point","coordinates":[-84.546669,39.1674]}},{"type":"Feature","properties":{"stop_id":"KIRBRUo","stop_name":"KIRBY AVE & BRUCE AVE"},"geometry":{"type":"Point","coordinates":[-84.546577,39.167522]}},{"type":"Feature","properties":{"stop_id":"KIRCOLw","stop_name":"KIRBY ROAD & COLERAIN AVENUE"},"geometry":{"type":"Point","coordinates":[-84.572038,39.193497]}},{"type":"Feature","properties":{"stop_id":"KIRFREi","stop_name":"KIRBY AVE & FREDERICK AVE"},"geometry":{"type":"Point","coordinates":[-84.547112,39.171848]}},{"type":"Feature","properties":{"stop_id":"KIRFREo","stop_name":"KIRBY AVE & FREDERICK AVE"},"geometry":{"type":"Point","coordinates":[-84.547035,39.172211]}},{"type":"Feature","properties":{"stop_id":"KN1945io","stop_name":"KNOB CT 1945"},"geometry":{"type":"Point","coordinates":[-84.553421,39.138878]}},{"type":"Feature","properties":{"stop_id":"KNOBLEo","stop_name":"KNOB CT & BLEECKER LN"},"geometry":{"type":"Point","coordinates":[-84.554237,39.138191]}},{"type":"Feature","properties":{"stop_id":"LAF2583o","stop_name":"LAFEUILLE AVE 2583"},"geometry":{"type":"Point","coordinates":[-84.588928,39.132111]}},{"type":"Feature","properties":{"stop_id":"LAFALMi","stop_name":"LAFEUILLE AVE & ALMESTER DR"},"geometry":{"type":"Point","coordinates":[-84.590736,39.135296]}},{"type":"Feature","properties":{"stop_id":"LAFALMo","stop_name":"LAFEUILLE AVE & ALMESTER DR"},"geometry":{"type":"Point","coordinates":[-84.590912,39.135677]}},{"type":"Feature","properties":{"stop_id":"LAFEUGi","stop_name":"LAFEUILLE AVE & EUGENIE LN"},"geometry":{"type":"Point","coordinates":[-84.590279,39.139915]}},{"type":"Feature","properties":{"stop_id":"LAFEUGo","stop_name":"LAFEUILLE AVE & EUGENIE LN"},"geometry":{"type":"Point","coordinates":[-84.590508,39.139801]}},{"type":"Feature","properties":{"stop_id":"LAFEWESo","stop_name":"LAFEUILLE AVE & WESTBROOK DR"},"geometry":{"type":"Point","coordinates":[-84.590942,39.133537]}},{"type":"Feature","properties":{"stop_id":"LAFFLEi","stop_name":"LAFEUILLE AVE & FLEETWOOD AVE"},"geometry":{"type":"Point","coordinates":[-84.590393,39.138676]}},{"type":"Feature","properties":{"stop_id":"LAFFLEo","stop_name":"LAFEUILLE AVE & FLEETWOOD AVE"},"geometry":{"type":"Point","coordinates":[-84.590614,39.138596]}},{"type":"Feature","properties":{"stop_id":"LAFHARi","stop_name":"LAFEUILLE AVE & HARRISON AVE"},"geometry":{"type":"Point","coordinates":[-84.590126,39.140987]}},{"type":"Feature","properties":{"stop_id":"LAFQUEi","stop_name":"LAFEUILLE AVE & QUEEN CITY AVE"},"geometry":{"type":"Point","coordinates":[-84.588882,39.132256]}},{"type":"Feature","properties":{"stop_id":"LAFWESi","stop_name":"LAFEUILLE AVE & WESTBROOK DR"},"geometry":{"type":"Point","coordinates":[-84.590599,39.133423]}},{"type":"Feature","properties":{"stop_id":"LAK4445o","stop_name":"4445 LAKE FOREST DR."},"geometry":{"type":"Point","coordinates":[-84.384399,39.25341]}},{"type":"Feature","properties":{"stop_id":"LAK4480","stop_name":"LAKE FOREST DR 4480"},"geometry":{"type":"Point","coordinates":[-84.384155,39.254047]}},{"type":"Feature","properties":{"stop_id":"LAMARBe","stop_name":"LAMARQUE DR & ARBORCREST CT"},"geometry":{"type":"Point","coordinates":[-84.41526,39.216408]}},{"type":"Feature","properties":{"stop_id":"LAMCOOe","stop_name":"LAMARQUE DR & COOLWOOD CT"},"geometry":{"type":"Point","coordinates":[-84.419616,39.215926]}},{"type":"Feature","properties":{"stop_id":"LAMCOOw","stop_name":"LAMARQUE DR & COOLWOOD CT"},"geometry":{"type":"Point","coordinates":[-84.420715,39.216095]}},{"type":"Feature","properties":{"stop_id":"LAMLONw","stop_name":"LAMARQUE DR & LONGMEADOW LN"},"geometry":{"type":"Point","coordinates":[-84.423225,39.21476]}},{"type":"Feature","properties":{"stop_id":"LANFERe","stop_name":"LANGDON FARM RD & FERNVIEW AVE"},"geometry":{"type":"Point","coordinates":[-84.442088,39.181561]}},{"type":"Feature","properties":{"stop_id":"LANFERw","stop_name":"LANGDON FARM RD & FERNVIEW AVE"},"geometry":{"type":"Point","coordinates":[-84.442239,39.181652]}},{"type":"Feature","properties":{"stop_id":"LANGSEYw","stop_name":"LANGDON FARM RD & SEYMOUR AVE"},"geometry":{"type":"Point","coordinates":[-84.455544,39.182503]}},{"type":"Feature","properties":{"stop_id":"LANHAMw","stop_name":"LANGDON FARM RD & HAMMEL AVE"},"geometry":{"type":"Point","coordinates":[-84.446503,39.181984]}},{"type":"Feature","properties":{"stop_id":"LANMONo","stop_name":"LANGDON FARM RD & MONTGOMERY RD"},"geometry":{"type":"Point","coordinates":[-84.434761,39.179844]}},{"type":"Feature","properties":{"stop_id":"LANTULe","stop_name":"LANGDON FARM RD & TULANE RD"},"geometry":{"type":"Point","coordinates":[-84.438789,39.181324]}},{"type":"Feature","properties":{"stop_id":"LANTULw","stop_name":"LANGDON FARM RD & TULANE RD"},"geometry":{"type":"Point","coordinates":[-84.438492,39.181469]}},{"type":"Feature","properties":{"stop_id":"LANWIEw","stop_name":"LANGDON FARM RD & WIEHE RD"},"geometry":{"type":"Point","coordinates":[-84.453232,39.18243]}},{"type":"Feature","properties":{"stop_id":"LEBCOTs","stop_name":"Lebanon Rd & Cottingham Dr"},"geometry":{"type":"Point","coordinates":[-84.392715,39.295013]}},{"type":"Feature","properties":{"stop_id":"LEBCRYn","stop_name":"LEBANON RD & CRYSTALVIEW CT"},"geometry":{"type":"Point","coordinates":[-84.393707,39.29237]}},{"type":"Feature","properties":{"stop_id":"LEBCRYs","stop_name":"LENANON RD & CRYSTALVIEW CT"},"geometry":{"type":"Point","coordinates":[-84.394188,39.291924]}},{"type":"Feature","properties":{"stop_id":"LEBKEMn","stop_name":"LEBANON RD & KEMPER RD"},"geometry":{"type":"Point","coordinates":[-84.400856,39.283634]}},{"type":"Feature","properties":{"stop_id":"LEBKEMs","stop_name":"LEBANON RD & KEMPER RD"},"geometry":{"type":"Point","coordinates":[-84.402817,39.282337]}},{"type":"Feature","properties":{"stop_id":"LEBPINn","stop_name":"LENANON RD & PINE AVE"},"geometry":{"type":"Point","coordinates":[-84.407272,39.279034]}},{"type":"Feature","properties":{"stop_id":"LEBPINs","stop_name":"LEBANON RD & PINE AVE"},"geometry":{"type":"Point","coordinates":[-84.407181,39.279259]}},{"type":"Feature","properties":{"stop_id":"LEBREAn","stop_name":"LEBANON RD & READING RD"},"geometry":{"type":"Point","coordinates":[-84.410095,39.275967]}},{"type":"Feature","properties":{"stop_id":"LEBREAs","stop_name":"LEBANON RD & READING RD"},"geometry":{"type":"Point","coordinates":[-84.410202,39.276024]}},{"type":"Feature","properties":{"stop_id":"LEBSPKn","stop_name":"Lebanon & Sharon Park Northbound"},"geometry":{"type":"Point","coordinates":[-84.397255,39.286449]}},{"type":"Feature","properties":{"stop_id":"LEBSPKs","stop_name":"Lebanon & Sharon Park Southbound"},"geometry":{"type":"Point","coordinates":[-84.397385,39.28661]}},{"type":"Feature","properties":{"stop_id":"LEGADAi","stop_name":"LEGGETT ST & ADAMS ST"},"geometry":{"type":"Point","coordinates":[-84.457146,39.244682]}},{"type":"Feature","properties":{"stop_id":"LEGADAo","stop_name":"LEGGETT ST & ADAMS ST"},"geometry":{"type":"Point","coordinates":[-84.457016,39.24445]}},{"type":"Feature","properties":{"stop_id":"LEGCHIi","stop_name":"LEGGETT ST & CHICAGO AVE"},"geometry":{"type":"Point","coordinates":[-84.456711,39.248413]}},{"type":"Feature","properties":{"stop_id":"LEGCHIo","stop_name":"LEGGETT ST & CHICAGO AVE"},"geometry":{"type":"Point","coordinates":[-84.456581,39.248646]}},{"type":"Feature","properties":{"stop_id":"LEGSTEi","stop_name":"LEGGETT ST & STEFFEN AVE"},"geometry":{"type":"Point","coordinates":[-84.45755,39.239632]}},{"type":"Feature","properties":{"stop_id":"LES5303i","stop_name":"LESTER RD 5303"},"geometry":{"type":"Point","coordinates":[-84.432686,39.171127]}},{"type":"Feature","properties":{"stop_id":"LES5332o","stop_name":"LESTER RD 5332"},"geometry":{"type":"Point","coordinates":[-84.432434,39.170708]}},{"type":"Feature","properties":{"stop_id":"LES5415i","stop_name":"LESTER RD 5415"},"geometry":{"type":"Point","coordinates":[-84.432739,39.172169]}},{"type":"Feature","properties":{"stop_id":"LES5428o","stop_name":"LESTER RD 5428"},"geometry":{"type":"Point","coordinates":[-84.432541,39.172474]}},{"type":"Feature","properties":{"stop_id":"LESDOUi","stop_name":"LESTER RD & DOUGLAS TER"},"geometry":{"type":"Point","coordinates":[-84.431587,39.178822]}},{"type":"Feature","properties":{"stop_id":"LESDOUo","stop_name":"LESTER RD & DOUGLAS TER"},"geometry":{"type":"Point","coordinates":[-84.431442,39.178703]}},{"type":"Feature","properties":{"stop_id":"LESHIGi","stop_name":"LESTER RD & HIGHLAND AVE"},"geometry":{"type":"Point","coordinates":[-84.432091,39.16687]}},{"type":"Feature","properties":{"stop_id":"LESMAPi","stop_name":"LESTER RD & MAPLELEAF AVE"},"geometry":{"type":"Point","coordinates":[-84.432152,39.17477]}},{"type":"Feature","properties":{"stop_id":"LESMAPo","stop_name":"LESTER RD & MAPLELEAF AVE"},"geometry":{"type":"Point","coordinates":[-84.432098,39.174519]}},{"type":"Feature","properties":{"stop_id":"LESMONi","stop_name":"LESTER RD & MONTGOMERY RD"},"geometry":{"type":"Point","coordinates":[-84.431526,39.180527]}},{"type":"Feature","properties":{"stop_id":"LESMONo","stop_name":"LESTER RD & MONTGOMERY RD"},"geometry":{"type":"Point","coordinates":[-84.431404,39.180691]}},{"type":"Feature","properties":{"stop_id":"LIBBEEe","stop_name":"W. LIBERTY ST & BEECH AVE"},"geometry":{"type":"Point","coordinates":[-84.577095,39.116879]}},{"type":"Feature","properties":{"stop_id":"LIBCENe","stop_name":"LIBERTY ST & CENTRAL AVE"},"geometry":{"type":"Point","coordinates":[-84.522751,39.113235]}},{"type":"Feature","properties":{"stop_id":"LIBCENw","stop_name":"LIBERTY ST & CENTRAL PARKWAY"},"geometry":{"type":"Point","coordinates":[-84.521797,39.113464]}},{"type":"Feature","properties":{"stop_id":"LIBCUMi","stop_name":"LIBERTY HILL & CUMBER ST"},"geometry":{"type":"Point","coordinates":[-84.506958,39.112427]}},{"type":"Feature","properties":{"stop_id":"LIBELMi","stop_name":"LIBERTY ST & ELM ST"},"geometry":{"type":"Point","coordinates":[-84.519508,39.11301]}},{"type":"Feature","properties":{"stop_id":"LIBELMw","stop_name":"LIBERTY ST & ELM ST"},"geometry":{"type":"Point","coordinates":[-84.519142,39.113174]}},{"type":"Feature","properties":{"stop_id":"LIBENQi","stop_name":"LIBERTY ST & ENQUIRER BUILDING"},"geometry":{"type":"Point","coordinates":[-84.533257,39.113914]}},{"type":"Feature","properties":{"stop_id":"LIBGILw","stop_name":"W LIBERTY ST & GILSEY AVE"},"geometry":{"type":"Point","coordinates":[-84.580811,39.117233]}},{"type":"Feature","properties":{"stop_id":"LIBHIGo","stop_name":"LIBERTY HILL & HIGHLAND AVE"},"geometry":{"type":"Point","coordinates":[-84.504028,39.112888]}},{"type":"Feature","properties":{"stop_id":"LIBJOHi","stop_name":"LIBERTY ST & JOHN ST"},"geometry":{"type":"Point","coordinates":[-84.524429,39.113358]}},{"type":"Feature","properties":{"stop_id":"LIBJOHw","stop_name":"LIBERTY ST & JOHN ST"},"geometry":{"type":"Point","coordinates":[-84.524155,39.113464]}},{"type":"Feature","properties":{"stop_id":"LIBLINi","stop_name":"LIBERTY ST & LINN ST"},"geometry":{"type":"Point","coordinates":[-84.52771,39.113506]}},{"type":"Feature","properties":{"stop_id":"LIBLINo","stop_name":"LIBERTY ST & LINN ST"},"geometry":{"type":"Point","coordinates":[-84.527779,39.113705]}},{"type":"Feature","properties":{"stop_id":"LIBLOCi","stop_name":"LIBERTY ST & LOCKHURST LN"},"geometry":{"type":"Point","coordinates":[-84.529396,39.113647]}},{"type":"Feature","properties":{"stop_id":"LIBLOCo","stop_name":"LIBERTY ST & LOCKHURST LN"},"geometry":{"type":"Point","coordinates":[-84.52951,39.113819]}},{"type":"Feature","properties":{"stop_id":"LIBMAIw","stop_name":"LIBERTY ST & MAIN ST"},"geometry":{"type":"Point","coordinates":[-84.513016,39.112759]}},{"type":"Feature","properties":{"stop_id":"LIBMANw","stop_name":"W. LIBERTY ST & MANSS AVE"},"geometry":{"type":"Point","coordinates":[-84.577751,39.117081]}},{"type":"Feature","properties":{"stop_id":"LIBRACe","stop_name":"LIBERTY ST & RACE ST"},"geometry":{"type":"Point","coordinates":[-84.517349,39.112915]}},{"type":"Feature","properties":{"stop_id":"LIBRACw","stop_name":"LIBERTY ST & RACE ST"},"geometry":{"type":"Point","coordinates":[-84.517426,39.113075]}},{"type":"Feature","properties":{"stop_id":"LIBSYCi","stop_name":"LIBERTY ST & SYCAMORE ST"},"geometry":{"type":"Point","coordinates":[-84.51136,39.112659]}},{"type":"Feature","properties":{"stop_id":"LIBSYCo","stop_name":"LIBERTY ST & SYCAMORE ST"},"geometry":{"type":"Point","coordinates":[-84.511086,39.112511]}},{"type":"Feature","properties":{"stop_id":"LIBWALe","stop_name":"LIBERTY ST & WALNUT ST"},"geometry":{"type":"Point","coordinates":[-84.513939,39.112659]}},{"type":"Feature","properties":{"stop_id":"LIBWESo","stop_name":"LIBERTY ST & WESTERN AVE"},"geometry":{"type":"Point","coordinates":[-84.532967,39.114056]}},{"type":"Feature","properties":{"stop_id":"LIBYOUo","stop_name":"LIBERTY HILL & YOUNG ST"},"geometry":{"type":"Point","coordinates":[-84.506866,39.112297]}},{"type":"Feature","properties":{"stop_id":"LILKROw","stop_name":"LILA AVE & KROGERS"},"geometry":{"type":"Point","coordinates":[-84.281593,39.175465]}},{"type":"Feature","properties":{"stop_id":"LIN1070i","stop_name":"LINN ST 1070"},"geometry":{"type":"Point","coordinates":[-84.528122,39.106777]}},{"type":"Feature","properties":{"stop_id":"LIN1413i","stop_name":"LINN ST 1413"},"geometry":{"type":"Point","coordinates":[-84.527779,39.110344]}},{"type":"Feature","properties":{"stop_id":"LIN5THi","stop_name":"LINN ST & 5TH ST"},"geometry":{"type":"Point","coordinates":[-84.529991,39.098793]}},{"type":"Feature","properties":{"stop_id":"LIN5THo","stop_name":"LINN ST& 5TH ST"},"geometry":{"type":"Point","coordinates":[-84.529701,39.098614]}},{"type":"Feature","properties":{"stop_id":"LIN8THi","stop_name":"LINN ST & WEST 8TH ST"},"geometry":{"type":"Point","coordinates":[-84.530002,39.102831]}},{"type":"Feature","properties":{"stop_id":"LIN8THo","stop_name":"LINN ST & 8TH ST"},"geometry":{"type":"Point","coordinates":[-84.529528,39.102835]}},{"type":"Feature","properties":{"stop_id":"LINBETo","stop_name":"LINN ST & BETTON ST"},"geometry":{"type":"Point","coordinates":[-84.527496,39.110435]}},{"type":"Feature","properties":{"stop_id":"LINBEVi","stop_name":"LINWOOD AVE & BEVERLY HILL DR"},"geometry":{"type":"Point","coordinates":[-84.421303,39.125809]}},{"type":"Feature","properties":{"stop_id":"LINBEVo","stop_name":"LINWOOD AVE & BEVERLY HILL DR"},"geometry":{"type":"Point","coordinates":[-84.421219,39.125622]}},{"type":"Feature","properties":{"stop_id":"LINCHEo","stop_name":"LINN ST & CHESTNUT ST"},"geometry":{"type":"Point","coordinates":[-84.527855,39.107296]}},{"type":"Feature","properties":{"stop_id":"LINCLAi","stop_name":"LINN ST & CLARK ST"},"geometry":{"type":"Point","coordinates":[-84.527969,39.107948]}},{"type":"Feature","properties":{"stop_id":"LINDALo","stop_name":"LINN ST & DALTON AVE"},"geometry":{"type":"Point","coordinates":[-84.530144,39.10112]}},{"type":"Feature","properties":{"stop_id":"LINDAYi","stop_name":"LINN ST & DAYTON ST"},"geometry":{"type":"Point","coordinates":[-84.527077,39.118244]}},{"type":"Feature","properties":{"stop_id":"LINDAYo","stop_name":"LINN ST & DAYTON ST"},"geometry":{"type":"Point","coordinates":[-84.526886,39.11805]}},{"type":"Feature","properties":{"stop_id":"LINDELs","stop_name":"MT LOOKOUT SQUARE - LINWOOD AVE & DELTA"},"geometry":{"type":"Point","coordinates":[-84.430328,39.128212]}},{"type":"Feature","properties":{"stop_id":"LINDERi","stop_name":"LINN ST & DERRICK TURNBOW AVE"},"geometry":{"type":"Point","coordinates":[-84.527672,39.111446]}},{"type":"Feature","properties":{"stop_id":"LINDERo","stop_name":"LINN ST & DERRICK TURNBOW AVE"},"geometry":{"type":"Point","coordinates":[-84.527443,39.111153]}},{"type":"Feature","properties":{"stop_id":"LINELLi","stop_name":"LINWOOD AVE & ELLISON AVE"},"geometry":{"type":"Point","coordinates":[-84.429199,39.127289]}},{"type":"Feature","properties":{"stop_id":"LINEZZi","stop_name":"LINN ST & EZZARD CHARLES DR"},"geometry":{"type":"Point","coordinates":[-84.527924,39.108887]}},{"type":"Feature","properties":{"stop_id":"LINEZZo","stop_name":"LINN ST & EZZARD CHARLES DR"},"geometry":{"type":"Point","coordinates":[-84.527596,39.109608]}},{"type":"Feature","properties":{"stop_id":"LINGESi","stop_name":"LINN ST & GEST ST"},"geometry":{"type":"Point","coordinates":[-84.527283,39.097752]}},{"type":"Feature","properties":{"stop_id":"LINGESo","stop_name":"LINN ST & GEST ST"},"geometry":{"type":"Point","coordinates":[-84.527718,39.097866]}},{"type":"Feature","properties":{"stop_id":"LINHERo","stop_name":"LINWOOD AVE & HERSCHEL AVE"},"geometry":{"type":"Point","coordinates":[-84.424896,39.126682]}},{"type":"Feature","properties":{"stop_id":"LINLIBi","stop_name":"LINN ST & LIBERTY ST"},"geometry":{"type":"Point","coordinates":[-84.527603,39.113792]}},{"type":"Feature","properties":{"stop_id":"LINLIBo","stop_name":"LINN ST& LIBERTY ST"},"geometry":{"type":"Point","coordinates":[-84.527367,39.113327]}},{"type":"Feature","properties":{"stop_id":"LINN908w","stop_name":"W 8TH WEST of LINN ST"},"geometry":{"type":"Point","coordinates":[-84.530418,39.103493]}},{"type":"Feature","properties":{"stop_id":"LINPOPi","stop_name":"LINN ST & POPLAR ST"},"geometry":{"type":"Point","coordinates":[-84.527443,39.114952]}},{"type":"Feature","properties":{"stop_id":"LINPOPo","stop_name":"LINN ST & POPLAR ST"},"geometry":{"type":"Point","coordinates":[-84.527298,39.114746]}},{"type":"Feature","properties":{"stop_id":"LINSHEi","stop_name":"LINWOOD AVE & SHEFFIELD AVE"},"geometry":{"type":"Point","coordinates":[-84.418663,39.123951]}},{"type":"Feature","properties":{"stop_id":"LINSHEo","stop_name":"LINWOOD AVE & SHEFFIELD AVE"},"geometry":{"type":"Point","coordinates":[-84.418991,39.124023]}},{"type":"Feature","properties":{"stop_id":"LINTWEi","stop_name":"LINWOOD AVE & TWEED AVE"},"geometry":{"type":"Point","coordinates":[-84.425751,39.127216]}},{"type":"Feature","properties":{"stop_id":"LINVANi","stop_name":"LINWOOD AVE & VANDYKE AVE"},"geometry":{"type":"Point","coordinates":[-84.427773,39.127121]}},{"type":"Feature","properties":{"stop_id":"LINVANo","stop_name":"LINWOOD AVE & VAN DYKE AVE"},"geometry":{"type":"Point","coordinates":[-84.427521,39.126961]}},{"type":"Feature","properties":{"stop_id":"LONLAMe","stop_name":"LONGMEADOW LN & LAMARQUE DR"},"geometry":{"type":"Point","coordinates":[-84.423332,39.214577]}},{"type":"Feature","properties":{"stop_id":"LOS2316w","stop_name":"LOSANTIVILLE AVE 2316"},"geometry":{"type":"Point","coordinates":[-84.448692,39.190968]}},{"type":"Feature","properties":{"stop_id":"LOS2917e","stop_name":"LOSANTIVILLE AVE 2917"},"geometry":{"type":"Point","coordinates":[-84.431885,39.185009]}},{"type":"Feature","properties":{"stop_id":"LOSBONw","stop_name":"LOSANTIVILLE AVE & BONA VISTA PL"},"geometry":{"type":"Point","coordinates":[-84.432144,39.185394]}},{"type":"Feature","properties":{"stop_id":"LOSBREe","stop_name":"LOSANTIVILLE AVE & BREMONT AVE"},"geometry":{"type":"Point","coordinates":[-84.439156,39.187927]}},{"type":"Feature","properties":{"stop_id":"LOSELBi","stop_name":"LOSANTIVILLE AVE & ELBROOK AVE"},"geometry":{"type":"Point","coordinates":[-84.449615,39.190861]}},{"type":"Feature","properties":{"stop_id":"LOSENGw","stop_name":"LOSANTIVILLE AVE & ENGLEWOOD AVE"},"geometry":{"type":"Point","coordinates":[-84.438522,39.18784]}},{"type":"Feature","properties":{"stop_id":"LOSFAIe","stop_name":"LOSANTIVILLE AVE & FAIR OAKS AVE"},"geometry":{"type":"Point","coordinates":[-84.441612,39.190346]}},{"type":"Feature","properties":{"stop_id":"LOSFAIw","stop_name":"LOSANTIVILLE AVE & FAIR OAKS AVE"},"geometry":{"type":"Point","coordinates":[-84.441315,39.190487]}},{"type":"Feature","properties":{"stop_id":"LOSGIRe","stop_name":"LOSANTIVILLE AVE & GIRARD AVE"},"geometry":{"type":"Point","coordinates":[-84.436546,39.187294]}},{"type":"Feature","properties":{"stop_id":"LOSGIRw","stop_name":"LOSANTIVILLE AVE & GIRARD AVE"},"geometry":{"type":"Point","coordinates":[-84.436295,39.187408]}},{"type":"Feature","properties":{"stop_id":"LOSHAMe","stop_name":"LOSANTIVILLE AVE & HAMMEL AVE"},"geometry":{"type":"Point","coordinates":[-84.445488,39.190586]}},{"type":"Feature","properties":{"stop_id":"LOSHAMw","stop_name":"LOSANTIVILLE AVE & HAMMEL AVE"},"geometry":{"type":"Point","coordinates":[-84.445602,39.190754]}},{"type":"Feature","properties":{"stop_id":"LOSMONe","stop_name":"LOSANTIVILLE AVE & MONTGOMERY RD"},"geometry":{"type":"Point","coordinates":[-84.429031,39.181854]}},{"type":"Feature","properties":{"stop_id":"LOSSTOo","stop_name":"LOSANTIVILLE AVE & STOVER AVE"},"geometry":{"type":"Point","coordinates":[-84.451248,39.191132]}},{"type":"Feature","properties":{"stop_id":"LUD252w","stop_name":"LUDLOW AVE 252"},"geometry":{"type":"Point","coordinates":[-84.517204,39.142735]}},{"type":"Feature","properties":{"stop_id":"LUD275e","stop_name":"LUDLOW AVE 275"},"geometry":{"type":"Point","coordinates":[-84.5187,39.143208]}},{"type":"Feature","properties":{"stop_id":"LUDBROe","stop_name":"LUDLOW AVE & BROOKLINE AVE"},"geometry":{"type":"Point","coordinates":[-84.515594,39.142139]}},{"type":"Feature","properties":{"stop_id":"LUDBROw","stop_name":"LUDLOW AVE & BROOKLINE AVE"},"geometry":{"type":"Point","coordinates":[-84.515724,39.142319]}},{"type":"Feature","properties":{"stop_id":"LUDCLIFo","stop_name":"LUDLOW AVE & CLIFTON HILLS AVE"},"geometry":{"type":"Point","coordinates":[-84.532677,39.148712]}},{"type":"Feature","properties":{"stop_id":"LUDCLIi","stop_name":"LUDLOW AVE & CLIFTON HILLS AVE"},"geometry":{"type":"Point","coordinates":[-84.532532,39.148087]}},{"type":"Feature","properties":{"stop_id":"LUDLAFi","stop_name":"LUDLOW AVE & LAFAYETTE AVE"},"geometry":{"type":"Point","coordinates":[-84.533775,39.150166]}},{"type":"Feature","properties":{"stop_id":"LUDLAFo","stop_name":"LUDLOW AVE & LAFAYETTE AVE"},"geometry":{"type":"Point","coordinates":[-84.533607,39.150299]}},{"type":"Feature","properties":{"stop_id":"LUDLUDi","stop_name":"LUDLOW AVE & OLD LUDLOW AVE"},"geometry":{"type":"Point","coordinates":[-84.531212,39.146999]}},{"type":"Feature","properties":{"stop_id":"LUDLYLo","stop_name":"LUDLOW AVE & LYLEBURN PL"},"geometry":{"type":"Point","coordinates":[-84.525871,39.144924]}},{"type":"Feature","properties":{"stop_id":"LUDMIDi","stop_name":"LUDLOW AVE & MIDDLETON AVE"},"geometry":{"type":"Point","coordinates":[-84.522461,39.143864]}},{"type":"Feature","properties":{"stop_id":"LUDMIDo","stop_name":"LUDLOW AVE & MIDDLETON AVE"},"geometry":{"type":"Point","coordinates":[-84.522224,39.143997]}},{"type":"Feature","properties":{"stop_id":"LUDMORi","stop_name":"LUDLOW AVE & MORRISON PL"},"geometry":{"type":"Point","coordinates":[-84.528557,39.145706]}},{"type":"Feature","properties":{"stop_id":"LUDMORo","stop_name":"LUDLOW AVE & MORRISON PL"},"geometry":{"type":"Point","coordinates":[-84.528038,39.145702]}},{"type":"Feature","properties":{"stop_id":"LUDOLDo","stop_name":"LUDLOW AVE & OLD LUDLOW AVE"},"geometry":{"type":"Point","coordinates":[-84.531189,39.147205]}},{"type":"Feature","properties":{"stop_id":"LUDORMi","stop_name":"LUDLOW AVE & ORMOND AVE"},"geometry":{"type":"Point","coordinates":[-84.521248,39.143688]}},{"type":"Feature","properties":{"stop_id":"LUDRUEi","stop_name":"LUDLOW AVE & RUE DE LA PAIX"},"geometry":{"type":"Point","coordinates":[-84.535408,39.152512]}},{"type":"Feature","properties":{"stop_id":"LUDRUEo","stop_name":"LUDLOW AVE & RUE DE LA PAIX"},"geometry":{"type":"Point","coordinates":[-84.53511,39.152519]}},{"type":"Feature","properties":{"stop_id":"LUDSHEi","stop_name":"LUDLOW AVE & SHERLOCK AVE"},"geometry":{"type":"Point","coordinates":[-84.525406,39.14447]}},{"type":"Feature","properties":{"stop_id":"LUDTELo","stop_name":"LUDLOW AVE & TELFORD ST"},"geometry":{"type":"Point","coordinates":[-84.5205,39.143742]}},{"type":"Feature","properties":{"stop_id":"LUDWHIi","stop_name":"LUDLOW AVE & WHITFIELD AVE"},"geometry":{"type":"Point","coordinates":[-84.523918,39.144089]}},{"type":"Feature","properties":{"stop_id":"LUDWHIo","stop_name":"LUDLOW AVE & WHITFIELD AVE"},"geometry":{"type":"Point","coordinates":[-84.523369,39.144157]}},{"type":"Feature","properties":{"stop_id":"MAD1808o","stop_name":"MADISON RD 1808"},"geometry":{"type":"Point","coordinates":[-84.471855,39.129845]}},{"type":"Feature","properties":{"stop_id":"MAD3310e","stop_name":"MADISON RD 3310"},"geometry":{"type":"Point","coordinates":[-84.42614,39.155682]}},{"type":"Feature","properties":{"stop_id":"MAD3311o","stop_name":"MADISON RD 3311"},"geometry":{"type":"Point","coordinates":[-84.426003,39.155556]}},{"type":"Feature","properties":{"stop_id":"MAD5019o","stop_name":"MADISON ROAD 5019"},"geometry":{"type":"Point","coordinates":[-84.409218,39.161655]}},{"type":"Feature","properties":{"stop_id":"MAD5050i","stop_name":"MADISON RD 5050"},"geometry":{"type":"Point","coordinates":[-84.408829,39.161793]}},{"type":"Feature","properties":{"stop_id":"MAD5055o","stop_name":"MADISON RD 5055"},"geometry":{"type":"Point","coordinates":[-84.408142,39.161587]}},{"type":"Feature","properties":{"stop_id":"MAD5207o","stop_name":"MADISON RD 5207"},"geometry":{"type":"Point","coordinates":[-84.405807,39.161434]}},{"type":"Feature","properties":{"stop_id":"MAD5428i","stop_name":"MADISON RD 5428"},"geometry":{"type":"Point","coordinates":[-84.400507,39.161182]}},{"type":"Feature","properties":{"stop_id":"MADANDi","stop_name":"MADISON RD & ANDERSON PL"},"geometry":{"type":"Point","coordinates":[-84.399017,39.16111]}},{"type":"Feature","properties":{"stop_id":"MADANDo","stop_name":"MADISON RD & ANDERSON PL"},"geometry":{"type":"Point","coordinates":[-84.399269,39.160969]}},{"type":"Feature","properties":{"stop_id":"MADANNi","stop_name":"MADISON RD & ANNWOOD AVE"},"geometry":{"type":"Point","coordinates":[-84.467545,39.130455]}},{"type":"Feature","properties":{"stop_id":"MADBAKo","stop_name":"MADISON RD & BAKER PL"},"geometry":{"type":"Point","coordinates":[-84.466728,39.130463]}},{"type":"Feature","properties":{"stop_id":"MADBEDo","stop_name":"MADISON RD & BEDFORD AVE"},"geometry":{"type":"Point","coordinates":[-84.458778,39.133572]}},{"type":"Feature","properties":{"stop_id":"MADBROi","stop_name":"MADISON RD & BROTHERTON RD"},"geometry":{"type":"Point","coordinates":[-84.428261,39.154362]}},{"type":"Feature","properties":{"stop_id":"MADBROo","stop_name":"MADISON RD & BROTHERTON RD"},"geometry":{"type":"Point","coordinates":[-84.427734,39.154469]}},{"type":"Feature","properties":{"stop_id":"MADBURi","stop_name":"MADISON RD & BURCH AVE"},"geometry":{"type":"Point","coordinates":[-84.446686,39.143242]}},{"type":"Feature","properties":{"stop_id":"MADBURo","stop_name":"MADISON RD & BURCH AVE"},"geometry":{"type":"Point","coordinates":[-84.447098,39.14278]}},{"type":"Feature","properties":{"stop_id":"MADCHAo","stop_name":"MADISON RD & CHARLEMAR DR"},"geometry":{"type":"Point","coordinates":[-84.410736,39.161755]}},{"type":"Feature","properties":{"stop_id":"MADCINi","stop_name":"MADISON RD & CINNAMON ST"},"geometry":{"type":"Point","coordinates":[-84.462387,39.132195]}},{"type":"Feature","properties":{"stop_id":"MADCINo","stop_name":"MADISON RD & CINNAMON ST"},"geometry":{"type":"Point","coordinates":[-84.46225,39.132053]}},{"type":"Feature","properties":{"stop_id":"MADCOLi","stop_name":"MADISON RD & COLLINWOOD PL"},"geometry":{"type":"Point","coordinates":[-84.412209,39.162014]}},{"type":"Feature","properties":{"stop_id":"MADDAWi","stop_name":"MADEIRA DAWSON RD LAYOVER"},"geometry":{"type":"Point","coordinates":[-84.364166,39.187794]}},{"type":"Feature","properties":{"stop_id":"MADDRAKo","stop_name":"MADISON RD & DRAKEWOOD DR"},"geometry":{"type":"Point","coordinates":[-84.433031,39.151095]}},{"type":"Feature","properties":{"stop_id":"MADDRAo","stop_name":"MADISON RD & DRAKE RD"},"geometry":{"type":"Point","coordinates":[-84.435371,39.149639]}},{"type":"Feature","properties":{"stop_id":"MADEASi","stop_name":"MADISON RD & EAST HILL AVE"},"geometry":{"type":"Point","coordinates":[-84.457756,39.135479]}},{"type":"Feature","properties":{"stop_id":"MADEASo","stop_name":"MADISON RD & EAST HILL AVE"},"geometry":{"type":"Point","coordinates":[-84.457565,39.135391]}},{"type":"Feature","properties":{"stop_id":"MADEAWi","stop_name":"MADISON RD & EASTWOOD CIR"},"geometry":{"type":"Point","coordinates":[-84.410255,39.161888]}},{"type":"Feature","properties":{"stop_id":"MADEDW","stop_name":"MADISON RD & EDWARDS RD"},"geometry":{"type":"Point","coordinates":[-84.442268,39.145687]}},{"type":"Feature","properties":{"stop_id":"MADEDWi","stop_name":"MADISON RD & EDWARDS RD"},"geometry":{"type":"Point","coordinates":[-84.442513,39.145733]}},{"type":"Feature","properties":{"stop_id":"MADEILi","stop_name":"MADISON RD & EILEEN DR"},"geometry":{"type":"Point","coordinates":[-84.435921,39.149483]}},{"type":"Feature","properties":{"stop_id":"MADELMi","stop_name":"MADISON RD & ELMHURST AVE"},"geometry":{"type":"Point","coordinates":[-84.464462,39.131607]}},{"type":"Feature","properties":{"stop_id":"MADELMo","stop_name":"MADISON RD & ELMHURST AVE"},"geometry":{"type":"Point","coordinates":[-84.464561,39.131367]}},{"type":"Feature","properties":{"stop_id":"MADERIi","stop_name":"MADISON RD & ERIE AVE"},"geometry":{"type":"Point","coordinates":[-84.450897,39.140701]}},{"type":"Feature","properties":{"stop_id":"MADERIo","stop_name":"MADISON RD & ERIE AVE"},"geometry":{"type":"Point","coordinates":[-84.450523,39.140717]}},{"type":"Feature","properties":{"stop_id":"MADFAIi","stop_name":"MADISON RD & FAIRFIELD AVE"},"geometry":{"type":"Point","coordinates":[-84.472343,39.129986]}},{"type":"Feature","properties":{"stop_id":"MADGILi","stop_name":"MADISON RD & GILMORE AVE"},"geometry":{"type":"Point","coordinates":[-84.430428,39.153042]}},{"type":"Feature","properties":{"stop_id":"MADGILo","stop_name":"MADISON RD & GILMORE AVE"},"geometry":{"type":"Point","coordinates":[-84.430534,39.152763]}},{"type":"Feature","properties":{"stop_id":"MADGRAo","stop_name":"MADISON RD & GRANDIN RD"},"geometry":{"type":"Point","coordinates":[-84.459717,39.132866]}},{"type":"Feature","properties":{"stop_id":"MADHACi","stop_name":"MADISON RD & HACKBERRY ST"},"geometry":{"type":"Point","coordinates":[-84.47522,39.129757]}},{"type":"Feature","properties":{"stop_id":"MADHACo","stop_name":"MADISON RD & HACKBERRY ST"},"geometry":{"type":"Point","coordinates":[-84.475067,39.129604]}},{"type":"Feature","properties":{"stop_id":"MADHYDi","stop_name":"MADISON RD & HYDE PARK AVE"},"geometry":{"type":"Point","coordinates":[-84.437134,39.148651]}},{"type":"Feature","properties":{"stop_id":"MADHYDo","stop_name":"MADISON RD & HYDE PARK AVE"},"geometry":{"type":"Point","coordinates":[-84.436569,39.148819]}},{"type":"Feature","properties":{"stop_id":"MADKENi","stop_name":"MADISON RD & KENNEDY"},"geometry":{"type":"Point","coordinates":[-84.418304,39.159904]}},{"type":"Feature","properties":{"stop_id":"MADKEYo","stop_name":"MADISON RD & KEYS CRESCENT"},"geometry":{"type":"Point","coordinates":[-84.469055,39.130051]}},{"type":"Feature","properties":{"stop_id":"MADMADBo","stop_name":"MADISON RD & MADISON BOWL"},"geometry":{"type":"Point","coordinates":[-84.413925,39.161453]}},{"type":"Feature","properties":{"stop_id":"MADMAPo","stop_name":"MADISON RD & MAPLE PARK AVE"},"geometry":{"type":"Point","coordinates":[-84.4403,39.146366]}},{"type":"Feature","properties":{"stop_id":"MADMARi","stop_name":"MADISON RD & MARKBREIT AVE"},"geometry":{"type":"Point","coordinates":[-84.433248,39.151401]}},{"type":"Feature","properties":{"stop_id":"MADMATi","stop_name":"MADISON RD & MATHIS ST"},"geometry":{"type":"Point","coordinates":[-84.390625,39.160526]}},{"type":"Feature","properties":{"stop_id":"MADMATo","stop_name":"MADISON RD & MATHIS ST"},"geometry":{"type":"Point","coordinates":[-84.390854,39.160378]}},{"type":"Feature","properties":{"stop_id":"MADMILi","stop_name":"MADISON RD & MILLSBRAE AVE"},"geometry":{"type":"Point","coordinates":[-84.439544,39.146967]}},{"type":"Feature","properties":{"stop_id":"MADOAKi","stop_name":"MADISON RD & OAKLAWN DR"},"geometry":{"type":"Point","coordinates":[-84.413757,39.161694]}},{"type":"Feature","properties":{"stop_id":"MADOAKo","stop_name":"MADISON RD & OAKLAWN DR"},"geometry":{"type":"Point","coordinates":[-84.412895,39.161835]}},{"type":"Feature","properties":{"stop_id":"MADOBSi","stop_name":"MADISON RD & OBSERVATORY AVE"},"geometry":{"type":"Point","coordinates":[-84.455132,39.138195]}},{"type":"Feature","properties":{"stop_id":"MADOBSo","stop_name":"MADISON RD & OBSERVATORY AVE"},"geometry":{"type":"Point","coordinates":[-84.453773,39.138737]}},{"type":"Feature","properties":{"stop_id":"MADPAUi","stop_name":"MADISON RD & PAUL ST"},"geometry":{"type":"Point","coordinates":[-84.4589,39.133793]}},{"type":"Feature","properties":{"stop_id":"MADRAVi","stop_name":"MADISON RD & RAVENNA ST"},"geometry":{"type":"Point","coordinates":[-84.394714,39.160805]}},{"type":"Feature","properties":{"stop_id":"MADRAVo","stop_name":"MADISON RD & RAVENNA ST"},"geometry":{"type":"Point","coordinates":[-84.394485,39.160625]}},{"type":"Feature","properties":{"stop_id":"MADREDBi","stop_name":"MADISON RD EAST OF RED BANK"},"geometry":{"type":"Point","coordinates":[-84.406647,39.161655]}},{"type":"Feature","properties":{"stop_id":"MADREDi","stop_name":"MADISON RD & RED BANK"},"geometry":{"type":"Point","coordinates":[-84.403938,39.161461]}},{"type":"Feature","properties":{"stop_id":"MADREDo","stop_name":"MADISON RD & RED BANK EXPY"},"geometry":{"type":"Point","coordinates":[-84.402931,39.161228]}},{"type":"Feature","properties":{"stop_id":"MADRIDw","stop_name":"MADISON RD & RIDGE AVE"},"geometry":{"type":"Point","coordinates":[-84.422424,39.157711]}},{"type":"Feature","properties":{"stop_id":"MADROAe","stop_name":"MADISON RD & ROANOKE ST"},"geometry":{"type":"Point","coordinates":[-84.384094,39.159908]}},{"type":"Feature","properties":{"stop_id":"MADROAw","stop_name":"MADISON RD & ROANOKE ST"},"geometry":{"type":"Point","coordinates":[-84.384094,39.160069]}},{"type":"Feature","properties":{"stop_id":"MADSTEi","stop_name":"MADISON RD & STEELE PL"},"geometry":{"type":"Point","coordinates":[-84.417252,39.160316]}},{"type":"Feature","properties":{"stop_id":"MADSTEo","stop_name":"MADISON RD & STEELE PL"},"geometry":{"type":"Point","coordinates":[-84.417244,39.160133]}},{"type":"Feature","properties":{"stop_id":"MADSTEWi","stop_name":"MADISON RD & STEWART AVE"},"geometry":{"type":"Point","coordinates":[-84.397186,39.160995]}},{"type":"Feature","properties":{"stop_id":"MADSTEWo","stop_name":"MADISON RD & STEWART AVE"},"geometry":{"type":"Point","coordinates":[-84.397057,39.160816]}},{"type":"Feature","properties":{"stop_id":"MADVISi","stop_name":"MADISON RD & VISTA AVE"},"geometry":{"type":"Point","coordinates":[-84.456589,39.137272]}},{"type":"Feature","properties":{"stop_id":"MADVISo","stop_name":"MADISON RD & VISTA AVE"},"geometry":{"type":"Point","coordinates":[-84.456047,39.137398]}},{"type":"Feature","properties":{"stop_id":"MADWHSi","stop_name":"MADISON RD & WITHROW HIGH SCHOOL"},"geometry":{"type":"Point","coordinates":[-84.451881,39.14011]}},{"type":"Feature","properties":{"stop_id":"MADWOLi","stop_name":"MADISON RD & WOLD AVE"},"geometry":{"type":"Point","coordinates":[-84.468689,39.130249]}},{"type":"Feature","properties":{"stop_id":"MADWOOo","stop_name":"MADISON RD & WOODBURN AVE"},"geometry":{"type":"Point","coordinates":[-84.476852,39.129539]}},{"type":"Feature","properties":{"stop_id":"MADZUMi","stop_name":"MADISON RD & ZUMSTEIN AVE"},"geometry":{"type":"Point","coordinates":[-84.444374,39.144627]}},{"type":"Feature","properties":{"stop_id":"MADZUMo","stop_name":"MADISON RD & ZUMSTEIN AVE"},"geometry":{"type":"Point","coordinates":[-84.444336,39.14444]}},{"type":"Feature","properties":{"stop_id":"MAI13THo","stop_name":"MAIN ST & 13TH ST"},"geometry":{"type":"Point","coordinates":[-84.511673,39.109726]}},{"type":"Feature","properties":{"stop_id":"MAI7MIDo","stop_name":"MAIN MID 6TH & 7TH"},"geometry":{"type":"Point","coordinates":[-84.510124,39.103516]}},{"type":"Feature","properties":{"stop_id":"MAI8THo","stop_name":"MAIN ST & 8TH ST"},"geometry":{"type":"Point","coordinates":[-84.510429,39.10474]}},{"type":"Feature","properties":{"stop_id":"MAI9THo","stop_name":"MAIN ST & 9TH ST"},"geometry":{"type":"Point","coordinates":[-84.51076,39.105788]}},{"type":"Feature","properties":{"stop_id":"MAICENo","stop_name":"MAIN ST & CENTRAL PKWY"},"geometry":{"type":"Point","coordinates":[-84.511085,39.107376]}},{"type":"Feature","properties":{"stop_id":"MAICHUe","stop_name":"MAIN ST & CHURCH ST"},"geometry":{"type":"Point","coordinates":[-84.713028,39.138515]}},{"type":"Feature","properties":{"stop_id":"MAICOUo","stop_name":"MAIN ST & COURT ST"},"geometry":{"type":"Point","coordinates":[-84.511017,39.107044]}},{"type":"Feature","properties":{"stop_id":"MAIGARe","stop_name":"MAIN ST & GARFIELD AVE"},"geometry":{"type":"Point","coordinates":[-84.296165,39.17268]}},{"type":"Feature","properties":{"stop_id":"MAIGARw","stop_name":"MAIN ST & GARFIELD AVE"},"geometry":{"type":"Point","coordinates":[-84.296257,39.173004]}},{"type":"Feature","properties":{"stop_id":"MAIHIGw","stop_name":"MAIN ST & HIGH ST"},"geometry":{"type":"Point","coordinates":[-84.292702,39.176674]}},{"type":"Feature","properties":{"stop_id":"MAIKROe","stop_name":"MAIN ST & KROGER ENTRANCE"},"geometry":{"type":"Point","coordinates":[-84.282791,39.177387]}},{"type":"Feature","properties":{"stop_id":"MAILEWe","stop_name":"MAIN ST & LEWIS AVE"},"geometry":{"type":"Point","coordinates":[-84.289604,39.176411]}},{"type":"Feature","properties":{"stop_id":"MAILEWw","stop_name":"MAIN ST & LEWIS AVE"},"geometry":{"type":"Point","coordinates":[-84.289276,39.176624]}},{"type":"Feature","properties":{"stop_id":"MAILILe","stop_name":"MAIN ST & LILA AVE"},"geometry":{"type":"Point","coordinates":[-84.285823,39.176995]}},{"type":"Feature","properties":{"stop_id":"MAIMIDe","stop_name":"MAIN ST MIDDLE BLOCK"},"geometry":{"type":"Point","coordinates":[-84.277924,39.179771]}},{"type":"Feature","properties":{"stop_id":"MAIN190e","stop_name":"MAIN ST 190"},"geometry":{"type":"Point","coordinates":[-84.711441,39.137897]}},{"type":"Feature","properties":{"stop_id":"MAINKRG1","stop_name":"MAIN ST & KROGER"},"geometry":{"type":"Point","coordinates":[-84.281845,39.177528]}},{"type":"Feature","properties":{"stop_id":"MAIORCo","stop_name":"MAIN ST & ORCHARD ST"},"geometry":{"type":"Point","coordinates":[-84.512245,39.112019]}},{"type":"Feature","properties":{"stop_id":"MAIRACe","stop_name":"MAIN ST & RACE ST"},"geometry":{"type":"Point","coordinates":[-84.293549,39.176399]}},{"type":"Feature","properties":{"stop_id":"MAIREAo","stop_name":"MAIN ST & READING RD"},"geometry":{"type":"Point","coordinates":[-84.511284,39.108074]}},{"type":"Feature","properties":{"stop_id":"MALCARn","stop_name":"MALSBARY RD & CARVER RD"},"geometry":{"type":"Point","coordinates":[-84.390892,39.240311]}},{"type":"Feature","properties":{"stop_id":"MANADAi","stop_name":"MANGHAM DR & ADAMS RD"},"geometry":{"type":"Point","coordinates":[-84.451065,39.244381]}},{"type":"Feature","properties":{"stop_id":"MANADAo","stop_name":"MANGHAM DR & ADAMS RD"},"geometry":{"type":"Point","coordinates":[-84.450874,39.244209]}},{"type":"Feature","properties":{"stop_id":"MANBYRo","stop_name":"MANGHAM DR & BYRD AVE"},"geometry":{"type":"Point","coordinates":[-84.451637,39.239876]}},{"type":"Feature","properties":{"stop_id":"MANCHAi","stop_name":"MANGHAM DR & CHAMBERLAIN AVE"},"geometry":{"type":"Point","coordinates":[-84.451494,39.240891]}},{"type":"Feature","properties":{"stop_id":"MANCHIo","stop_name":"MANGHAM DR & CHICAGO AVE"},"geometry":{"type":"Point","coordinates":[-84.450516,39.247974]}},{"type":"Feature","properties":{"stop_id":"MANDANi","stop_name":"MANGHAM DR & DANTZLER DR"},"geometry":{"type":"Point","coordinates":[-84.450806,39.247128]}},{"type":"Feature","properties":{"stop_id":"MANDANo","stop_name":"MANGHAM DR & DANTZLER DR"},"geometry":{"type":"Point","coordinates":[-84.450653,39.246468]}},{"type":"Feature","properties":{"stop_id":"MANDORi","stop_name":"MANGHAM DR & DOROTHY CT"},"geometry":{"type":"Point","coordinates":[-84.451332,39.24371]}},{"type":"Feature","properties":{"stop_id":"MANI75i","stop_name":"MANGHAM DR & I-75"},"geometry":{"type":"Point","coordinates":[-84.452347,39.237919]}},{"type":"Feature","properties":{"stop_id":"MANSHEo","stop_name":"MANGHAM DR & SHEPHERD LN"},"geometry":{"type":"Point","coordinates":[-84.452437,39.236817]}},{"type":"Feature","properties":{"stop_id":"MAR1221e","stop_name":"MARTIN DR 1221"},"geometry":{"type":"Point","coordinates":[-84.493248,39.108852]}},{"type":"Feature","properties":{"stop_id":"MARALIi","stop_name":"MARBURG AVE & ALICEMONT AVE"},"geometry":{"type":"Point","coordinates":[-84.4216,39.149464]}},{"type":"Feature","properties":{"stop_id":"MARASTo","stop_name":"MARBURG AVE & ASTON CT"},"geometry":{"type":"Point","coordinates":[-84.421768,39.145561]}},{"type":"Feature","properties":{"stop_id":"MARCENo","stop_name":"MARSHALL AVE & CENTRAL PKWY"},"geometry":{"type":"Point","coordinates":[-84.531097,39.132141]}},{"type":"Feature","properties":{"stop_id":"MARCLUo","stop_name":"MARBURG AVE & CLUBCREST AVE"},"geometry":{"type":"Point","coordinates":[-84.421379,39.149513]}},{"type":"Feature","properties":{"stop_id":"MARCOLe","stop_name":"MARSHALL AVE & COLERAIN AVE"},"geometry":{"type":"Point","coordinates":[-84.535614,39.132282]}},{"type":"Feature","properties":{"stop_id":"MARCOLw","stop_name":"MARSHALL AVE & COLERAIN AVE"},"geometry":{"type":"Point","coordinates":[-84.535164,39.132389]}},{"type":"Feature","properties":{"stop_id":"MARDEFi","stop_name":"MARBURG AVE & DE FOREST DR"},"geometry":{"type":"Point","coordinates":[-84.421951,39.14576]}},{"type":"Feature","properties":{"stop_id":"MARERIo","stop_name":"MARBURG AVE & ERIE AVE"},"geometry":{"type":"Point","coordinates":[-84.42215,39.141754]}},{"type":"Feature","properties":{"stop_id":"MARIBSo","stop_name":"MARBURG AVE & IBSEN AVE OTC"},"geometry":{"type":"Point","coordinates":[-84.424675,39.160645]}},{"type":"Feature","properties":{"stop_id":"MARKROs","stop_name":"MARBURG AVE & KROGER FUEL"},"geometry":{"type":"Point","coordinates":[-84.425018,39.159481]}},{"type":"Feature","properties":{"stop_id":"MARMCMi","stop_name":"MARSHALL AVE & MCMICKEN AVE"},"geometry":{"type":"Point","coordinates":[-84.530746,39.131954]}},{"type":"Feature","properties":{"stop_id":"MAROAKo","stop_name":"MARBURG AVE & OAK LN"},"geometry":{"type":"Point","coordinates":[-84.421669,39.146767]}},{"type":"Feature","properties":{"stop_id":"MARPAXi","stop_name":"MARBURG AVE & PAXTON AVE"},"geometry":{"type":"Point","coordinates":[-84.422218,39.151604]}},{"type":"Feature","properties":{"stop_id":"MARPAXo","stop_name":"MARBURG AVE & PAXTON AVE"},"geometry":{"type":"Point","coordinates":[-84.421906,39.151379]}},{"type":"Feature","properties":{"stop_id":"MARSPRi","stop_name":"MARSHALL AVE & SPRING GROVE AVE"},"geometry":{"type":"Point","coordinates":[-84.536919,39.13245]}},{"type":"Feature","properties":{"stop_id":"MARWASi","stop_name":"MARBURG AVE & WASSON RD"},"geometry":{"type":"Point","coordinates":[-84.422142,39.14386]}},{"type":"Feature","properties":{"stop_id":"MARWASo","stop_name":"MARBURG AVE & WASSON RD"},"geometry":{"type":"Point","coordinates":[-84.421928,39.143921]}},{"type":"Feature","properties":{"stop_id":"MASCHAo","stop_name":"MASON RD & CHAPEL SQUARE"},"geometry":{"type":"Point","coordinates":[-84.316055,39.287163]}},{"type":"Feature","properties":{"stop_id":"MASSEVo","stop_name":"MASON RD & SEVEN GABLES RD"},"geometry":{"type":"Point","coordinates":[-84.31633,39.283939]}},{"type":"Feature","properties":{"stop_id":"MCH3050i","stop_name":"MCHENRY AVE 3050"},"geometry":{"type":"Point","coordinates":[-84.579803,39.142063]}},{"type":"Feature","properties":{"stop_id":"MCH3051o","stop_name":"MCHENRY AVE 3051"},"geometry":{"type":"Point","coordinates":[-84.579948,39.142178]}},{"type":"Feature","properties":{"stop_id":"MCH3146i","stop_name":"MCHENRY AVE 3146"},"geometry":{"type":"Point","coordinates":[-84.577347,39.143761]}},{"type":"Feature","properties":{"stop_id":"MCH3357","stop_name":"MCHENRY AVE 3357"},"geometry":{"type":"Point","coordinates":[-84.57142,39.147443]}},{"type":"Feature","properties":{"stop_id":"MCH3368i","stop_name":"MCHENRY AVE 3368"},"geometry":{"type":"Point","coordinates":[-84.571266,39.147274]}},{"type":"Feature","properties":{"stop_id":"MCH3375","stop_name":"MCHENRY AVE 3375"},"geometry":{"type":"Point","coordinates":[-84.570488,39.148684]}},{"type":"Feature","properties":{"stop_id":"MCH3387","stop_name":"MCHENRY AVE 3387"},"geometry":{"type":"Point","coordinates":[-84.570371,39.148542]}},{"type":"Feature","properties":{"stop_id":"MCH3443o","stop_name":"MCHENRY AVE 3443"},"geometry":{"type":"Point","coordinates":[-84.569321,39.149311]}},{"type":"Feature","properties":{"stop_id":"MCH3466i","stop_name":"MCHENRY AVE 3466"},"geometry":{"type":"Point","coordinates":[-84.568687,39.149426]}},{"type":"Feature","properties":{"stop_id":"MCHBALi","stop_name":"MCHENRY AVE & BALTIMORE AVE"},"geometry":{"type":"Point","coordinates":[-84.562035,39.149666]}},{"type":"Feature","properties":{"stop_id":"MCHBROo","stop_name":"MCHENRY AVE & BROKAW AVE"},"geometry":{"type":"Point","coordinates":[-84.567924,39.149982]}},{"type":"Feature","properties":{"stop_id":"MCHHARi","stop_name":"MCHENRY AVE & HARRISON AVE"},"geometry":{"type":"Point","coordinates":[-84.580403,39.141228]}},{"type":"Feature","properties":{"stop_id":"MCHHENi","stop_name":"MCHENRY AVE & HENRIANNA CT"},"geometry":{"type":"Point","coordinates":[-84.564873,39.149876]}},{"type":"Feature","properties":{"stop_id":"MCHHENo","stop_name":"MCHENRY AVE & HENRIANNA CT"},"geometry":{"type":"Point","coordinates":[-84.56546,39.150082]}},{"type":"Feature","properties":{"stop_id":"MCHIROi","stop_name":"MCHENRY AVE & IROLL AVE"},"geometry":{"type":"Point","coordinates":[-84.563324,39.149822]}},{"type":"Feature","properties":{"stop_id":"MCHIROo","stop_name":"MCHENRY AVE & IROLL AVE"},"geometry":{"type":"Point","coordinates":[-84.563507,39.14996]}},{"type":"Feature","properties":{"stop_id":"MCHSAFi","stop_name":"MCHENRY AVE & SAFFER ST"},"geometry":{"type":"Point","coordinates":[-84.57283,39.145741]}},{"type":"Feature","properties":{"stop_id":"MCHSAFo","stop_name":"MCHENRY AVE & SAFFER ST"},"geometry":{"type":"Point","coordinates":[-84.57309,39.145683]}},{"type":"Feature","properties":{"stop_id":"MCHSUNo","stop_name":"MCHENRY AVE & SUNSHINE AVE"},"geometry":{"type":"Point","coordinates":[-84.579063,39.143562]}},{"type":"Feature","properties":{"stop_id":"MCHWOOi","stop_name":"MCHENRY AVE & WOOSTER PL"},"geometry":{"type":"Point","coordinates":[-84.575829,39.144016]}},{"type":"Feature","properties":{"stop_id":"MCHWOOo","stop_name":"MCHENRY AVE & WOOSTER PL"},"geometry":{"type":"Point","coordinates":[-84.575981,39.144112]}},{"type":"Feature","properties":{"stop_id":"MCM1617e","stop_name":"MCMILLAN ST 1617"},"geometry":{"type":"Point","coordinates":[-84.476265,39.12466]}},{"type":"Feature","properties":{"stop_id":"MCM521w","stop_name":"MCMICKEN AVE 521"},"geometry":{"type":"Point","coordinates":[-84.529533,39.121784]}},{"type":"Feature","properties":{"stop_id":"MCM538e","stop_name":"MCMICKEN AVE 538"},"geometry":{"type":"Point","coordinates":[-84.53019,39.122063]}},{"type":"Feature","properties":{"stop_id":"MCM607w","stop_name":"MCMICKEN AVE 607"},"geometry":{"type":"Point","coordinates":[-84.531136,39.12225]}},{"type":"Feature","properties":{"stop_id":"MCM640e","stop_name":"MCMICKEN AVE 640"},"geometry":{"type":"Point","coordinates":[-84.531754,39.122791]}},{"type":"Feature","properties":{"stop_id":"MCMAUBo","stop_name":"MCMILLAN ST & AUBURN AVE"},"geometry":{"type":"Point","coordinates":[-84.507901,39.127027]}},{"type":"Feature","properties":{"stop_id":"MCMBAYe","stop_name":"MCMICKEN AVE & BAYMILLER ST"},"geometry":{"type":"Point","coordinates":[-84.528915,39.121849]}},{"type":"Feature","properties":{"stop_id":"MCMBAYi","stop_name":"MCMICKEN AVE & BAYMILLER ST"},"geometry":{"type":"Point","coordinates":[-84.52874,39.121651]}},{"type":"Feature","properties":{"stop_id":"MCMBELo","stop_name":"MCMILLAN ST & BELL PL"},"geometry":{"type":"Point","coordinates":[-84.481369,39.125229]}},{"type":"Feature","properties":{"stop_id":"MCMBRIi","stop_name":"MCMICKEN AVE & BRIGHTON BRIDGE"},"geometry":{"type":"Point","coordinates":[-84.532509,39.124233]}},{"type":"Feature","properties":{"stop_id":"MCMBRIo","stop_name":"MCMICKEN AVE & BRIGHTON RAMP"},"geometry":{"type":"Point","coordinates":[-84.532356,39.124218]}},{"type":"Feature","properties":{"stop_id":"MCMCHIe","stop_name":"MCMILLAN ST & CHICKASAW ST"},"geometry":{"type":"Point","coordinates":[-84.522133,39.127983]}},{"type":"Feature","properties":{"stop_id":"MCMCHIw","stop_name":"MCMILLAN ST & CHICKASAW ST"},"geometry":{"type":"Point","coordinates":[-84.521713,39.128056]}},{"type":"Feature","properties":{"stop_id":"MCMCLEe","stop_name":"MCMILLAN ST & CLEMMER AVE"},"geometry":{"type":"Point","coordinates":[-84.528503,39.129128]}},{"type":"Feature","properties":{"stop_id":"MCMCLEw","stop_name":"MCMILLAN ST & CLEMMER AVE"},"geometry":{"type":"Point","coordinates":[-84.527695,39.128716]}},{"type":"Feature","properties":{"stop_id":"MCMELDi","stop_name":"MCMICKEN AVE & ELDER ST"},"geometry":{"type":"Point","coordinates":[-84.515961,39.115826]}},{"type":"Feature","properties":{"stop_id":"MCMELIi","stop_name":"MCMICKEN AVE & ELIZA ST"},"geometry":{"type":"Point","coordinates":[-84.531425,39.127804]}},{"type":"Feature","properties":{"stop_id":"MCMELIo","stop_name":"MCMICKEN AVE & ELIZA ST"},"geometry":{"type":"Point","coordinates":[-84.531281,39.127769]}},{"type":"Feature","properties":{"stop_id":"MCMELMi","stop_name":"MCMICKEN AVE & ELM ST"},"geometry":{"type":"Point","coordinates":[-84.52108,39.11908]}},{"type":"Feature","properties":{"stop_id":"MCMFAIe","stop_name":"MCMILLAN ST & FAIRVIEW AVE"},"geometry":{"type":"Point","coordinates":[-84.525764,39.128361]}},{"type":"Feature","properties":{"stop_id":"MCMFAIw","stop_name":"MCMILLAN ST & FAIRVIEW AVE"},"geometry":{"type":"Point","coordinates":[-84.524834,39.128265]}},{"type":"Feature","properties":{"stop_id":"MCMFRIo","stop_name":"MCMICKEN AVE & FRINTZ ST"},"geometry":{"type":"Point","coordinates":[-84.515961,39.116085]}},{"type":"Feature","properties":{"stop_id":"MCMGILe","stop_name":"PEEBLES CORNER - MCMILLAN & GILBERT"},"geometry":{"type":"Point","coordinates":[-84.489326,39.125809]}},{"type":"Feature","properties":{"stop_id":"MCMGRAe","stop_name":"MCMILLAN ST & GRANDVIEW AVE"},"geometry":{"type":"Point","coordinates":[-84.479485,39.124989]}},{"type":"Feature","properties":{"stop_id":"MCMHIGe","stop_name":"MCMILLAN ST & HIGHLAND AVE"},"geometry":{"type":"Point","coordinates":[-84.503571,39.126743]}},{"type":"Feature","properties":{"stop_id":"MCMINGe","stop_name":"MCMILLAN ST & INGLESIDE AVE"},"geometry":{"type":"Point","coordinates":[-84.477753,39.124882]}},{"type":"Feature","properties":{"stop_id":"MCMKOTi","stop_name":"MCMICKEN AVE & KOTTMAN AVE"},"geometry":{"type":"Point","coordinates":[-84.531013,39.129215]}},{"type":"Feature","properties":{"stop_id":"MCMKOTo","stop_name":"MCMICKEN AVE & KOTTMAN AVE"},"geometry":{"type":"Point","coordinates":[-84.530899,39.129002]}},{"type":"Feature","properties":{"stop_id":"MCMLANo","stop_name":"MCMICKEN AVE & LANG ST"},"geometry":{"type":"Point","coordinates":[-84.514381,39.114746]}},{"type":"Feature","properties":{"stop_id":"MCMMAYe","stop_name":"MCMILLAN ST & MAY ST"},"geometry":{"type":"Point","coordinates":[-84.495316,39.126232]}},{"type":"Feature","properties":{"stop_id":"MCMMCMe","stop_name":"McMILLAN ST & McMICKEN AVE"},"geometry":{"type":"Point","coordinates":[-84.532234,39.125988]}},{"type":"Feature","properties":{"stop_id":"MCMMCMi","stop_name":"MCMICKEN AVE & MCMILLAN ST"},"geometry":{"type":"Point","coordinates":[-84.532043,39.125835]}},{"type":"Feature","properties":{"stop_id":"MCMMCMo","stop_name":"MCMICKEN AVE & MCMILLAN ST"},"geometry":{"type":"Point","coordinates":[-84.531731,39.126282]}},{"type":"Feature","properties":{"stop_id":"MCMMCMw","stop_name":"McMILLAN ST & McMICKEN AVE"},"geometry":{"type":"Point","coordinates":[-84.53109,39.126839]}},{"type":"Feature","properties":{"stop_id":"MCMMELe","stop_name":"MCMILLAN ST & MELROSE AVE"},"geometry":{"type":"Point","coordinates":[-84.491364,39.125931]}},{"type":"Feature","properties":{"stop_id":"MCMMOHi","stop_name":"MCMICKEN AVE & MOHAWK PL"},"geometry":{"type":"Point","coordinates":[-84.52462,39.120335]}},{"type":"Feature","properties":{"stop_id":"MCMMOHo","stop_name":"MCMICKEN AVE & MOHAWK PL"},"geometry":{"type":"Point","coordinates":[-84.524216,39.120274]}},{"type":"Feature","properties":{"stop_id":"MCMMORe","stop_name":"MCMILLAN ST & MOERLEIN AVE"},"geometry":{"type":"Point","coordinates":[-84.516879,39.127618]}},{"type":"Feature","properties":{"stop_id":"MCMOHIe","stop_name":"MCMILLAN ST & OHIO AVE"},"geometry":{"type":"Point","coordinates":[-84.5149,39.12746]}},{"type":"Feature","properties":{"stop_id":"MCMPARe","stop_name":"MCMILLAN ST & PARIS ST"},"geometry":{"type":"Point","coordinates":[-84.505363,39.126842]}},{"type":"Feature","properties":{"stop_id":"MCMRACi","stop_name":"MCMICKEN AVE & RACE ST"},"geometry":{"type":"Point","coordinates":[-84.519135,39.118366]}},{"type":"Feature","properties":{"stop_id":"MCMRAVi","stop_name":"MCMICKEN AVE & RAVINE ST"},"geometry":{"type":"Point","coordinates":[-84.526321,39.121422]}},{"type":"Feature","properties":{"stop_id":"MCMRAVo","stop_name":"MCMICKEN AVE & RAVINE ST"},"geometry":{"type":"Point","coordinates":[-84.526085,39.121422]}},{"type":"Feature","properties":{"stop_id":"MCMREAe","stop_name":"MCMILLAN ST & READING RD"},"geometry":{"type":"Point","coordinates":[-84.501534,39.126614]}},{"type":"Feature","properties":{"stop_id":"MCMSTOi","stop_name":"MCMICKEN AVE & STONEWALL ST"},"geometry":{"type":"Point","coordinates":[-84.523338,39.119827]}},{"type":"Feature","properties":{"stop_id":"MCMSTOo","stop_name":"MCMICKEN AVE & STONEWALL ST"},"geometry":{"type":"Point","coordinates":[-84.523155,39.119873]}},{"type":"Feature","properties":{"stop_id":"MCMSYMe","stop_name":"MCMILLAN ST & SYMMES ST"},"geometry":{"type":"Point","coordinates":[-84.498085,39.126366]}},{"type":"Feature","properties":{"stop_id":"MCMVICe","stop_name":"MCMILLAN ST & VICTOR ST"},"geometry":{"type":"Point","coordinates":[-84.523689,39.128025]}},{"type":"Feature","properties":{"stop_id":"MCMVICTo","stop_name":"MCMILLAN ST & VICTORY PKWY"},"geometry":{"type":"Point","coordinates":[-84.484734,39.125496]}},{"type":"Feature","properties":{"stop_id":"MCMVINe","stop_name":"MCMILLAN ST & VINE ST"},"geometry":{"type":"Point","coordinates":[-84.511871,39.127296]}},{"type":"Feature","properties":{"stop_id":"MCMWALi","stop_name":"MCMICKEN AVE & WALNUT ST"},"geometry":{"type":"Point","coordinates":[-84.514725,39.114838]}},{"type":"Feature","properties":{"stop_id":"MCMWHEi","stop_name":"MCMILLAN ST & WHEELER ST"},"geometry":{"type":"Point","coordinates":[-84.520142,39.127823]}},{"type":"Feature","properties":{"stop_id":"MePnRMo","stop_name":"Meijer Park&Ride Montgomery Road"},"geometry":{"type":"Point","coordinates":[-84.293907,39.291218]}},{"type":"Feature","properties":{"stop_id":"MERCYW","stop_name":"MERCY WEST BOULEVARD"},"geometry":{"type":"Point","coordinates":[-84.599281,39.180523]}},{"type":"Feature","properties":{"stop_id":"MIAEUCo","stop_name":"MIAMI AVE & EUCLID AVE"},"geometry":{"type":"Point","coordinates":[-84.36319,39.190456]}},{"type":"Feature","properties":{"stop_id":"MIT4523i","stop_name":"MITCHELL AVE 4523"},"geometry":{"type":"Point","coordinates":[-84.514435,39.169727]}},{"type":"Feature","properties":{"stop_id":"MIT725i","stop_name":"MITCHELL AVE 725"},"geometry":{"type":"Point","coordinates":[-84.488129,39.159107]}},{"type":"Feature","properties":{"stop_id":"MIT730o","stop_name":"MITCHELL AVE 730"},"geometry":{"type":"Point","coordinates":[-84.487648,39.159023]}},{"type":"Feature","properties":{"stop_id":"MIT780o","stop_name":"MITCHELL AVE 780"},"geometry":{"type":"Point","coordinates":[-84.486046,39.15773]}},{"type":"Feature","properties":{"stop_id":"MITARDi","stop_name":"MITCHELL AVE & ARDMORE AVE"},"geometry":{"type":"Point","coordinates":[-84.491013,39.16029]}},{"type":"Feature","properties":{"stop_id":"MITBERo","stop_name":"MITCHELL AVE & BERTUS ST"},"geometry":{"type":"Point","coordinates":[-84.499611,39.160984]}},{"type":"Feature","properties":{"stop_id":"MITDICi","stop_name":"MITCHELL AVE & DICKSON AVE"},"geometry":{"type":"Point","coordinates":[-84.49321,39.160397]}},{"type":"Feature","properties":{"stop_id":"MITESTo","stop_name":"W MITCHELL AVE & ESTE AVE"},"geometry":{"type":"Point","coordinates":[-84.51442,39.170406]}},{"type":"Feature","properties":{"stop_id":"MITGLEi","stop_name":"MITCHELL AVE & GLENCROSS AVE"},"geometry":{"type":"Point","coordinates":[-84.49691,39.160645]}},{"type":"Feature","properties":{"stop_id":"MITGREo","stop_name":"MITCHELL AVE & GREENLEE AVE"},"geometry":{"type":"Point","coordinates":[-84.493439,39.160564]}},{"type":"Feature","properties":{"stop_id":"MITKESi","stop_name":"MITCHELL AVE & KESSLER AVE"},"geometry":{"type":"Point","coordinates":[-84.506874,39.161388]}},{"type":"Feature","properties":{"stop_id":"MITKESo","stop_name":"MITCHELL AVE & KESSLER AVE"},"geometry":{"type":"Point","coordinates":[-84.506836,39.16156]}},{"type":"Feature","properties":{"stop_id":"MITLEOi","stop_name":"MITCHELL AVE & LEONARD AVE"},"geometry":{"type":"Point","coordinates":[-84.500908,39.160934]}},{"type":"Feature","properties":{"stop_id":"MITLEOo","stop_name":"MITCHELL AVE & LEONARD AVE"},"geometry":{"type":"Point","coordinates":[-84.500908,39.161072]}},{"type":"Feature","properties":{"stop_id":"MITREDWo","stop_name":"MITCHELL AVE & REDWOOD TER"},"geometry":{"type":"Point","coordinates":[-84.491287,39.160423]}},{"type":"Feature","properties":{"stop_id":"MITROSi","stop_name":"MITCHELL AVE & ROSE HILL LN"},"geometry":{"type":"Point","coordinates":[-84.48587,39.157234]}},{"type":"Feature","properties":{"stop_id":"MITSPRi","stop_name":"MITCHELL AVE & SPRING GROVE AVE"},"geometry":{"type":"Point","coordinates":[-84.513939,39.166615]}},{"type":"Feature","properties":{"stop_id":"MITSPRo","stop_name":"MITCHELL AVE & SPRING GROVE AVE"},"geometry":{"type":"Point","coordinates":[-84.513832,39.166809]}},{"type":"Feature","properties":{"stop_id":"MITTOWo","stop_name":"MITCHELL AVE & TOWER AVE"},"geometry":{"type":"Point","coordinates":[-84.496933,39.160805]}},{"type":"Feature","properties":{"stop_id":"MITVINi","stop_name":"MITCHELL AVE & VINE ST"},"geometry":{"type":"Point","coordinates":[-84.505264,39.160526]}},{"type":"Feature","properties":{"stop_id":"MITVINo","stop_name":"MITCHELL AVE & VINE ST"},"geometry":{"type":"Point","coordinates":[-84.5037,39.160503]}},{"type":"Feature","properties":{"stop_id":"MITWESi","stop_name":"MITCHELL AVE &  WESS PARK DR"},"geometry":{"type":"Point","coordinates":[-84.499214,39.160786]}},{"type":"Feature","properties":{"stop_id":"MLKAHRw","stop_name":"MARTIN LUTHER KING DR & AHRENS ST"},"geometry":{"type":"Point","coordinates":[-84.508156,39.135288]}},{"type":"Feature","properties":{"stop_id":"MLKBISi","stop_name":"MARTIN LUTHER KING DR & BISHOP ST"},"geometry":{"type":"Point","coordinates":[-84.513751,39.135554]}},{"type":"Feature","properties":{"stop_id":"MLKBISo","stop_name":"MARTIN LUTHER KING DR & BISHOP ST"},"geometry":{"type":"Point","coordinates":[-84.513264,39.135779]}},{"type":"Feature","properties":{"stop_id":"MLKBROo","stop_name":"MARTIN LUTHER KING DR & BROOKLINE"},"geometry":{"type":"Point","coordinates":[-84.518707,39.135338]}},{"type":"Feature","properties":{"stop_id":"MLKBURi","stop_name":"MARTIN LUTHER KING DR & BURNET AVE"},"geometry":{"type":"Point","coordinates":[-84.500732,39.13525]}},{"type":"Feature","properties":{"stop_id":"MLKBURo","stop_name":"MARTIN LUTHER KING DR & BURNET AVE"},"geometry":{"type":"Point","coordinates":[-84.500824,39.13509]}},{"type":"Feature","properties":{"stop_id":"MLKBURWi","stop_name":"MARTIN LUTHER KING DR &BURNET WOODS"},"geometry":{"type":"Point","coordinates":[-84.516174,39.135204]}},{"type":"Feature","properties":{"stop_id":"MLKDIXe","stop_name":"MARTIN LUTHER KING DR & DIXMYTH AVE"},"geometry":{"type":"Point","coordinates":[-84.524719,39.1395]}},{"type":"Feature","properties":{"stop_id":"MLKDIXw","stop_name":"MARTIN LUTHER KING DR & DIXMYTH AVE"},"geometry":{"type":"Point","coordinates":[-84.524323,39.139492]}},{"type":"Feature","properties":{"stop_id":"MLKEDEi","stop_name":"MARTIN LUTHER KING DR & EDEN AVE"},"geometry":{"type":"Point","coordinates":[-84.505486,39.135506]}},{"type":"Feature","properties":{"stop_id":"MLKEDEo","stop_name":"MARTIN LUTHER KING DR & EDEN AVE"},"geometry":{"type":"Point","coordinates":[-84.50602,39.135353]}},{"type":"Feature","properties":{"stop_id":"MLKGILi","stop_name":"MARTIN LUTHER KING DR & GILBERT AVE"},"geometry":{"type":"Point","coordinates":[-84.487236,39.133873]}},{"type":"Feature","properties":{"stop_id":"MLKGILo","stop_name":"MARTIN LUTHER KING DR & GILBERT AVE"},"geometry":{"type":"Point","coordinates":[-84.487213,39.133678]}},{"type":"Feature","properties":{"stop_id":"MLKHIGi","stop_name":"MARTIN LUTHER KING DR & HIGHLAND AV"},"geometry":{"type":"Point","coordinates":[-84.50264,39.135197]}},{"type":"Feature","properties":{"stop_id":"MLKHIGw","stop_name":"MARTIN LUTHER KING DR & HIGHLAND AVE"},"geometry":{"type":"Point","coordinates":[-84.502777,39.135345]}},{"type":"Feature","properties":{"stop_id":"MLKHTSe","stop_name":"MLK Drive at The Heights"},"geometry":{"type":"Point","coordinates":[-84.529921,39.139694]}},{"type":"Feature","properties":{"stop_id":"MLKHTSw","stop_name":"MLK Drive at The Heights"},"geometry":{"type":"Point","coordinates":[-84.53016,39.139949]}},{"type":"Feature","properties":{"stop_id":"MLKJEFi","stop_name":"MARTIN LUTHER KING DR & JEFFERSON"},"geometry":{"type":"Point","coordinates":[-84.509842,39.135353]}},{"type":"Feature","properties":{"stop_id":"MLKJEFw","stop_name":"MARTIN LUTHER  KING DR & JEFFERSON AVE"},"geometry":{"type":"Point","coordinates":[-84.510273,39.13558]}},{"type":"Feature","properties":{"stop_id":"MLKLINi","stop_name":"MARTIN LUTHER KING DR & LINCOLN AVE"},"geometry":{"type":"Point","coordinates":[-84.483658,39.132038]}},{"type":"Feature","properties":{"stop_id":"MLKLINo","stop_name":"MARTIN LUTHER KING DR & LINCOLN AVE"},"geometry":{"type":"Point","coordinates":[-84.4841,39.132118]}},{"type":"Feature","properties":{"stop_id":"MLKREAi","stop_name":"MARTIN LUTHER KING DR & READING RD"},"geometry":{"type":"Point","coordinates":[-84.496681,39.135029]}},{"type":"Feature","properties":{"stop_id":"MLKREAo","stop_name":"MARTIN LUTHER KING DR & READING RD"},"geometry":{"type":"Point","coordinates":[-84.49633,39.134743]}},{"type":"Feature","properties":{"stop_id":"MLKRIDe","stop_name":"MLK Drive & Riddle Road"},"geometry":{"type":"Point","coordinates":[-84.521063,39.135687]}},{"type":"Feature","properties":{"stop_id":"MLKVERe","stop_name":"MARTIN LUTHER KING DR at VERNON PL"},"geometry":{"type":"Point","coordinates":[-84.498558,39.134858]}},{"type":"Feature","properties":{"stop_id":"MLKVICi","stop_name":"MARTIN LUTHER KING DR & VICTORY PKWY"},"geometry":{"type":"Point","coordinates":[-84.479385,39.130112]}},{"type":"Feature","properties":{"stop_id":"MLKVICo","stop_name":"MARTIN LUTHER KING DR & VICTORY PKWY"},"geometry":{"type":"Point","coordinates":[-84.480247,39.130211]}},{"type":"Feature","properties":{"stop_id":"MMINNi","stop_name":"MARIEMONT INN - WOOSTER PK"},"geometry":{"type":"Point","coordinates":[-84.375114,39.145245]}},{"type":"Feature","properties":{"stop_id":"MO10535i","stop_name":"MONTGOMERY RD 10535"},"geometry":{"type":"Point","coordinates":[-84.344223,39.251396]}},{"type":"Feature","properties":{"stop_id":"MO10700o","stop_name":"MONTGOMERY RD 10700"},"geometry":{"type":"Point","coordinates":[-84.336225,39.26284]}},{"type":"Feature","properties":{"stop_id":"MO10801i","stop_name":"MONTGOMERY RD 10801"},"geometry":{"type":"Point","coordinates":[-84.340118,39.259556]}},{"type":"Feature","properties":{"stop_id":"MO11221i","stop_name":"MONTGOMERY RD 11221"},"geometry":{"type":"Point","coordinates":[-84.331131,39.267689]}},{"type":"Feature","properties":{"stop_id":"MO12131i","stop_name":"MONTGOMERY RD 12131"},"geometry":{"type":"Point","coordinates":[-84.299767,39.290302]}},{"type":"Feature","properties":{"stop_id":"MO9765i","stop_name":"MONTGOMERY RD 9765"},"geometry":{"type":"Point","coordinates":[-84.351669,39.233707]}},{"type":"Feature","properties":{"stop_id":"MOHCENi","stop_name":"MOHAWK PL & CENTRAL PKWY"},"geometry":{"type":"Point","coordinates":[-84.52449,39.120098]}},{"type":"Feature","properties":{"stop_id":"MOHCENo","stop_name":"MOHAWK PL & CENTRAL PKWY"},"geometry":{"type":"Point","coordinates":[-84.524788,39.120098]}},{"type":"Feature","properties":{"stop_id":"MOHKIRi","stop_name":"MOHAWK TRAIL"},"geometry":{"type":"Point","coordinates":[-84.278775,39.175543]}},{"type":"Feature","properties":{"stop_id":"MOHOSAe","stop_name":"MOHAWK TL & OSAGE DR"},"geometry":{"type":"Point","coordinates":[-84.273537,39.177063]}},{"type":"Feature","properties":{"stop_id":"MON10981","stop_name":"MONTGOMERY RD 10981"},"geometry":{"type":"Point","coordinates":[-84.336518,39.262923]}},{"type":"Feature","properties":{"stop_id":"MON11406","stop_name":"MONTGOMERY RD 11406"},"geometry":{"type":"Point","coordinates":[-84.326338,39.273681]}},{"type":"Feature","properties":{"stop_id":"MON12082","stop_name":"MONTGOMERY RD 12082"},"geometry":{"type":"Point","coordinates":[-84.301444,39.288992]}},{"type":"Feature","properties":{"stop_id":"MON12095","stop_name":"MONTGOMERY RD 12095"},"geometry":{"type":"Point","coordinates":[-84.30141,39.289245]}},{"type":"Feature","properties":{"stop_id":"MON2125i","stop_name":"MONTANA AVE 2125"},"geometry":{"type":"Point","coordinates":[-84.567146,39.158232]}},{"type":"Feature","properties":{"stop_id":"MON2300o","stop_name":"MONTANA AVE 2300"},"geometry":{"type":"Point","coordinates":[-84.571007,39.155804]}},{"type":"Feature","properties":{"stop_id":"MON2301i","stop_name":"MONTANA AVE 2301"},"geometry":{"type":"Point","coordinates":[-84.572983,39.156578]}},{"type":"Feature","properties":{"stop_id":"MON2374o","stop_name":"MONTANA AVE 2374"},"geometry":{"type":"Point","coordinates":[-84.573715,39.157112]}},{"type":"Feature","properties":{"stop_id":"MON2511o","stop_name":"MONTANA AVE 2511"},"geometry":{"type":"Point","coordinates":[-84.576843,39.156601]}},{"type":"Feature","properties":{"stop_id":"MON2679i","stop_name":"MONTANA AVE 2679"},"geometry":{"type":"Point","coordinates":[-84.585037,39.152538]}},{"type":"Feature","properties":{"stop_id":"MON2680o","stop_name":"MONTANA AVE 2680"},"geometry":{"type":"Point","coordinates":[-84.585167,39.152691]}},{"type":"Feature","properties":{"stop_id":"MON3232o","stop_name":"MONTANA AVE 3232"},"geometry":{"type":"Point","coordinates":[-84.608025,39.149139]}},{"type":"Feature","properties":{"stop_id":"MON6936o","stop_name":"MONTGOMERY RD 6936"},"geometry":{"type":"Point","coordinates":[-84.406311,39.191315]}},{"type":"Feature","properties":{"stop_id":"MON7751i","stop_name":"MONTGOMERY RD 7751"},"geometry":{"type":"Point","coordinates":[-84.383987,39.197758]}},{"type":"Feature","properties":{"stop_id":"MON7752o","stop_name":"MONTGOMERY RD 7752"},"geometry":{"type":"Point","coordinates":[-84.384415,39.197403]}},{"type":"Feature","properties":{"stop_id":"MON7772o","stop_name":"MONTGOMERY RD 7772"},"geometry":{"type":"Point","coordinates":[-84.383041,39.197891]}},{"type":"Feature","properties":{"stop_id":"MON7840o","stop_name":"MONTGOMERY RD 7840"},"geometry":{"type":"Point","coordinates":[-84.378488,39.199542]}},{"type":"Feature","properties":{"stop_id":"MON7875o","stop_name":"MONTGOMERY RD 7875"},"geometry":{"type":"Point","coordinates":[-84.375793,39.200493]}},{"type":"Feature","properties":{"stop_id":"MON8011i","stop_name":"MONTGOMERY RD 8011"},"geometry":{"type":"Point","coordinates":[-84.371906,39.202323]}},{"type":"Feature","properties":{"stop_id":"MON8043o","stop_name":"MONTGOMERY RD 8043"},"geometry":{"type":"Point","coordinates":[-84.372079,39.201991]}},{"type":"Feature","properties":{"stop_id":"MON9500o","stop_name":"Montgomery Road & Remington Road Northbound"},"geometry":{"type":"Point","coordinates":[-84.353752,39.228693]}},{"type":"Feature","properties":{"stop_id":"MON9709i","stop_name":"MONTGOMERY RD 9709"},"geometry":{"type":"Point","coordinates":[-84.352173,39.232594]}},{"type":"Feature","properties":{"stop_id":"MONALPi","stop_name":"MONTGOMERY RD & ALPINE AVE"},"geometry":{"type":"Point","coordinates":[-84.40252,39.192901]}},{"type":"Feature","properties":{"stop_id":"MONALPo","stop_name":"MONTGOMERY RD & ALPINE AVE"},"geometry":{"type":"Point","coordinates":[-84.401962,39.192951]}},{"type":"Feature","properties":{"stop_id":"MONANAe","stop_name":"MONTANA AVE & ANACONDA DR"},"geometry":{"type":"Point","coordinates":[-84.584023,39.153549]}},{"type":"Feature","properties":{"stop_id":"MONANAw","stop_name":"MONTANA AVE & ANACONDA DR"},"geometry":{"type":"Point","coordinates":[-84.583939,39.153915]}},{"type":"Feature","properties":{"stop_id":"MONAPPo","stop_name":"MONTGOMERY RD & APPLESEED DR"},"geometry":{"type":"Point","coordinates":[-84.321785,39.277699]}},{"type":"Feature","properties":{"stop_id":"MONBEEi","stop_name":"MONTGOMERY RD & BEECHVIEW CIR"},"geometry":{"type":"Point","coordinates":[-84.418343,39.186852]}},{"type":"Feature","properties":{"stop_id":"MONBEEo","stop_name":"MONTGOMERY RD & BEECHVIEW CIR"},"geometry":{"type":"Point","coordinates":[-84.418594,39.186588]}},{"type":"Feature","properties":{"stop_id":"MONBELi","stop_name":"MONTGOMERY RD & BELKENTON AVE"},"geometry":{"type":"Point","coordinates":[-84.409134,39.190464]}},{"type":"Feature","properties":{"stop_id":"MONBETi","stop_name":"MONTGOMERY RD AT BETHESDA NORTH HOSPITAL"},"geometry":{"type":"Point","coordinates":[-84.343933,39.252834]}},{"type":"Feature","properties":{"stop_id":"MONBETo","stop_name":"MONTGOMERY RD & BETHESDA HOSPITAL"},"geometry":{"type":"Point","coordinates":[-84.344276,39.250317]}},{"type":"Feature","properties":{"stop_id":"MONBLAi","stop_name":"MONTGOMERY RD & BLAIR AVE"},"geometry":{"type":"Point","coordinates":[-84.474045,39.139599]}},{"type":"Feature","properties":{"stop_id":"MONBLAo","stop_name":"MONTGOMERY RD & BLAIR AVE"},"geometry":{"type":"Point","coordinates":[-84.473541,39.139912]}},{"type":"Feature","properties":{"stop_id":"MONBOSi","stop_name":"MONTGOMERY RD & BOSWORTH PL"},"geometry":{"type":"Point","coordinates":[-84.443291,39.174526]}},{"type":"Feature","properties":{"stop_id":"MONBOUi","stop_name":"MONTANA AVE & BOUDINOT AVE"},"geometry":{"type":"Point","coordinates":[-84.603653,39.148651]}},{"type":"Feature","properties":{"stop_id":"MONBOUo","stop_name":"MONTANA  AVE & BOUDINOT AVE"},"geometry":{"type":"Point","coordinates":[-84.603249,39.148777]}},{"type":"Feature","properties":{"stop_id":"MONCALi","stop_name":"MONTGOMERY RD & CALUMET WAY"},"geometry":{"type":"Point","coordinates":[-84.32177,39.277958]}},{"type":"Feature","properties":{"stop_id":"MONCAMo","stop_name":"MONTGOMERY RD & CAMERON AVE"},"geometry":{"type":"Point","coordinates":[-84.460281,39.154644]}},{"type":"Feature","properties":{"stop_id":"MONCARLi","stop_name":"MONTGOMERY RD & CARROLL AVE"},"geometry":{"type":"Point","coordinates":[-84.392448,39.194828]}},{"type":"Feature","properties":{"stop_id":"MONCARLo","stop_name":"MONTGOMERY RD & CARROLL AVE"},"geometry":{"type":"Point","coordinates":[-84.392258,39.194729]}},{"type":"Feature","properties":{"stop_id":"MONCHEi","stop_name":"MONTANA AVE & CHEVIOT AVE"},"geometry":{"type":"Point","coordinates":[-84.606911,39.148827]}},{"type":"Feature","properties":{"stop_id":"MONCHEo","stop_name":"MONTANA AVE & CHEVIOT AVE"},"geometry":{"type":"Point","coordinates":[-84.606583,39.14896]}},{"type":"Feature","properties":{"stop_id":"MONCLAi","stop_name":"MONTGOMERY RD & CLARION AVE"},"geometry":{"type":"Point","coordinates":[-84.469887,39.144203]}},{"type":"Feature","properties":{"stop_id":"MONCLAo","stop_name":"MONTGOMERY RD & CLARION AVE"},"geometry":{"type":"Point","coordinates":[-84.46962,39.144196]}},{"type":"Feature","properties":{"stop_id":"MONCYPo","stop_name":"MONTGOMERY RD & CYPRESS WAY"},"geometry":{"type":"Point","coordinates":[-84.443558,39.174137]}},{"type":"Feature","properties":{"stop_id":"MONDANe","stop_name":"MONTGOMERY RD & DANA AVE"},"geometry":{"type":"Point","coordinates":[-84.467529,39.146488]}},{"type":"Feature","properties":{"stop_id":"MONDANi","stop_name":"MONTGOMERY RD & DANA AVE"},"geometry":{"type":"Point","coordinates":[-84.467834,39.146446]}},{"type":"Feature","properties":{"stop_id":"MONDANo","stop_name":"MONTGOMERY RD & DANA AVE"},"geometry":{"type":"Point","coordinates":[-84.467857,39.146137]}},{"type":"Feature","properties":{"stop_id":"MONDANs","stop_name":"MONTGOMERY RD & DANA AVE"},"geometry":{"type":"Point","coordinates":[-84.468338,39.145916]}},{"type":"Feature","properties":{"stop_id":"MONDARi","stop_name":"MONTANA AVE & DARTMOUTH DR"},"geometry":{"type":"Point","coordinates":[-84.609123,39.149055]}},{"type":"Feature","properties":{"stop_id":"MONDOUo","stop_name":"MONTGOMERY RD & DOUGLAS TER"},"geometry":{"type":"Point","coordinates":[-84.43486,39.179272]}},{"type":"Feature","properties":{"stop_id":"MONDREi","stop_name":"MONTGOMERY RD & DREX AVE"},"geometry":{"type":"Point","coordinates":[-84.446609,39.171009]}},{"type":"Feature","properties":{"stop_id":"MONELMo","stop_name":"MONTGOMERY RD & ELM AVE"},"geometry":{"type":"Point","coordinates":[-84.455429,39.161762]}},{"type":"Feature","properties":{"stop_id":"MONENYi","stop_name":"MONTGOMERY RD & ENYART RD"},"geometry":{"type":"Point","coordinates":[-84.31002,39.285728]}},{"type":"Feature","properties":{"stop_id":"MONENYo","stop_name":"MONTGOMERY RD & ENYART RD"},"geometry":{"type":"Point","coordinates":[-84.310371,39.285416]}},{"type":"Feature","properties":{"stop_id":"MONEPWi","stop_name":"MONTANA AVE & EPWORTH AVE"},"geometry":{"type":"Point","coordinates":[-84.600021,39.148399]}},{"type":"Feature","properties":{"stop_id":"MONEPWo","stop_name":"MONTANA AVE & EPWORTH AVE"},"geometry":{"type":"Point","coordinates":[-84.599785,39.148579]}},{"type":"Feature","properties":{"stop_id":"MONFAIi","stop_name":"MONTGOMERY RD & FAIRWAY DR"},"geometry":{"type":"Point","coordinates":[-84.43544,39.179131]}},{"type":"Feature","properties":{"stop_id":"MONFELi","stop_name":"MONTANA AVE & FELICITY DR"},"geometry":{"type":"Point","coordinates":[-84.590111,39.149803]}},{"type":"Feature","properties":{"stop_id":"MONFELo","stop_name":"MONTANA AVE & FELICITY DR"},"geometry":{"type":"Point","coordinates":[-84.590019,39.150089]}},{"type":"Feature","properties":{"stop_id":"MONFENi","stop_name":"MONTGOMERY RD & FENWICK AVE"},"geometry":{"type":"Point","coordinates":[-84.449875,39.16983]}},{"type":"Feature","properties":{"stop_id":"MONFIEn","stop_name":"Montgomery Rd at Fields Ertel Rd"},"geometry":{"type":"Point","coordinates":[-84.299263,39.290434]}},{"type":"Feature","properties":{"stop_id":"MONGALi","stop_name":"MONTGOMERY RD & GALBRAITH RD"},"geometry":{"type":"Point","coordinates":[-84.368609,39.204495]}},{"type":"Feature","properties":{"stop_id":"MONGARi","stop_name":"MONTGOMERY RD & GARDEN RD"},"geometry":{"type":"Point","coordinates":[-84.386223,39.196945]}},{"type":"Feature","properties":{"stop_id":"MONGARo","stop_name":"MONTGOMERY RD & GARDEN RD"},"geometry":{"type":"Point","coordinates":[-84.386406,39.196709]}},{"type":"Feature","properties":{"stop_id":"MONGLEe","stop_name":"MONTANA AVE & GLENMORE AVE"},"geometry":{"type":"Point","coordinates":[-84.612274,39.149254]}},{"type":"Feature","properties":{"stop_id":"MONGRAi","stop_name":"MONTGOMERY RD & GRAND VISTA AVE"},"geometry":{"type":"Point","coordinates":[-84.423042,39.18454]}},{"type":"Feature","properties":{"stop_id":"MONGRAo","stop_name":"MONTGOMERY RD & GRAND VISTA  AVE"},"geometry":{"type":"Point","coordinates":[-84.423256,39.184261]}},{"type":"Feature","properties":{"stop_id":"MONGROi","stop_name":"MONTGOMERY RD & GROVER HILL AVE"},"geometry":{"type":"Point","coordinates":[-84.441811,39.175423]}},{"type":"Feature","properties":{"stop_id":"MONGROo","stop_name":"MONTGOMERY RD & GROVER HILL AVE"},"geometry":{"type":"Point","coordinates":[-84.44191,39.175205]}},{"type":"Feature","properties":{"stop_id":"MONHAMo","stop_name":"MONTGOMERY RD & HAMPTON DR"},"geometry":{"type":"Point","coordinates":[-84.409081,39.190315]}},{"type":"Feature","properties":{"stop_id":"MONHAPi","stop_name":"MONTGOMERY RD & HARPERS POINT"},"geometry":{"type":"Point","coordinates":[-84.329071,39.270355]}},{"type":"Feature","properties":{"stop_id":"MONHARPo","stop_name":"MONTGOMERY RD & HARPERS POINT"},"geometry":{"type":"Point","coordinates":[-84.329262,39.269775]}},{"type":"Feature","properties":{"stop_id":"MONHAUi","stop_name":"MONTANA AVE & HAUS LN"},"geometry":{"type":"Point","coordinates":[-84.579971,39.155293]}},{"type":"Feature","properties":{"stop_id":"MONHAUo","stop_name":"MONTANA AVE & HAUS LN"},"geometry":{"type":"Point","coordinates":[-84.580284,39.155258]}},{"type":"Feature","properties":{"stop_id":"MONHAZi","stop_name":"MONTANA AVE & HAZELWOOD AVE"},"geometry":{"type":"Point","coordinates":[-84.596542,39.148617]}},{"type":"Feature","properties":{"stop_id":"MONHAZo","stop_name":"MONTANA AVE & HAZELWOOD AVE"},"geometry":{"type":"Point","coordinates":[-84.596588,39.148769]}},{"type":"Feature","properties":{"stop_id":"MONHIGo","stop_name":"MONTGOMERY RD & HIGHLAND AVE"},"geometry":{"type":"Point","coordinates":[-84.404289,39.192047]}},{"type":"Feature","properties":{"stop_id":"MONHOPi","stop_name":"MONTGOMERY RD & HOPEWELL RD"},"geometry":{"type":"Point","coordinates":[-84.346878,39.243858]}},{"type":"Feature","properties":{"stop_id":"MONHOPKi","stop_name":"MONTGOMERY RD & HOPKINS AVE"},"geometry":{"type":"Point","coordinates":[-84.459999,39.155308]}},{"type":"Feature","properties":{"stop_id":"MONHOPo","stop_name":"MONTGOMERY RD & HOPEWELL RD"},"geometry":{"type":"Point","coordinates":[-84.346687,39.243729]}},{"type":"Feature","properties":{"stop_id":"MONHOSi","stop_name":"MONTGOMERY RD & HOSBROOK RD"},"geometry":{"type":"Point","coordinates":[-84.369946,39.203503]}},{"type":"Feature","properties":{"stop_id":"MONHOSo","stop_name":"MONTGOMERY RD & HOSBROOK RD"},"geometry":{"type":"Point","coordinates":[-84.369401,39.20363]}},{"type":"Feature","properties":{"stop_id":"MONHUDi","stop_name":"MONTGOMERY RD & HUDSON AVE"},"geometry":{"type":"Point","coordinates":[-84.464867,39.149693]}},{"type":"Feature","properties":{"stop_id":"MONHUDo","stop_name":"MONTGOMERY RD & HUDSON AVE"},"geometry":{"type":"Point","coordinates":[-84.464439,39.149872]}},{"type":"Feature","properties":{"stop_id":"MONJESi","stop_name":"MONTGOMERY RD & JOSEPH SANKER BLVD"},"geometry":{"type":"Point","coordinates":[-84.454254,39.164909]}},{"type":"Feature","properties":{"stop_id":"MONJONi","stop_name":"MONTGOMERY RD & JONATHAN AVE"},"geometry":{"type":"Point","coordinates":[-84.47171,39.142212]}},{"type":"Feature","properties":{"stop_id":"MONJONo","stop_name":"MONTGOMERY RD & JONATHAN AVE"},"geometry":{"type":"Point","coordinates":[-84.471283,39.142387]}},{"type":"Feature","properties":{"stop_id":"MONKEMi","stop_name":"MONTGOMERY RD & KEMPER RD"},"geometry":{"type":"Point","coordinates":[-84.328087,39.2719]}},{"type":"Feature","properties":{"stop_id":"MONKEMo","stop_name":"MONTGOMERY RD & KEMPER RD"},"geometry":{"type":"Point","coordinates":[-84.32785,39.271606]}},{"type":"Feature","properties":{"stop_id":"MONKENAi","stop_name":"MONTGOMERY RD & KEN ARBRE"},"geometry":{"type":"Point","coordinates":[-84.390404,39.195503]}},{"type":"Feature","properties":{"stop_id":"MONKENAo","stop_name":"MONTGOMERY RD & KEN ARBRE DR"},"geometry":{"type":"Point","coordinates":[-84.39045,39.195347]}},{"type":"Feature","properties":{"stop_id":"MONKENi","stop_name":"MONTGOMERY RD & KENWOOD RD"},"geometry":{"type":"Point","coordinates":[-84.381424,39.198692]}},{"type":"Feature","properties":{"stop_id":"MONKENNo","stop_name":"MONTGOMERY RD & KENNEDY AVE"},"geometry":{"type":"Point","coordinates":[-84.414261,39.188412]}},{"type":"Feature","properties":{"stop_id":"MONKENo","stop_name":"MONTGOMERY RD & KENWOOD RD"},"geometry":{"type":"Point","coordinates":[-84.381165,39.198586]}},{"type":"Feature","properties":{"stop_id":"MONKINi","stop_name":"MONTGOMERY RD & KINCAID RD"},"geometry":{"type":"Point","coordinates":[-84.425201,39.183342]}},{"type":"Feature","properties":{"stop_id":"MONKNIi","stop_name":"MONTGOMERY RD & KNIGHT AVE"},"geometry":{"type":"Point","coordinates":[-84.440079,39.176498]}},{"type":"Feature","properties":{"stop_id":"MONKNIo","stop_name":"MONTGOMERY RD & KNIGHT AVE"},"geometry":{"type":"Point","coordinates":[-84.439682,39.176552]}},{"type":"Feature","properties":{"stop_id":"MONKNNi","stop_name":"MONTGOMERY RD & KENNEDY AVE"},"geometry":{"type":"Point","coordinates":[-84.413239,39.188972]}},{"type":"Feature","properties":{"stop_id":"MONKTCi","stop_name":"KENWOOD TOWNE CENTER - MONTGOMERY"},"geometry":{"type":"Point","coordinates":[-84.378123,39.199895]}},{"type":"Feature","properties":{"stop_id":"MONLARo","stop_name":"MONTANA AVE & LARUE CT"},"geometry":{"type":"Point","coordinates":[-84.597504,39.148697]}},{"type":"Feature","properties":{"stop_id":"MONLAWi","stop_name":"MONTGOMERY RD & LAWN AVE"},"geometry":{"type":"Point","coordinates":[-84.45153,39.169308]}},{"type":"Feature","properties":{"stop_id":"MONLAWo","stop_name":"MONTGOMERY RD & LAWN AVE"},"geometry":{"type":"Point","coordinates":[-84.451347,39.16925]}},{"type":"Feature","properties":{"stop_id":"MONLESi","stop_name":"MONTGOMERY RD & LESTER RD"},"geometry":{"type":"Point","coordinates":[-84.431808,39.180931]}},{"type":"Feature","properties":{"stop_id":"MONLESo","stop_name":"MONTGOMERY RD & LESTER RD"},"geometry":{"type":"Point","coordinates":[-84.431686,39.180817]}},{"type":"Feature","properties":{"stop_id":"MONMAPi","stop_name":"MONTGOMERY RD & MAPLE AVE"},"geometry":{"type":"Point","coordinates":[-84.455322,39.162674]}},{"type":"Feature","properties":{"stop_id":"MONMARi","stop_name":"MONTGOMERY RD & MARKET PLACE LN"},"geometry":{"type":"Point","coordinates":[-84.349892,39.237518]}},{"type":"Feature","properties":{"stop_id":"MONMARo","stop_name":"MONTGOMERY RD & MARKET PLACE LN"},"geometry":{"type":"Point","coordinates":[-84.34996,39.236889]}},{"type":"Feature","properties":{"stop_id":"MONMASi","stop_name":"MONTGOMERY RD & MASON RD"},"geometry":{"type":"Point","coordinates":[-84.316119,39.28257]}},{"type":"Feature","properties":{"stop_id":"MONMCFi","stop_name":"MONTANA AVE & MCFARLAN RD"},"geometry":{"type":"Point","coordinates":[-84.594147,39.148808]}},{"type":"Feature","properties":{"stop_id":"MONMCFo","stop_name":"MONTANA AVE & MCFARLAN RD"},"geometry":{"type":"Point","coordinates":[-84.593834,39.148994]}},{"type":"Feature","properties":{"stop_id":"MONMCHo","stop_name":"MONTGOMERY RD & MCHUGH PL"},"geometry":{"type":"Point","coordinates":[-84.412827,39.188965]}},{"type":"Feature","properties":{"stop_id":"MONMILi","stop_name":"MONTGOMERY RD & MILLS AVE"},"geometry":{"type":"Point","coordinates":[-84.457809,39.158241]}},{"type":"Feature","properties":{"stop_id":"MONMILo","stop_name":"MONTGOMERY RD & MILLS AVE"},"geometry":{"type":"Point","coordinates":[-84.457237,39.158741]}},{"type":"Feature","properties":{"stop_id":"MONMITi","stop_name":"MONTGOMERY RD & MITCHELL FARM LN"},"geometry":{"type":"Point","coordinates":[-84.350906,39.235321]}},{"type":"Feature","properties":{"stop_id":"MONMITo","stop_name":"MONTGOMERY RD & MITCHELL FARM LN"},"geometry":{"type":"Point","coordinates":[-84.350784,39.235046]}},{"type":"Feature","properties":{"stop_id":"MONMUSi","stop_name":"MONTANA AVE & MUSTANG DR"},"geometry":{"type":"Point","coordinates":[-84.577087,39.156403]}},{"type":"Feature","properties":{"stop_id":"MONNORo","stop_name":"MONTGOMERY RD & NORWOOD AVE"},"geometry":{"type":"Point","coordinates":[-84.453827,39.165302]}},{"type":"Feature","properties":{"stop_id":"MONOAKi","stop_name":"MONTGOMERY RD & OAKLEAF AVE"},"geometry":{"type":"Point","coordinates":[-84.438416,39.177532]}},{"type":"Feature","properties":{"stop_id":"MONOAKo","stop_name":"MONTGOMERY RD & OAKLEAF AVE"},"geometry":{"type":"Point","coordinates":[-84.438606,39.177212]}},{"type":"Feature","properties":{"stop_id":"MONOBRo","stop_name":"MONTGOMERY RD & O BRIEN PL"},"geometry":{"type":"Point","coordinates":[-84.448418,39.170124]}},{"type":"Feature","properties":{"stop_id":"MONORCi","stop_name":"MONTGOMERY RD & ORCHARD LN"},"geometry":{"type":"Point","coordinates":[-84.420296,39.186008]}},{"type":"Feature","properties":{"stop_id":"MONPARKi","stop_name":"MONTGOMERY RD & PARK AVE"},"geometry":{"type":"Point","coordinates":[-84.405724,39.191727]}},{"type":"Feature","properties":{"stop_id":"MONPERo","stop_name":"MONTGOMERY RD & PERIN RD"},"geometry":{"type":"Point","coordinates":[-84.351257,39.234081]}},{"type":"Feature","properties":{"stop_id":"MONPFEi","stop_name":"MONTGOMERY RD & PFEIFFER RD"},"geometry":{"type":"Point","coordinates":[-84.344536,39.250229]}},{"type":"Feature","properties":{"stop_id":"MONPFEo","stop_name":"MONTGOMERY RD & PFEIFFER RD"},"geometry":{"type":"Point","coordinates":[-84.34465,39.248856]}},{"type":"Feature","properties":{"stop_id":"MONPLAi","stop_name":"MONTGOMERY RD & PLAINFIELD RD"},"geometry":{"type":"Point","coordinates":[-84.400169,39.193508]}},{"type":"Feature","properties":{"stop_id":"MONPUTo","stop_name":"MONTANA AVE & PUTZ PL"},"geometry":{"type":"Point","coordinates":[-84.567169,39.158745]}},{"type":"Feature","properties":{"stop_id":"MONQUAo","stop_name":"MONTGOMERY RD & QUATMAN AVE"},"geometry":{"type":"Point","coordinates":[-84.444321,39.173134]}},{"type":"Feature","properties":{"stop_id":"MONRAVi","stop_name":"MONTGOMERY RD & RAVENAL CT"},"geometry":{"type":"Point","coordinates":[-84.411789,39.189522]}},{"type":"Feature","properties":{"stop_id":"MONREMs","stop_name":"Montgomery Road & Remington Road Southbound"},"geometry":{"type":"Point","coordinates":[-84.354301,39.227919]}},{"type":"Feature","properties":{"stop_id":"MONRIDi","stop_name":"MONTGOMERY RD & RIDGE RD"},"geometry":{"type":"Point","coordinates":[-84.427132,39.182323]}},{"type":"Feature","properties":{"stop_id":"MONRIDo","stop_name":"MONTGOMERY RD & RIDGE RD"},"geometry":{"type":"Point","coordinates":[-84.427437,39.182022]}},{"type":"Feature","properties":{"stop_id":"MONROBo","stop_name":"MONTGOMERY RD & ROBISON RD"},"geometry":{"type":"Point","coordinates":[-84.420998,39.185501]}},{"type":"Feature","properties":{"stop_id":"MONROOn","stop_name":"Montgomery Road & Roosa Street Northbound"},"geometry":{"type":"Point","coordinates":[-84.355304,39.225442]}},{"type":"Feature","properties":{"stop_id":"MONROOs","stop_name":"Montgomery Road & Roosa Street Southbound"},"geometry":{"type":"Point","coordinates":[-84.355742,39.224947]}},{"type":"Feature","properties":{"stop_id":"MONROSi","stop_name":"MONTGOMERY RD & ROSS AVE"},"geometry":{"type":"Point","coordinates":[-84.453097,39.167716]}},{"type":"Feature","properties":{"stop_id":"MONROSo","stop_name":"MONTGOMERY RD & ROSS AVE"},"geometry":{"type":"Point","coordinates":[-84.452827,39.167828]}},{"type":"Feature","properties":{"stop_id":"MONSAMo","stop_name":"MONTGOMERY RD & SAMPSON LN"},"geometry":{"type":"Point","coordinates":[-84.399445,39.193428]}},{"type":"Feature","properties":{"stop_id":"MONSHEi","stop_name":"MONTGOMERY RD & SHERMAN AVE"},"geometry":{"type":"Point","coordinates":[-84.456619,39.160156]}},{"type":"Feature","properties":{"stop_id":"MONSHEo","stop_name":"MONTGOMERY RD & SHERMAN AVE"},"geometry":{"type":"Point","coordinates":[-84.456291,39.160095]}},{"type":"Feature","properties":{"stop_id":"MONSIEi","stop_name":"MONTGOMERY RD & SIEBERN AVE"},"geometry":{"type":"Point","coordinates":[-84.406708,39.191353]}},{"type":"Feature","properties":{"stop_id":"MONSTAi","stop_name":"MONTANA AVE & STATHEM AVE"},"geometry":{"type":"Point","coordinates":[-84.602303,39.14854]}},{"type":"Feature","properties":{"stop_id":"MONSTAo","stop_name":"MONTANA AVE & STATHEM AVE"},"geometry":{"type":"Point","coordinates":[-84.602066,39.148682]}},{"type":"Feature","properties":{"stop_id":"MONSTOi","stop_name":"MONTGOMERY RD & STOLL LN"},"geometry":{"type":"Point","coordinates":[-84.397308,39.193848]}},{"type":"Feature","properties":{"stop_id":"MONSTOo","stop_name":"MONTGOMERY RD & STOLL LN"},"geometry":{"type":"Point","coordinates":[-84.397179,39.193703]}},{"type":"Feature","properties":{"stop_id":"MONSYMo","stop_name":"MONTGOMERY RD & SYMMESCREEK DR"},"geometry":{"type":"Point","coordinates":[-84.315987,39.282486]}},{"type":"Feature","properties":{"stop_id":"MONTYNi","stop_name":"MONTGOMERY RD & TYNE AVE"},"geometry":{"type":"Point","coordinates":[-84.415848,39.187935]}},{"type":"Feature","properties":{"stop_id":"MONTYNo","stop_name":"MONTGOMERY RD & TYNE AVE"},"geometry":{"type":"Point","coordinates":[-84.415451,39.187923]}},{"type":"Feature","properties":{"stop_id":"MONUNIi","stop_name":"MONTGOMERY RD & UNION CEMETERY RD"},"geometry":{"type":"Point","coordinates":[-84.30526,39.287552]}},{"type":"Feature","properties":{"stop_id":"MONUNIo","stop_name":"MONTGOMERY RD & UNION CEMETERY RD"},"geometry":{"type":"Point","coordinates":[-84.305214,39.287399]}},{"type":"Feature","properties":{"stop_id":"MONVILi","stop_name":"MONTGOMERY RD & VILLAGE DR"},"geometry":{"type":"Point","coordinates":[-84.34256,39.257282]}},{"type":"Feature","properties":{"stop_id":"MONWELi","stop_name":"MONTGOMERY RD & WELLER RD"},"geometry":{"type":"Point","coordinates":[-84.34153,39.258301]}},{"type":"Feature","properties":{"stop_id":"MONWELo","stop_name":"MONTGOMERY RD & WELLER RD"},"geometry":{"type":"Point","coordinates":[-84.341644,39.257999]}},{"type":"Feature","properties":{"stop_id":"MONWESi","stop_name":"MONTANA AVE & WESTWOOD NORTHERN BLVD"},"geometry":{"type":"Point","coordinates":[-84.588409,39.150742]}},{"type":"Feature","properties":{"stop_id":"MONWESo","stop_name":"MONTANA AVE & WESTWOOD NORTHERN BLVD"},"geometry":{"type":"Point","coordinates":[-84.588722,39.150829]}},{"type":"Feature","properties":{"stop_id":"MONWEYi","stop_name":"MONTGOMERY RD & WEYER AVE"},"geometry":{"type":"Point","coordinates":[-84.459175,39.156422]}},{"type":"Feature","properties":{"stop_id":"MONWEYo","stop_name":"MONTGOMERY RD & WEYER AVE"},"geometry":{"type":"Point","coordinates":[-84.458694,39.156784]}},{"type":"Feature","properties":{"stop_id":"MONWILi","stop_name":"MONTGOMERY RD & WILLIAMS AVE"},"geometry":{"type":"Point","coordinates":[-84.462357,39.152424]}},{"type":"Feature","properties":{"stop_id":"MONWILo","stop_name":"MONTGOMERY RD & WILLIAMS AVE"},"geometry":{"type":"Point","coordinates":[-84.462067,39.152477]}},{"type":"Feature","properties":{"stop_id":"MONWOODi","stop_name":"MONTGOMERY RD & WOODFORD RD"},"geometry":{"type":"Point","coordinates":[-84.429893,39.181591]}},{"type":"Feature","properties":{"stop_id":"MONWOODo","stop_name":"MONTGOMERY RD & WOODFORD RD"},"geometry":{"type":"Point","coordinates":[-84.429062,39.18161]}},{"type":"Feature","properties":{"stop_id":"MONWOONi","stop_name":"MONTGOMERY RD & WOODBURN AVE"},"geometry":{"type":"Point","coordinates":[-84.475609,39.137974]}},{"type":"Feature","properties":{"stop_id":"MONWOOo","stop_name":"MONTGOMERY RD & WOODMONT AVE"},"geometry":{"type":"Point","coordinates":[-84.424606,39.183456]}},{"type":"Feature","properties":{"stop_id":"MONWUNi","stop_name":"MONTANA AVE & WUNDER AVE"},"geometry":{"type":"Point","coordinates":[-84.592491,39.148899]}},{"type":"Feature","properties":{"stop_id":"MTAGREo","stop_name":"MT ALVERNO RD & GREENWELL AVE"},"geometry":{"type":"Point","coordinates":[-84.606087,39.090084]}},{"type":"Feature","properties":{"stop_id":"MTAIHLi","stop_name":"MT ALVERNO RD & IHLE DR"},"geometry":{"type":"Point","coordinates":[-84.603752,39.089462]}},{"type":"Feature","properties":{"stop_id":"MTAIHLo","stop_name":"MT ALVERNO RD & IHLE DR"},"geometry":{"type":"Point","coordinates":[-84.603905,39.089596]}},{"type":"Feature","properties":{"stop_id":"MTAPEDi","stop_name":"MT ALVERNO RD & PEDRETTI AVE"},"geometry":{"type":"Point","coordinates":[-84.600311,39.090267]}},{"type":"Feature","properties":{"stop_id":"MtStJoe","stop_name":"Mount Saint Joseph Administration Building"},"geometry":{"type":"Point","coordinates":[-84.639702,39.096115]}},{"type":"Feature","properties":{"stop_id":"MU&ROi","stop_name":"MUDDY CREEK RD & ROBINET DR"},"geometry":{"type":"Point","coordinates":[-84.621147,39.134861]}},{"type":"Feature","properties":{"stop_id":"MUD3650i","stop_name":"MUDDYCREEK RD 3650"},"geometry":{"type":"Point","coordinates":[-84.62072,39.135548]}},{"type":"Feature","properties":{"stop_id":"MUDALLi","stop_name":"MUDDY CREEK RD & ALLVIEW CIR"},"geometry":{"type":"Point","coordinates":[-84.61882,39.136398]}},{"type":"Feature","properties":{"stop_id":"MUDALLo","stop_name":"MUDDY CREEK RD & ALLVIEW CIR"},"geometry":{"type":"Point","coordinates":[-84.618942,39.136192]}},{"type":"Feature","properties":{"stop_id":"MUSCEN","stop_name":"MUSEUM CENTER"},"geometry":{"type":"Point","coordinates":[-84.536711,39.109488]}},{"type":"Feature","properties":{"stop_id":"MUSWESe","stop_name":"MUSEUM CENTER DR & WESTERN AVE"},"geometry":{"type":"Point","coordinates":[-84.532387,39.109352]}},{"type":"Feature","properties":{"stop_id":"NAGBLAi","stop_name":"NAGEL RD & BLACKTHORN DR"},"geometry":{"type":"Point","coordinates":[-84.331856,39.08226]}},{"type":"Feature","properties":{"stop_id":"NAGCLOi","stop_name":"NAGEL RD & CLOUGH RD"},"geometry":{"type":"Point","coordinates":[-84.330452,39.088585]}},{"type":"Feature","properties":{"stop_id":"NAGNAGi","stop_name":"NAGEL RD & NAGELWOODS DR"},"geometry":{"type":"Point","coordinates":[-84.331673,39.084251]}},{"type":"Feature","properties":{"stop_id":"NAGSTAo","stop_name":"NAGEL RD & STATE RD"},"geometry":{"type":"Point","coordinates":[-84.332092,39.079754]}},{"type":"Feature","properties":{"stop_id":"NAGSTOi","stop_name":"NAGEL RD & STONEGATE DR"},"geometry":{"type":"Point","coordinates":[-84.332237,39.077274]}},{"type":"Feature","properties":{"stop_id":"NEBRAPo","stop_name":"NEBRASKA AVE & RAPID RUN DR"},"geometry":{"type":"Point","coordinates":[-84.600883,39.11113]}},{"type":"Feature","properties":{"stop_id":"NIXJEFa","stop_name":"NIXON ST & JEFFERSON AVE"},"geometry":{"type":"Point","coordinates":[-84.511597,39.138004]}},{"type":"Feature","properties":{"stop_id":"NIXVINe","stop_name":"NIXON ST & VINE ST"},"geometry":{"type":"Point","coordinates":[-84.510023,39.137763]}},{"type":"Feature","properties":{"stop_id":"NIXVINw","stop_name":"NIXON ST & VINE ST"},"geometry":{"type":"Point","coordinates":[-84.509804,39.13784]}},{"type":"Feature","properties":{"stop_id":"NOR1008o","stop_name":"NORTH BEND RD 1008"},"geometry":{"type":"Point","coordinates":[-84.527824,39.201893]}},{"type":"Feature","properties":{"stop_id":"NOR139o","stop_name":"NORTHLAND BLVD 139"},"geometry":{"type":"Point","coordinates":[-84.473389,39.286655]}},{"type":"Feature","properties":{"stop_id":"NOR1461o","stop_name":"W. NORTH BEND RD 1461"},"geometry":{"type":"Point","coordinates":[-84.544373,39.202736]}},{"type":"Feature","properties":{"stop_id":"NOR1504i","stop_name":"NORTH BEND RD 1504"},"geometry":{"type":"Point","coordinates":[-84.54409,39.202881]}},{"type":"Feature","properties":{"stop_id":"NOR3091e","stop_name":"NORTH BEND RD 3091"},"geometry":{"type":"Point","coordinates":[-84.586464,39.189655]}},{"type":"Feature","properties":{"stop_id":"NOR417o","stop_name":"NORTHLAND BLVD 417"},"geometry":{"type":"Point","coordinates":[-84.487129,39.282146]}},{"type":"Feature","properties":{"stop_id":"NOR470i","stop_name":"NORTHLAND BLVD 470"},"geometry":{"type":"Point","coordinates":[-84.489451,39.282224]}},{"type":"Feature","properties":{"stop_id":"NOR525o","stop_name":"NORTHLAND BLVD 525"},"geometry":{"type":"Point","coordinates":[-84.491737,39.281815]}},{"type":"Feature","properties":{"stop_id":"NOR5369i","stop_name":"NORTH BEND RD 5369"},"geometry":{"type":"Point","coordinates":[-84.60276,39.187458]}},{"type":"Feature","properties":{"stop_id":"NOR5463i","stop_name":"NORTH BEND RD 5463"},"geometry":{"type":"Point","coordinates":[-84.600197,39.189789]}},{"type":"Feature","properties":{"stop_id":"NOR5471o","stop_name":"NORTH BEND RD 5471"},"geometry":{"type":"Point","coordinates":[-84.600418,39.189255]}},{"type":"Feature","properties":{"stop_id":"NOR552i","stop_name":"NORTHLAND BLVD 552"},"geometry":{"type":"Point","coordinates":[-84.492859,39.281879]}},{"type":"Feature","properties":{"stop_id":"NOR650i","stop_name":"NORTHLAND BLVD 650"},"geometry":{"type":"Point","coordinates":[-84.497635,39.281384]}},{"type":"Feature","properties":{"stop_id":"NOR958o","stop_name":"NORTH BEND RD 958"},"geometry":{"type":"Point","coordinates":[-84.524002,39.201645]}},{"type":"Feature","properties":{"stop_id":"NOR961i","stop_name":"NORTH BEND RD 961"},"geometry":{"type":"Point","coordinates":[-84.524063,39.201492]}},{"type":"Feature","properties":{"stop_id":"NORBANo","stop_name":"NORTH BEND RD & BANNING RD"},"geometry":{"type":"Point","coordinates":[-84.563194,39.201392]}},{"type":"Feature","properties":{"stop_id":"NORBELi","stop_name":"NORTH BEND RD & BELMONT AVE"},"geometry":{"type":"Point","coordinates":[-84.563232,39.200951]}},{"type":"Feature","properties":{"stop_id":"NORBETi","stop_name":"NORTH BEND RD & BETTS AVE"},"geometry":{"type":"Point","coordinates":[-84.558151,39.203552]}},{"type":"Feature","properties":{"stop_id":"NORBOGi","stop_name":"NORTHLAND BLVD & BOGGS LN"},"geometry":{"type":"Point","coordinates":[-84.474564,39.285107]}},{"type":"Feature","properties":{"stop_id":"NORBOGo","stop_name":"NORTHLAND BLVD & BOGGS LN"},"geometry":{"type":"Point","coordinates":[-84.474304,39.285095]}},{"type":"Feature","properties":{"stop_id":"NORBOOe","stop_name":"NORTH BEND RD & BOOMER RD"},"geometry":{"type":"Point","coordinates":[-84.604301,39.181404]}},{"type":"Feature","properties":{"stop_id":"NORBOOw","stop_name":"NORTH BEND RD & BOOMER RD"},"geometry":{"type":"Point","coordinates":[-84.604523,39.181622]}},{"type":"Feature","properties":{"stop_id":"NORBRUs","stop_name":"NORTH BEND RD & BRUESTLE AVE."},"geometry":{"type":"Point","coordinates":[-84.60556,39.166229]}},{"type":"Feature","properties":{"stop_id":"NORCARi","stop_name":"NORTH BEND RD & CARY AVE"},"geometry":{"type":"Point","coordinates":[-84.550369,39.203144]}},{"type":"Feature","properties":{"stop_id":"NORCARo","stop_name":"NORTH BEND RD & CARY AVE"},"geometry":{"type":"Point","coordinates":[-84.550026,39.203213]}},{"type":"Feature","properties":{"stop_id":"NORCLOi","stop_name":"NORTH BEND RD & CLOVER LEAF LN"},"geometry":{"type":"Point","coordinates":[-84.59259,39.190193]}},{"type":"Feature","properties":{"stop_id":"NORCLOo","stop_name":"NORTH BEND RD & CLOVER LEAF LN"},"geometry":{"type":"Point","coordinates":[-84.592285,39.190319]}},{"type":"Feature","properties":{"stop_id":"NORCOL","stop_name":"NORTH BEND RD & COLERAIN AVE"},"geometry":{"type":"Point","coordinates":[-84.570421,39.191299]}},{"type":"Feature","properties":{"stop_id":"NORCOLe","stop_name":"NORTH BEND RD & COLERAIN AVE"},"geometry":{"type":"Point","coordinates":[-84.570015,39.191296]}},{"type":"Feature","properties":{"stop_id":"NORCOLo","stop_name":"NORTH BEND RD & COLERAIN AVE"},"geometry":{"type":"Point","coordinates":[-84.571178,39.190826]}},{"type":"Feature","properties":{"stop_id":"NORCREs","stop_name":"NORTH BEND RD & CRESTNOLL LN"},"geometry":{"type":"Point","coordinates":[-84.60231,39.174324]}},{"type":"Feature","properties":{"stop_id":"NORDALe","stop_name":"NORTH BEND RD & DALY RD"},"geometry":{"type":"Point","coordinates":[-84.532555,39.202023]}},{"type":"Feature","properties":{"stop_id":"NORDALo","stop_name":"NORTH BEND RD & DALY RD"},"geometry":{"type":"Point","coordinates":[-84.531906,39.202171]}},{"type":"Feature","properties":{"stop_id":"NOREASi","stop_name":"NORTH BEND RD & EASTKNOLL CT"},"geometry":{"type":"Point","coordinates":[-84.573204,39.189171]}},{"type":"Feature","properties":{"stop_id":"NOREASo","stop_name":"NORTH BEND RD & EASTKNOLL CT"},"geometry":{"type":"Point","coordinates":[-84.573463,39.189251]}},{"type":"Feature","properties":{"stop_id":"NOREDWw","stop_name":"W. NORTH BEND ROAD & EDWOOD AVE"},"geometry":{"type":"Point","coordinates":[-84.538414,39.202526]}},{"type":"Feature","properties":{"stop_id":"NOREMEe","stop_name":"NORTH BEND RD & EMERALD LAKES DR"},"geometry":{"type":"Point","coordinates":[-84.602303,39.174995]}},{"type":"Feature","properties":{"stop_id":"NORFAIe","stop_name":"W. NORTH BEND ROAD & FAIRCREST DR"},"geometry":{"type":"Point","coordinates":[-84.538811,39.202393]}},{"type":"Feature","properties":{"stop_id":"NORFORo","stop_name":"NORTHLAND BLVD & FOREST PARK PLAZA"},"geometry":{"type":"Point","coordinates":[-84.50071,39.28051]}},{"type":"Feature","properties":{"stop_id":"NORFOXi","stop_name":"NORTH BEND RD & FOX RD"},"geometry":{"type":"Point","coordinates":[-84.577011,39.189041]}},{"type":"Feature","properties":{"stop_id":"NORFOXo","stop_name":"NORTH BEND RD & FOX RD"},"geometry":{"type":"Point","coordinates":[-84.577232,39.18922]}},{"type":"Feature","properties":{"stop_id":"NORGLADo","stop_name":"W. NORTH BEND RD & GLADYS AVE"},"geometry":{"type":"Point","coordinates":[-84.547023,39.202926]}},{"type":"Feature","properties":{"stop_id":"NORGLAo","stop_name":"NORTH BEND RD & GLADYS AVE"},"geometry":{"type":"Point","coordinates":[-84.546188,39.203003]}},{"type":"Feature","properties":{"stop_id":"NORHADn","stop_name":"NORTH BEND RD & HADER AVE"},"geometry":{"type":"Point","coordinates":[-84.603699,39.168575]}},{"type":"Feature","properties":{"stop_id":"NORHADs","stop_name":"NORTH BEND RD & HADER AVE"},"geometry":{"type":"Point","coordinates":[-84.603737,39.168854]}},{"type":"Feature","properties":{"stop_id":"NORHAMo","stop_name":"NORTH BEND RD & HAMILTON AVE"},"geometry":{"type":"Point","coordinates":[-84.548835,39.203165]}},{"type":"Feature","properties":{"stop_id":"NORHEMi","stop_name":"NORTH BEND RD & HEMPWOOD AVE"},"geometry":{"type":"Point","coordinates":[-84.53643,39.202412]}},{"type":"Feature","properties":{"stop_id":"NORHEMo","stop_name":"NORTH BEND RD & HEMPWOOD AVE"},"geometry":{"type":"Point","coordinates":[-84.536682,39.202271]}},{"type":"Feature","properties":{"stop_id":"NORHERw","stop_name":"NORTHCUTT AVE & HERMIT AVE"},"geometry":{"type":"Point","coordinates":[-84.462006,39.173927]}},{"type":"Feature","properties":{"stop_id":"NORKEMi","stop_name":"NORTHLAND BLVD & KEMPER RD"},"geometry":{"type":"Point","coordinates":[-84.473524,39.287142]}},{"type":"Feature","properties":{"stop_id":"NORKIPi","stop_name":"NORTH BEND RD & KIPLINGTON DR"},"geometry":{"type":"Point","coordinates":[-84.565826,39.19717]}},{"type":"Feature","properties":{"stop_id":"NORKIPLo","stop_name":"NORTH BEND RD & KIPLING AVE"},"geometry":{"type":"Point","coordinates":[-84.562683,39.202515]}},{"type":"Feature","properties":{"stop_id":"NORKIPo","stop_name":"NORTH BEND RD & KIPLINGTON DR"},"geometry":{"type":"Point","coordinates":[-84.566055,39.196968]}},{"type":"Feature","properties":{"stop_id":"NORKIRBw","stop_name":"W. NORTH BEND RD & KIRBY AVENUE"},"geometry":{"type":"Point","coordinates":[-84.568298,39.192326]}},{"type":"Feature","properties":{"stop_id":"NORKLEn","stop_name":"NORTH BEND RD & KLEEMAN RD"},"geometry":{"type":"Point","coordinates":[-84.602951,39.176697]}},{"type":"Feature","properties":{"stop_id":"NORKLEs","stop_name":"NORTH BEND RD & KLEEMAN RD"},"geometry":{"type":"Point","coordinates":[-84.603279,39.17701]}},{"type":"Feature","properties":{"stop_id":"NORLANo","stop_name":"NORTHLAND BLVD & LANDEN LN"},"geometry":{"type":"Point","coordinates":[-84.481163,39.282589]}},{"type":"Feature","properties":{"stop_id":"NORLANTo","stop_name":"W. NORTH BEND RD & LANTANA AVE"},"geometry":{"type":"Point","coordinates":[-84.541466,39.202597]}},{"type":"Feature","properties":{"stop_id":"NORLANw","stop_name":"NORTH BEND RD & LANTANA AVE"},"geometry":{"type":"Point","coordinates":[-84.541115,39.202686]}},{"type":"Feature","properties":{"stop_id":"NORLEEi","stop_name":"NORTH BEND RD & LEES CROSSING DR"},"geometry":{"type":"Point","coordinates":[-84.597878,39.190758]}},{"type":"Feature","properties":{"stop_id":"NORLEEo","stop_name":"NORTH BEND RD & LEES CROSSING RD"},"geometry":{"type":"Point","coordinates":[-84.597603,39.190918]}},{"type":"Feature","properties":{"stop_id":"NORLEUo","stop_name":"NORTH BEND RD & LEUMAS RD"},"geometry":{"type":"Point","coordinates":[-84.584503,39.189674]}},{"type":"Feature","properties":{"stop_id":"NORMILi","stop_name":"NORTH BEND RD & MILLWOOD LN"},"geometry":{"type":"Point","coordinates":[-84.516056,39.202151]}},{"type":"Feature","properties":{"stop_id":"NORMILo","stop_name":"NORTH BEND RD & MILLWOOD LN"},"geometry":{"type":"Point","coordinates":[-84.516026,39.201987]}},{"type":"Feature","properties":{"stop_id":"NORNORo","stop_name":"NORTHLAND BLVD & NORTHPOINTE CENTER"},"geometry":{"type":"Point","coordinates":[-84.49884,39.281017]}},{"type":"Feature","properties":{"stop_id":"NOROAKi","stop_name":"NORTH BEND RD & OAKWOOD AVE"},"geometry":{"type":"Point","coordinates":[-84.554939,39.203403]}},{"type":"Feature","properties":{"stop_id":"NOROLDi","stop_name":"NORTHLAND BLVD & OLDE GATE DR"},"geometry":{"type":"Point","coordinates":[-84.480858,39.282764]}},{"type":"Feature","properties":{"stop_id":"NORPHAw","stop_name":"NORTHCUTT AVE & PHANTOM AVE"},"geometry":{"type":"Point","coordinates":[-84.465523,39.173988]}},{"type":"Feature","properties":{"stop_id":"NORRIDo","stop_name":"NORTH BEND RD & RIDGEFIELD DR"},"geometry":{"type":"Point","coordinates":[-84.530022,39.202034]}},{"type":"Feature","properties":{"stop_id":"NORSAVo","stop_name":"NORTH BEND RD & SAVANNA AVE"},"geometry":{"type":"Point","coordinates":[-84.553505,39.203396]}},{"type":"Feature","properties":{"stop_id":"NORSIMi","stop_name":"W. NORTH BEND RD & SIMPSON AVE"},"geometry":{"type":"Point","coordinates":[-84.560013,39.203587]}},{"type":"Feature","properties":{"stop_id":"NORSIMo","stop_name":"NORTH BEND RD & SIMPSON AVE"},"geometry":{"type":"Point","coordinates":[-84.561066,39.203648]}},{"type":"Feature","properties":{"stop_id":"NORSOUi","stop_name":"NORTHLAND BLVD & SOUTHLAND RD"},"geometry":{"type":"Point","coordinates":[-84.496071,39.281429]}},{"type":"Feature","properties":{"stop_id":"NORSOUo","stop_name":"NORTHLAND BLVD & SOUTHLAND RD"},"geometry":{"type":"Point","coordinates":[-84.495743,39.281628]}},{"type":"Feature","properties":{"stop_id":"NORSPRi","stop_name":"NORTHLAND BLVD & SPRINGFIELD PIKE"},"geometry":{"type":"Point","coordinates":[-84.486387,39.282443]}},{"type":"Feature","properties":{"stop_id":"NORSPRo","stop_name":"NORTHLAND BLVD & SPRINGFIELD PIKE"},"geometry":{"type":"Point","coordinates":[-84.485825,39.282238]}},{"type":"Feature","properties":{"stop_id":"NORSPRw","stop_name":"NORTH BEND RD & SPRUCEWOOD DR"},"geometry":{"type":"Point","coordinates":[-84.588348,39.18993]}},{"type":"Feature","properties":{"stop_id":"NORSUNi","stop_name":"NORTH BEND RD & SUNRIDGE DR"},"geometry":{"type":"Point","coordinates":[-84.528351,39.201767]}},{"type":"Feature","properties":{"stop_id":"NORTAHi","stop_name":"W NORTH BEND RD & TAHITI DR"},"geometry":{"type":"Point","coordinates":[-84.530807,39.201916]}},{"type":"Feature","properties":{"stop_id":"NORTRIi","stop_name":"NORTHLAND BLVD & TRI COUNTY PKWY"},"geometry":{"type":"Point","coordinates":[-84.476578,39.283661]}},{"type":"Feature","properties":{"stop_id":"NORTRIo","stop_name":"NORTHLAND BLVD & TRI COUNTY PKWY"},"geometry":{"type":"Point","coordinates":[-84.476692,39.283375]}},{"type":"Feature","properties":{"stop_id":"NORVANi","stop_name":"NORTH BEND RD & VAN LEUNEN DR"},"geometry":{"type":"Point","coordinates":[-84.566406,39.19463]}},{"type":"Feature","properties":{"stop_id":"NORVANo","stop_name":"NORTH BEND RD & VAN LEUNEN DR"},"geometry":{"type":"Point","coordinates":[-84.566566,39.194721]}},{"type":"Feature","properties":{"stop_id":"NORVANZn","stop_name":"NORTH BEND RD & VAN ZANDT LN"},"geometry":{"type":"Point","coordinates":[-84.605263,39.166283]}},{"type":"Feature","properties":{"stop_id":"NORVOGi","stop_name":"NORTH BEND RD & VOGEL RD"},"geometry":{"type":"Point","coordinates":[-84.580742,39.189289]}},{"type":"Feature","properties":{"stop_id":"NORVOGo","stop_name":"NORTH BEND RD & VOGEL RD"},"geometry":{"type":"Point","coordinates":[-84.580429,39.18943]}},{"type":"Feature","properties":{"stop_id":"NORWAYi","stop_name":"NORTHLAND BLVD & WAYCROSS RD"},"geometry":{"type":"Point","coordinates":[-84.501228,39.280544]}},{"type":"Feature","properties":{"stop_id":"NORWESo","stop_name":"NORTH BEND RD & WEST FORK RD"},"geometry":{"type":"Point","coordinates":[-84.602058,39.18792]}},{"type":"Feature","properties":{"stop_id":"NORWINe","stop_name":"NORTH BEND RD & WINTON RD"},"geometry":{"type":"Point","coordinates":[-84.520317,39.201195]}},{"type":"Feature","properties":{"stop_id":"NORWINo","stop_name":"NORTH BEND RD & WINTON RD"},"geometry":{"type":"Point","coordinates":[-84.521706,39.201469]}},{"type":"Feature","properties":{"stop_id":"NORWITo","stop_name":"NORTH BEND RD & WITHERBY AVE"},"geometry":{"type":"Point","coordinates":[-84.558472,39.203663]}},{"type":"Feature","properties":{"stop_id":"NTCa","stop_name":"NORTHSIDE TRANSIT CENTER - SHELTER A"},"geometry":{"type":"Point","coordinates":[-84.538454,39.159201]}},{"type":"Feature","properties":{"stop_id":"NTCb","stop_name":"NORTHSIDE TRANSIT CENTER - SHELTER B"},"geometry":{"type":"Point","coordinates":[-84.538445,39.159364]}},{"type":"Feature","properties":{"stop_id":"NTCc","stop_name":"NORTHSIDE TRANSIT CENTER - SHELTER C"},"geometry":{"type":"Point","coordinates":[-84.538442,39.15953]}},{"type":"Feature","properties":{"stop_id":"NTCd","stop_name":"NORTHSIDE TRANSIT CENTER - SHELTER D"},"geometry":{"type":"Point","coordinates":[-84.538413,39.159729]}},{"type":"Feature","properties":{"stop_id":"NTCe","stop_name":"NORTHSIDE TRANSIT CENTER - SHELTER E"},"geometry":{"type":"Point","coordinates":[-84.538028,39.159799]}},{"type":"Feature","properties":{"stop_id":"NTCf","stop_name":"NORTHSIDE TRANSIT CENTER - SHELTER F"},"geometry":{"type":"Point","coordinates":[-84.538165,39.159696]}},{"type":"Feature","properties":{"stop_id":"NTCg","stop_name":"NORTHSIDE TRANSIT CENTER - SHELTER G"},"geometry":{"type":"Point","coordinates":[-84.538191,39.15951]}},{"type":"Feature","properties":{"stop_id":"NTCh","stop_name":"NORTHSIDE TRANSIT CENTER - SHELTER H"},"geometry":{"type":"Point","coordinates":[-84.53821,39.159321]}},{"type":"Feature","properties":{"stop_id":"NTCi","stop_name":"NORTHSIDE TRANSIT CENTER - SHELTER I on SPRING GROVE"},"geometry":{"type":"Point","coordinates":[-84.538106,39.159326]}},{"type":"Feature","properties":{"stop_id":"OAKDUCi","stop_name":"OAKLAWN DR & DUCK CREEK RD"},"geometry":{"type":"Point","coordinates":[-84.414894,39.164692]}},{"type":"Feature","properties":{"stop_id":"OAKDUCo","stop_name":"OAKLAWN DR & DUCK CREEK RD"},"geometry":{"type":"Point","coordinates":[-84.414726,39.164806]}},{"type":"Feature","properties":{"stop_id":"OAKMADi","stop_name":"OAKLAWN DR & MADISON RD"},"geometry":{"type":"Point","coordinates":[-84.413292,39.162308]}},{"type":"Feature","properties":{"stop_id":"OAKMADo","stop_name":"OAKLAWN DR & MADISON RD"},"geometry":{"type":"Point","coordinates":[-84.413048,39.162327]}},{"type":"Feature","properties":{"stop_id":"OBSDELi","stop_name":"OBSERVATORY AVE & DELTA AVE"},"geometry":{"type":"Point","coordinates":[-84.427094,39.136471]}},{"type":"Feature","properties":{"stop_id":"OBSDELw","stop_name":"OBSERVATORY AVE & DELTA AVE"},"geometry":{"type":"Point","coordinates":[-84.426788,39.136623]}},{"type":"Feature","properties":{"stop_id":"OBSGRAi","stop_name":"OBSERVATORY AVE & GRACE AVE"},"geometry":{"type":"Point","coordinates":[-84.432228,39.136791]}},{"type":"Feature","properties":{"stop_id":"OBSGRAo","stop_name":"OBSERVATORY AVE & GRACE AVE"},"geometry":{"type":"Point","coordinates":[-84.431992,39.136944]}},{"type":"Feature","properties":{"stop_id":"OBSKILi","stop_name":"OBSERVATORY AVE & KILGOUR LN"},"geometry":{"type":"Point","coordinates":[-84.429344,39.136616]}},{"type":"Feature","properties":{"stop_id":"OBSKILo","stop_name":"OBSERVATORY AVE & KILGOUR LN"},"geometry":{"type":"Point","coordinates":[-84.429062,39.136757]}},{"type":"Feature","properties":{"stop_id":"OBSPAXo","stop_name":"OBSERVATORY AVE & PAXTON AVE"},"geometry":{"type":"Point","coordinates":[-84.433945,39.137016]}},{"type":"Feature","properties":{"stop_id":"OSBREEe","stop_name":"Osborne & Reed Hartman Eastbound"},"geometry":{"type":"Point","coordinates":[-84.378571,39.264057]}},{"type":"Feature","properties":{"stop_id":"OSBREEw","stop_name":"Osborne & Reed Hartman Westbound"},"geometry":{"type":"Point","coordinates":[-84.378281,39.264183]}},{"type":"Feature","properties":{"stop_id":"OTC1","stop_name":"Oakley Transit Center Shelter 1"},"geometry":{"type":"Point","coordinates":[-84.423507,39.16095]}},{"type":"Feature","properties":{"stop_id":"OTC2","stop_name":"Oakley Transit Center Shelter 2"},"geometry":{"type":"Point","coordinates":[-84.42372,39.160959]}},{"type":"Feature","properties":{"stop_id":"OTC3","stop_name":"Oakley Transit Center Shelter 3"},"geometry":{"type":"Point","coordinates":[-84.423944,39.160968]}},{"type":"Feature","properties":{"stop_id":"OTC4","stop_name":"Oakley Transit Center Shelter 4"},"geometry":{"type":"Point","coordinates":[-84.424178,39.160982]}},{"type":"Feature","properties":{"stop_id":"OVE8THi","stop_name":"OVERLOOK AVE & 8TH ST"},"geometry":{"type":"Point","coordinates":[-84.599876,39.109165]}},{"type":"Feature","properties":{"stop_id":"PAD4628o","stop_name":"PADDOCK RD 4628"},"geometry":{"type":"Point","coordinates":[-84.478355,39.169521]}},{"type":"Feature","properties":{"stop_id":"PAD4630i","stop_name":"PADDOCK RD 4630"},"geometry":{"type":"Point","coordinates":[-84.478554,39.169666]}},{"type":"Feature","properties":{"stop_id":"PADCALi","stop_name":"PADDOCK RD & CALIFORNIA AVE"},"geometry":{"type":"Point","coordinates":[-84.477921,39.175926]}},{"type":"Feature","properties":{"stop_id":"PADCALo","stop_name":"PADDOCK RD & CALIFORNIA AVE"},"geometry":{"type":"Point","coordinates":[-84.477699,39.176071]}},{"type":"Feature","properties":{"stop_id":"PADCLEi","stop_name":"PADDOCK RD & CLEARBROOK DR"},"geometry":{"type":"Point","coordinates":[-84.478951,39.165962]}},{"type":"Feature","properties":{"stop_id":"PADCLEo","stop_name":"PADDOCK RD & CLEARBROOK DR"},"geometry":{"type":"Point","coordinates":[-84.478836,39.165524]}},{"type":"Feature","properties":{"stop_id":"PADDREAi","stop_name":"PADDOCK RD & READING RD"},"geometry":{"type":"Point","coordinates":[-84.480057,39.156521]}},{"type":"Feature","properties":{"stop_id":"PADEDIi","stop_name":"PADDOCK RD & EDISON DR"},"geometry":{"type":"Point","coordinates":[-84.476608,39.188358]}},{"type":"Feature","properties":{"stop_id":"PADEDIo","stop_name":"PADDOCK RD & EDISON DR"},"geometry":{"type":"Point","coordinates":[-84.476372,39.188492]}},{"type":"Feature","properties":{"stop_id":"PADEGAi","stop_name":"PADDOCK RD & EGAN HILLS DR"},"geometry":{"type":"Point","coordinates":[-84.479164,39.16378]}},{"type":"Feature","properties":{"stop_id":"PADEGAo","stop_name":"PADDOCK RD & EGAN HILLS DR"},"geometry":{"type":"Point","coordinates":[-84.478996,39.16399]}},{"type":"Feature","properties":{"stop_id":"PADELMi","stop_name":"PADDOCK RD & ELM PARK DR"},"geometry":{"type":"Point","coordinates":[-84.477074,39.18375]}},{"type":"Feature","properties":{"stop_id":"PADELMo","stop_name":"PADDOCK RD & ELM PARK DR"},"geometry":{"type":"Point","coordinates":[-84.476913,39.183662]}},{"type":"Feature","properties":{"stop_id":"PADFRAi","stop_name":"PADDOCK RD & FRANKLIN AVE"},"geometry":{"type":"Point","coordinates":[-84.478081,39.174519]}},{"type":"Feature","properties":{"stop_id":"PADFRAo","stop_name":"PADDOCK RD & FRANKLIN AVE"},"geometry":{"type":"Point","coordinates":[-84.477859,39.174553]}},{"type":"Feature","properties":{"stop_id":"PADLAIi","stop_name":"PADDOCK RD & LAIDLAW AVE"},"geometry":{"type":"Point","coordinates":[-84.477707,39.177849]}},{"type":"Feature","properties":{"stop_id":"PADLOIi","stop_name":"PADDOCK RD & LOIS DR"},"geometry":{"type":"Point","coordinates":[-84.477394,39.180981]}},{"type":"Feature","properties":{"stop_id":"PADLOIo","stop_name":"PADDOCK RD & LOIS DR"},"geometry":{"type":"Point","coordinates":[-84.477196,39.180763]}},{"type":"Feature","properties":{"stop_id":"PADNORi","stop_name":"PADDOCK RD & NORTH BEND RD"},"geometry":{"type":"Point","coordinates":[-84.476517,39.196915]}},{"type":"Feature","properties":{"stop_id":"PADREAo","stop_name":"PADDOCK RD & READING RD"},"geometry":{"type":"Point","coordinates":[-84.479965,39.156708]}},{"type":"Feature","properties":{"stop_id":"PADRYLo","stop_name":"PADDOCK RD & RYLAND AVE"},"geometry":{"type":"Point","coordinates":[-84.47744,39.178371]}},{"type":"Feature","properties":{"stop_id":"PADSEYi","stop_name":"PADDOCK RD & SEYMOUR AVE"},"geometry":{"type":"Point","coordinates":[-84.475624,39.191517]}},{"type":"Feature","properties":{"stop_id":"PADSEYo","stop_name":"PADDOCK RD & SEYMOUR AVE"},"geometry":{"type":"Point","coordinates":[-84.475296,39.191669]}},{"type":"Feature","properties":{"stop_id":"PADSUNi","stop_name":"PADDOCK RD & SUNNYSLOPE DR"},"geometry":{"type":"Point","coordinates":[-84.47908,39.164917]}},{"type":"Feature","properties":{"stop_id":"PADTENNi","stop_name":"PADDOCK RD & TENNESSEE AVE"},"geometry":{"type":"Point","coordinates":[-84.478745,39.168049]}},{"type":"Feature","properties":{"stop_id":"PADTENo","stop_name":"PADDOCK RD & TENNESSEE AVE"},"geometry":{"type":"Point","coordinates":[-84.478523,39.168167]}},{"type":"Feature","properties":{"stop_id":"PADTOWi","stop_name":"PADDOCK RD & TOWANDA TER"},"geometry":{"type":"Point","coordinates":[-84.476921,39.185394]}},{"type":"Feature","properties":{"stop_id":"PADTOWo","stop_name":"PADDOCK RD & TOWANDA TER"},"geometry":{"type":"Point","coordinates":[-84.476776,39.185104]}},{"type":"Feature","properties":{"stop_id":"PADVINo","stop_name":"PADDOCK RD & VINE ST"},"geometry":{"type":"Point","coordinates":[-84.476036,39.197948]}},{"type":"Feature","properties":{"stop_id":"PAR2610e","stop_name":"PARK AVE 2610"},"geometry":{"type":"Point","coordinates":[-84.48597,39.127762]}},{"type":"Feature","properties":{"stop_id":"PAR941w","stop_name":"PARADROME ST 941"},"geometry":{"type":"Point","coordinates":[-84.497734,39.109951]}},{"type":"Feature","properties":{"stop_id":"PARCARe","stop_name":"PARKSIDE PL & CARNEY ST"},"geometry":{"type":"Point","coordinates":[-84.495468,39.110626]}},{"type":"Feature","properties":{"stop_id":"PARCARw","stop_name":"PARKSIDE PL & CARNEY ST"},"geometry":{"type":"Point","coordinates":[-84.495178,39.110447]}},{"type":"Feature","properties":{"stop_id":"PARCROe","stop_name":"PARK AVE & CROSS LN"},"geometry":{"type":"Point","coordinates":[-84.48632,39.124596]}},{"type":"Feature","properties":{"stop_id":"PARCROw","stop_name":"PARK AVE & CROSS LN"},"geometry":{"type":"Point","coordinates":[-84.486366,39.124531]}},{"type":"Feature","properties":{"stop_id":"PARCYPe","stop_name":"PARK AVE & CYPRESS ST"},"geometry":{"type":"Point","coordinates":[-84.486465,39.123085]}},{"type":"Feature","properties":{"stop_id":"PARCYPw","stop_name":"PARK AVE & CYPRESS ST"},"geometry":{"type":"Point","coordinates":[-84.486565,39.122818]}},{"type":"Feature","properties":{"stop_id":"PARHOMi","stop_name":"PARKCREST LN & HOME DEPOT"},"geometry":{"type":"Point","coordinates":[-84.62323,39.146011]}},{"type":"Feature","properties":{"stop_id":"PARIDAe","stop_name":"PARADROME ST & IDA ST"},"geometry":{"type":"Point","coordinates":[-84.498787,39.110275]}},{"type":"Feature","properties":{"stop_id":"PARK","stop_name":"PARKCREST LN LAYOVER"},"geometry":{"type":"Point","coordinates":[-84.621742,39.146328]}},{"type":"Feature","properties":{"stop_id":"PARLURn","stop_name":"Park & Luray - northbound"},"geometry":{"type":"Point","coordinates":[-84.487656,39.118538]}},{"type":"Feature","properties":{"stop_id":"PARLURs","stop_name":"Park & Luray - southbound"},"geometry":{"type":"Point","coordinates":[-84.487656,39.118912]}},{"type":"Feature","properties":{"stop_id":"PARMARe","stop_name":"PARKSIDE PL & MARTIN DR"},"geometry":{"type":"Point","coordinates":[-84.4935,39.110485]}},{"type":"Feature","properties":{"stop_id":"PARMARw","stop_name":"PARKSIDE PL & MARTIN DR"},"geometry":{"type":"Point","coordinates":[-84.493126,39.110291]}},{"type":"Feature","properties":{"stop_id":"PARYALe","stop_name":"PARK AVE & YALE AVE"},"geometry":{"type":"Point","coordinates":[-84.485855,39.128796]}},{"type":"Feature","properties":{"stop_id":"PAX3765o","stop_name":"PAXTON AVE 3765"},"geometry":{"type":"Point","coordinates":[-84.430466,39.145725]}},{"type":"Feature","properties":{"stop_id":"PAX4014o","stop_name":"PAXTON AVE 4014"},"geometry":{"type":"Point","coordinates":[-84.424652,39.150578]}},{"type":"Feature","properties":{"stop_id":"PAX4017i","stop_name":"PAXTON AVE 4017"},"geometry":{"type":"Point","coordinates":[-84.424744,39.15073]}},{"type":"Feature","properties":{"stop_id":"PAXERIi","stop_name":"PAXTON AVE & ERIE AVE"},"geometry":{"type":"Point","coordinates":[-84.434029,39.139042]}},{"type":"Feature","properties":{"stop_id":"PAXERIo","stop_name":"PAXTON AVE & ERIE AVE"},"geometry":{"type":"Point","coordinates":[-84.43383,39.139137]}},{"type":"Feature","properties":{"stop_id":"PAXMARo","stop_name":"PAXTON AVE & MARBURG AVE"},"geometry":{"type":"Point","coordinates":[-84.42231,39.151325]}},{"type":"Feature","properties":{"stop_id":"PAXOAKe","stop_name":"PAXTON AVE & OAK PARK PL"},"geometry":{"type":"Point","coordinates":[-84.427635,39.148464]}},{"type":"Feature","properties":{"stop_id":"PAXOAKi","stop_name":"PAXTON AVE & OAKPARK PL"},"geometry":{"type":"Point","coordinates":[-84.427666,39.14875]}},{"type":"Feature","properties":{"stop_id":"PAXOBSi","stop_name":"PAXTON AVE & OBSERVATORY AVE"},"geometry":{"type":"Point","coordinates":[-84.43425,39.137104]}},{"type":"Feature","properties":{"stop_id":"PAXPLAw","stop_name":"PAXTON AVE & PLAZA DRIVEWAY"},"geometry":{"type":"Point","coordinates":[-84.429276,39.146812]}},{"type":"Feature","properties":{"stop_id":"PAXPORe","stop_name":"PAXTON AVE & PORTSMOUTH AVE"},"geometry":{"type":"Point","coordinates":[-84.433395,39.143768]}},{"type":"Feature","properties":{"stop_id":"PAXPORw","stop_name":"PAXTON AVE & PORTSMOUTH AVE"},"geometry":{"type":"Point","coordinates":[-84.43364,39.143433]}},{"type":"Feature","properties":{"stop_id":"PAXTAYe","stop_name":"PAXTON AVE & TAYLOR AVE"},"geometry":{"type":"Point","coordinates":[-84.426575,39.149605]}},{"type":"Feature","properties":{"stop_id":"PAXTAYi","stop_name":"PAXTON AVE & TAYLOR AVE"},"geometry":{"type":"Point","coordinates":[-84.426353,39.149998]}},{"type":"Feature","properties":{"stop_id":"PAXVICe","stop_name":"PAXTON AVE & VICTORIA AVE"},"geometry":{"type":"Point","coordinates":[-84.433449,39.142399]}},{"type":"Feature","properties":{"stop_id":"PAXVICi","stop_name":"PAXTON AVE & VICTORIA AVE"},"geometry":{"type":"Point","coordinates":[-84.433723,39.142281]}},{"type":"Feature","properties":{"stop_id":"PED460i","stop_name":"PEDRETTI AVE 460"},"geometry":{"type":"Point","coordinates":[-84.599289,39.098621]}},{"type":"Feature","properties":{"stop_id":"PED467o","stop_name":"PEDRETTI AVE 467"},"geometry":{"type":"Point","coordinates":[-84.599548,39.098301]}},{"type":"Feature","properties":{"stop_id":"PED8THi","stop_name":"PEDRETTI AVE & 8TH ST"},"geometry":{"type":"Point","coordinates":[-84.598206,39.108768]}},{"type":"Feature","properties":{"stop_id":"PED8THo","stop_name":"PEDRETTI AVE & 8TH ST"},"geometry":{"type":"Point","coordinates":[-84.598511,39.10865]}},{"type":"Feature","properties":{"stop_id":"PEDDOMo","stop_name":"PEDRETTI AVE & DOMINIC DR"},"geometry":{"type":"Point","coordinates":[-84.599953,39.093292]}},{"type":"Feature","properties":{"stop_id":"PEDFEHi","stop_name":"PEDRETTI AVE & FEHR RD"},"geometry":{"type":"Point","coordinates":[-84.599121,39.10022]}},{"type":"Feature","properties":{"stop_id":"PEDFEHo","stop_name":"PEDRETTI AVE & FEHR RD"},"geometry":{"type":"Point","coordinates":[-84.599274,39.100574]}},{"type":"Feature","properties":{"stop_id":"PEDFOLi","stop_name":"PEDRETTI AVE & FOLEY RD"},"geometry":{"type":"Point","coordinates":[-84.598663,39.104351]}},{"type":"Feature","properties":{"stop_id":"PEDFOLo","stop_name":"PEDRETTI AVE & FOLEY RD"},"geometry":{"type":"Point","coordinates":[-84.598885,39.104198]}},{"type":"Feature","properties":{"stop_id":"PEDMAYi","stop_name":"PEDRETTI AVE & MAYHEW AVE"},"geometry":{"type":"Point","coordinates":[-84.599586,39.09573]}},{"type":"Feature","properties":{"stop_id":"PEDMAYo","stop_name":"PEDRETTI AVE& MAYHEW AVE"},"geometry":{"type":"Point","coordinates":[-84.599777,39.096088]}},{"type":"Feature","properties":{"stop_id":"PEDMTAo","stop_name":"PEDRETTI AVE & MT ALVERNO RD"},"geometry":{"type":"Point","coordinates":[-84.600266,39.090439]}},{"type":"Feature","properties":{"stop_id":"PEDSTDi","stop_name":"PEDRETTI AVE & SAINT DOMINIC DR"},"geometry":{"type":"Point","coordinates":[-84.59977,39.093071]}},{"type":"Feature","properties":{"stop_id":"PEDTANn","stop_name":"Pedretti Ave at Tanner Ave"},"geometry":{"type":"Point","coordinates":[-84.598823,39.102639]}},{"type":"Feature","properties":{"stop_id":"PEDTANs","stop_name":"Pedretti Ave opp. Tanner Ave"},"geometry":{"type":"Point","coordinates":[-84.599009,39.102692]}},{"type":"Feature","properties":{"stop_id":"PEECORi","stop_name":"PEEBLES CORNER - GILBERT & MCMILAN"},"geometry":{"type":"Point","coordinates":[-84.490786,39.125478]}},{"type":"Feature","properties":{"stop_id":"PET536w","stop_name":"PETE ROSE WAY 536"},"geometry":{"type":"Point","coordinates":[-84.50264,39.099846]}},{"type":"Feature","properties":{"stop_id":"PETBUTw","stop_name":"PETE ROSE WAY & BUTLER ST"},"geometry":{"type":"Point","coordinates":[-84.500542,39.101238]}},{"type":"Feature","properties":{"stop_id":"PETE537","stop_name":"PETE ROSE WAY 537"},"geometry":{"type":"Point","coordinates":[-84.502197,39.099987]}},{"type":"Feature","properties":{"stop_id":"PETEGGe","stop_name":"PETE ROSE WAY & EGGLESTON AVE"},"geometry":{"type":"Point","coordinates":[-84.499199,39.101871]}},{"type":"Feature","properties":{"stop_id":"PETMEHe","stop_name":"PETE ROSE WAY & MEHRING WAY"},"geometry":{"type":"Point","coordinates":[-84.503044,39.099434]}},{"type":"Feature","properties":{"stop_id":"PHIGRAi","stop_name":"PHILLIPS AVE & GRAND AVE"},"geometry":{"type":"Point","coordinates":[-84.561501,39.1036]}},{"type":"Feature","properties":{"stop_id":"PIK3RDe","stop_name":"PIKE ST & 3RD ST"},"geometry":{"type":"Point","coordinates":[-84.502731,39.101254]}},{"type":"Feature","properties":{"stop_id":"PLA6930o","stop_name":"PLAINFIELD RD 6930"},"geometry":{"type":"Point","coordinates":[-84.400368,39.194633]}},{"type":"Feature","properties":{"stop_id":"PLA6962i","stop_name":"PLANIFIELD RD 6962"},"geometry":{"type":"Point","coordinates":[-84.400604,39.19442]}},{"type":"Feature","properties":{"stop_id":"PLA8560i","stop_name":"PLAINFIELD RD 8560"},"geometry":{"type":"Point","coordinates":[-84.393204,39.214893]}},{"type":"Feature","properties":{"stop_id":"PLA8568o","stop_name":"PLAINFIELD RD 8568"},"geometry":{"type":"Point","coordinates":[-84.393532,39.214592]}},{"type":"Feature","properties":{"stop_id":"PLA8711i","stop_name":"PLAINFIELD RD 8711"},"geometry":{"type":"Point","coordinates":[-84.392349,39.218998]}},{"type":"Feature","properties":{"stop_id":"PLA8714o","stop_name":"PLAINFIELD RD 8714"},"geometry":{"type":"Point","coordinates":[-84.392143,39.219013]}},{"type":"Feature","properties":{"stop_id":"PLABRAi","stop_name":"PLAINVILLE RD & BRAMBLE AVE"},"geometry":{"type":"Point","coordinates":[-84.379868,39.151165]}},{"type":"Feature","properties":{"stop_id":"PLABRAo","stop_name":"PLAINVILLE RD & BRAMBLE AVE"},"geometry":{"type":"Point","coordinates":[-84.3797,39.151169]}},{"type":"Feature","properties":{"stop_id":"PLABRIi","stop_name":"PLAINVILLE RD & BRITTON AVE"},"geometry":{"type":"Point","coordinates":[-84.379921,39.152153]}},{"type":"Feature","properties":{"stop_id":"PLABRIo","stop_name":"PLAINVILLE RD & BRITTON AVE"},"geometry":{"type":"Point","coordinates":[-84.380211,39.152439]}},{"type":"Feature","properties":{"stop_id":"PLABUCn","stop_name":"PLAINVILLE RD & BUCKINGHAM PL"},"geometry":{"type":"Point","coordinates":[-84.380791,39.15601]}},{"type":"Feature","properties":{"stop_id":"PLABUCs","stop_name":"PLAINVILLE RD & BUCKINGHAM PL"},"geometry":{"type":"Point","coordinates":[-84.380959,39.15575]}},{"type":"Feature","properties":{"stop_id":"PLACOOs","stop_name":"Plainfield & Cooper Southbound"},"geometry":{"type":"Point","coordinates":[-84.396339,39.237518]}},{"type":"Feature","properties":{"stop_id":"PLACROo","stop_name":"PLAINFIELD RD & CROSSGATE SQ"},"geometry":{"type":"Point","coordinates":[-84.393867,39.224434]}},{"type":"Feature","properties":{"stop_id":"PLAGEOi","stop_name":"PLAINFIELD RD & GEORGETOWN RD"},"geometry":{"type":"Point","coordinates":[-84.394638,39.228733]}},{"type":"Feature","properties":{"stop_id":"PLAGEOo","stop_name":"PLAINFIELD RD & GEORGETOWN RD"},"geometry":{"type":"Point","coordinates":[-84.394379,39.228493]}},{"type":"Feature","properties":{"stop_id":"PLAKUGi","stop_name":"PLAINFIELD RD & KUGLER MILL RD"},"geometry":{"type":"Point","coordinates":[-84.396759,39.212475]}},{"type":"Feature","properties":{"stop_id":"PLAKUGo","stop_name":"PLAINFIELD RD & KUGLER MILL RD"},"geometry":{"type":"Point","coordinates":[-84.396736,39.212193]}},{"type":"Feature","properties":{"stop_id":"PLALANi","stop_name":"PLAINFIELD RD & LANDSDOWNE AVE"},"geometry":{"type":"Point","coordinates":[-84.399841,39.201206]}},{"type":"Feature","properties":{"stop_id":"PLALANo","stop_name":"PLAINFIELD RD & LANDSDOWNE AVE"},"geometry":{"type":"Point","coordinates":[-84.399727,39.201275]}},{"type":"Feature","properties":{"stop_id":"PLALARi","stop_name":"PLAINFIELD RD & LARCHVIEW DR"},"geometry":{"type":"Point","coordinates":[-84.393141,39.221959]}},{"type":"Feature","properties":{"stop_id":"PLALINi","stop_name":"PLAINFIELD RD & LINDEN AVE"},"geometry":{"type":"Point","coordinates":[-84.399078,39.209427]}},{"type":"Feature","properties":{"stop_id":"PLALINo","stop_name":"PLAINFIELD RD & LINDEN AVE"},"geometry":{"type":"Point","coordinates":[-84.398918,39.209297]}},{"type":"Feature","properties":{"stop_id":"PLAMATi","stop_name":"PLAINFIELD RD & MATSON AVE"},"geometry":{"type":"Point","coordinates":[-84.399437,39.205475]}},{"type":"Feature","properties":{"stop_id":"PLAMATo","stop_name":"PLAINFIELD RD & MATSON AVE"},"geometry":{"type":"Point","coordinates":[-84.39933,39.205124]}},{"type":"Feature","properties":{"stop_id":"PLANORi","stop_name":"PLAINFIELD RD & NORTH ST"},"geometry":{"type":"Point","coordinates":[-84.40036,39.196468]}},{"type":"Feature","properties":{"stop_id":"PLANORo","stop_name":"PLAINFIELD RD & NORTH ST"},"geometry":{"type":"Point","coordinates":[-84.400192,39.196426]}},{"type":"Feature","properties":{"stop_id":"PLAOAKWi","stop_name":"PLAINFIELD RD & OAKWOOD AVE"},"geometry":{"type":"Point","coordinates":[-84.399231,39.208015]}},{"type":"Feature","properties":{"stop_id":"PLARONo","stop_name":"PLAINFIELD RD & RONALD REAGAN HWY"},"geometry":{"type":"Point","coordinates":[-84.393471,39.224056]}},{"type":"Feature","properties":{"stop_id":"PLAROSo","stop_name":"PLAINFIELD RD & ROSSPLAIN RD"},"geometry":{"type":"Point","coordinates":[-84.393259,39.223266]}},{"type":"Feature","properties":{"stop_id":"PLASCHi","stop_name":"PLAINFIELD RD & SCHENCK AVE"},"geometry":{"type":"Point","coordinates":[-84.399323,39.206737]}},{"type":"Feature","properties":{"stop_id":"PLASCHo","stop_name":"PLAINFIELD RD & SCHENCK AVE"},"geometry":{"type":"Point","coordinates":[-84.399193,39.206696]}},{"type":"Feature","properties":{"stop_id":"PLASTJi","stop_name":"PLAINFIELD RD & ST JOHNS TER"},"geometry":{"type":"Point","coordinates":[-84.399628,39.203495]}},{"type":"Feature","properties":{"stop_id":"PLASTJo","stop_name":"PLAINFIELD RD & ST JOHNS TER"},"geometry":{"type":"Point","coordinates":[-84.399521,39.203072]}},{"type":"Feature","properties":{"stop_id":"PLAVINi","stop_name":"PLAINVILLE RD & VINEWOOD AVE"},"geometry":{"type":"Point","coordinates":[-84.381226,39.157337]}},{"type":"Feature","properties":{"stop_id":"PLAVINn","stop_name":"PLAINVILLE RD & VINEWOOD AVE"},"geometry":{"type":"Point","coordinates":[-84.380989,39.157143]}},{"type":"Feature","properties":{"stop_id":"PLAWEBi","stop_name":"PLAINFIELD RD & WEBSTER AVE"},"geometry":{"type":"Point","coordinates":[-84.400032,39.199219]}},{"type":"Feature","properties":{"stop_id":"PLAWEBo","stop_name":"PLAINFIELD RD & WEBSTER AVE"},"geometry":{"type":"Point","coordinates":[-84.399933,39.198898]}},{"type":"Feature","properties":{"stop_id":"PLAWINi","stop_name":"PLAINVILLE RD & WINDWARD AVE"},"geometry":{"type":"Point","coordinates":[-84.380409,39.154171]}},{"type":"Feature","properties":{"stop_id":"PLAWINo","stop_name":"PLAINVILLE RD & WINDWARD AVE"},"geometry":{"type":"Point","coordinates":[-84.380608,39.154099]}},{"type":"Feature","properties":{"stop_id":"PLU9THe","stop_name":"PLUM ST & 9TH ST"},"geometry":{"type":"Point","coordinates":[-84.518867,39.104252]}},{"type":"Feature","properties":{"stop_id":"PRE3710o","stop_name":"PRESIDENT DR 3710"},"geometry":{"type":"Point","coordinates":[-84.561096,39.152824]}},{"type":"Feature","properties":{"stop_id":"PRE3733i","stop_name":"PRESIDENT DR 3733"},"geometry":{"type":"Point","coordinates":[-84.561028,39.153324]}},{"type":"Feature","properties":{"stop_id":"PRE3900o","stop_name":"PRESIDENT DR 3900"},"geometry":{"type":"Point","coordinates":[-84.558784,39.155453]}},{"type":"Feature","properties":{"stop_id":"PRE3955i","stop_name":"PRESIDENT DR 3955"},"geometry":{"type":"Point","coordinates":[-84.558952,39.155815]}},{"type":"Feature","properties":{"stop_id":"PREBALi","stop_name":"PRESIDENT DR & BALTIMORE AVE"},"geometry":{"type":"Point","coordinates":[-84.561852,39.151718]}},{"type":"Feature","properties":{"stop_id":"PREFARo","stop_name":"PRESIDENT DR & FARRADAY RD"},"geometry":{"type":"Point","coordinates":[-84.561295,39.15239]}},{"type":"Feature","properties":{"stop_id":"PRENOTi","stop_name":"PRESIDENT DR & NOTTINGHAM RD"},"geometry":{"type":"Point","coordinates":[-84.558754,39.156986]}},{"type":"Feature","properties":{"stop_id":"PRENOTo","stop_name":"PRESIDENT DR & NOTTINGHAM RD"},"geometry":{"type":"Point","coordinates":[-84.558495,39.156994]}},{"type":"Feature","properties":{"stop_id":"PresDr","stop_name":"PRESIDENT TURNAROUND"},"geometry":{"type":"Point","coordinates":[-84.557803,39.158555]}},{"type":"Feature","properties":{"stop_id":"PREWILi","stop_name":"PRESIDENT DR & WILLIAMSBURG DR"},"geometry":{"type":"Point","coordinates":[-84.560135,39.153957]}},{"type":"Feature","properties":{"stop_id":"PREWILo","stop_name":"PRESIDENT DR & WILLIAMSBURG DR"},"geometry":{"type":"Point","coordinates":[-84.559532,39.15414]}},{"type":"Feature","properties":{"stop_id":"QUE1860o","stop_name":"QUEEN CITY AVE 1860"},"geometry":{"type":"Point","coordinates":[-84.560425,39.126335]}},{"type":"Feature","properties":{"stop_id":"QUE2016o","stop_name":"QUEEN CITY AVE 2016"},"geometry":{"type":"Point","coordinates":[-84.566956,39.127979]}},{"type":"Feature","properties":{"stop_id":"QUE2090i","stop_name":"QUEEN CITY AVE 2090"},"geometry":{"type":"Point","coordinates":[-84.570114,39.128201]}},{"type":"Feature","properties":{"stop_id":"QUE2400i","stop_name":"QUEEN CITY AVE 2400"},"geometry":{"type":"Point","coordinates":[-84.581772,39.128651]}},{"type":"Feature","properties":{"stop_id":"QUE2417o","stop_name":"QUEEN CITY AVE 2417"},"geometry":{"type":"Point","coordinates":[-84.582024,39.128811]}},{"type":"Feature","properties":{"stop_id":"QUE2517o","stop_name":"QUEEN CITY AVE 2517"},"geometry":{"type":"Point","coordinates":[-84.585258,39.129501]}},{"type":"Feature","properties":{"stop_id":"QUE2744w","stop_name":"QUEEN CITY AVE 2744"},"geometry":{"type":"Point","coordinates":[-84.593658,39.133541]}},{"type":"Feature","properties":{"stop_id":"QUE2767i","stop_name":"QUEEN CITY AVE 2767"},"geometry":{"type":"Point","coordinates":[-84.593765,39.133373]}},{"type":"Feature","properties":{"stop_id":"QUE2811i","stop_name":"QUEEN CITY AVE 2811"},"geometry":{"type":"Point","coordinates":[-84.596657,39.134444]}},{"type":"Feature","properties":{"stop_id":"QUE2820o","stop_name":"QUEEN CITY AVE 2820"},"geometry":{"type":"Point","coordinates":[-84.596649,39.134563]}},{"type":"Feature","properties":{"stop_id":"QUE2841i","stop_name":"QUEEN CITY AVE 2841"},"geometry":{"type":"Point","coordinates":[-84.598007,39.134556]}},{"type":"Feature","properties":{"stop_id":"QUEBOUo","stop_name":"QUEEN CITY AVE & BOUDINOT AVE"},"geometry":{"type":"Point","coordinates":[-84.604523,39.136356]}},{"type":"Feature","properties":{"stop_id":"QUEBOUp","stop_name":"QUEEN CITY AVE & BOUDINOT AVE"},"geometry":{"type":"Point","coordinates":[-84.603745,39.136127]}},{"type":"Feature","properties":{"stop_id":"QUEEASi","stop_name":"QUEEN CITY AVE & EAST TOWER DR"},"geometry":{"type":"Point","coordinates":[-84.592934,39.131779]}},{"type":"Feature","properties":{"stop_id":"QUEERLi","stop_name":"QUEEN CITY AVE & ERLENE DR"},"geometry":{"type":"Point","coordinates":[-84.590897,39.130432]}},{"type":"Feature","properties":{"stop_id":"QUEERLo","stop_name":"QUEEN CITY AVE & ERLENE DR"},"geometry":{"type":"Point","coordinates":[-84.590195,39.130726]}},{"type":"Feature","properties":{"stop_id":"QUEFERa","stop_name":"QUEEN CITY AVE & FERGUSON RD"},"geometry":{"type":"Point","coordinates":[-84.600304,39.13512]}},{"type":"Feature","properties":{"stop_id":"QUEFERo","stop_name":"QUEEN CITY AVE & FERGUSON RD"},"geometry":{"type":"Point","coordinates":[-84.60041,39.135372]}},{"type":"Feature","properties":{"stop_id":"QUEGEHo","stop_name":"QUEEN CITY AVE & GEHRUM LN"},"geometry":{"type":"Point","coordinates":[-84.592697,39.131599]}},{"type":"Feature","properties":{"stop_id":"QUEGRAo","stop_name":"QUEEN CITY AVE & GRAND AVE"},"geometry":{"type":"Point","coordinates":[-84.553047,39.126129]}},{"type":"Feature","properties":{"stop_id":"QUEHARo","stop_name":"QUEEN CITY AVE & HARRISON AVE"},"geometry":{"type":"Point","coordinates":[-84.550606,39.126205]}},{"type":"Feature","properties":{"stop_id":"QUELAFo","stop_name":"QUEEN CITY AVE & LAFEUILLE AVE"},"geometry":{"type":"Point","coordinates":[-84.587547,39.130962]}},{"type":"Feature","properties":{"stop_id":"QUELAWi","stop_name":"Queen City Avenue at Lawnway Street"},"geometry":{"type":"Point","coordinates":[-84.547196,39.126361]}},{"type":"Feature","properties":{"stop_id":"QUELAWo","stop_name":"Queen City Avenue Opp. Lawnway Street"},"geometry":{"type":"Point","coordinates":[-84.54672,39.126222]}},{"type":"Feature","properties":{"stop_id":"QUELICi","stop_name":"QUEEN CITY AVE & LICK RUN WAY"},"geometry":{"type":"Point","coordinates":[-84.567848,39.127995]}},{"type":"Feature","properties":{"stop_id":"QUEQUEEo","stop_name":"QUEEN CITY AVE & QUEEN CITY BYPASS"},"geometry":{"type":"Point","coordinates":[-84.571228,39.128166]}},{"type":"Feature","properties":{"stop_id":"QUERIDi","stop_name":"QUEEN CITY AVE & RIDGETOP"},"geometry":{"type":"Point","coordinates":[-84.585464,39.129417]}},{"type":"Feature","properties":{"stop_id":"QueSpeo","stop_name":"Queen City Ave & Sperber St"},"geometry":{"type":"Point","coordinates":[-84.563301,39.126999]}},{"type":"Feature","properties":{"stop_id":"QUESUNi","stop_name":"QUEEN CITY AVE & SUNSET AVE"},"geometry":{"type":"Point","coordinates":[-84.576851,39.128494]}},{"type":"Feature","properties":{"stop_id":"QUESUNo","stop_name":"QUEEN CITY AVE & SUNSET AVE"},"geometry":{"type":"Point","coordinates":[-84.577095,39.128742]}},{"type":"Feature","properties":{"stop_id":"QUETIMo","stop_name":"QUEEN CITY AVE & TIMBERCREST DR"},"geometry":{"type":"Point","coordinates":[-84.597664,39.134678]}},{"type":"Feature","properties":{"stop_id":"QUEWICo","stop_name":"QUEEN CITY AVE & WICKHAM PL"},"geometry":{"type":"Point","coordinates":[-84.557198,39.125999]}},{"type":"Feature","properties":{"stop_id":"QUEWYOi","stop_name":"QUEEN CITY AVE & WYOMING AVE"},"geometry":{"type":"Point","coordinates":[-84.574158,39.127544]}},{"type":"Feature","properties":{"stop_id":"QUEWYOo","stop_name":"QUEEN CITY AVE & WYOMING AVE"},"geometry":{"type":"Point","coordinates":[-84.574171,39.1278]}},{"type":"Feature","properties":{"stop_id":"RAC12THi","stop_name":"RACE ST & 12TH ST"},"geometry":{"type":"Point","coordinates":[-84.51651,39.108143]}},{"type":"Feature","properties":{"stop_id":"RAC14THi","stop_name":"RACE ST & 14TH ST"},"geometry":{"type":"Point","coordinates":[-84.51707,39.110457]}},{"type":"Feature","properties":{"stop_id":"RAC6THi","stop_name":"RACE ST & 6TH ST"},"geometry":{"type":"Point","coordinates":[-84.515045,39.102272]}},{"type":"Feature","properties":{"stop_id":"RAC7THi","stop_name":"RACE ST & 7TH ST"},"geometry":{"type":"Point","coordinates":[-84.515366,39.103504]}},{"type":"Feature","properties":{"stop_id":"RAC8THi","stop_name":"RACE ST & 8TH ST"},"geometry":{"type":"Point","coordinates":[-84.515564,39.104523]}},{"type":"Feature","properties":{"stop_id":"RACCOUi","stop_name":"RACE ST & COURT ST"},"geometry":{"type":"Point","coordinates":[-84.516006,39.106136]}},{"type":"Feature","properties":{"stop_id":"RACGLAi","stop_name":"RACE ST & GLASS ALY"},"geometry":{"type":"Point","coordinates":[-84.518204,39.114799]}},{"type":"Feature","properties":{"stop_id":"RACLIBi","stop_name":"RACE ST & LIBERTY ST"},"geometry":{"type":"Point","coordinates":[-84.517662,39.11272]}},{"type":"Feature","properties":{"stop_id":"RAPBENi","stop_name":"RAPID RUN RD & BENZ AVE"},"geometry":{"type":"Point","coordinates":[-84.603065,39.111198]}},{"type":"Feature","properties":{"stop_id":"RAPBENo","stop_name":"RAPID RUN RD & BENZ AVE"},"geometry":{"type":"Point","coordinates":[-84.602669,39.111351]}},{"type":"Feature","properties":{"stop_id":"RAPCOVo","stop_name":"RAPID RUN RD & COVEDALE AVE"},"geometry":{"type":"Point","coordinates":[-84.606445,39.110622]}},{"type":"Feature","properties":{"stop_id":"RAPOVEi","stop_name":"RAPID RUN RD & OVERLOOK AVE"},"geometry":{"type":"Point","coordinates":[-84.599937,39.111156]}},{"type":"Feature","properties":{"stop_id":"RAYWALi","stop_name":"UC BLUE ASH"},"geometry":{"type":"Point","coordinates":[-84.398972,39.233856]}},{"type":"Feature","properties":{"stop_id":"REA11033","stop_name":"READING RD 11033 Southbound"},"geometry":{"type":"Point","coordinates":[-84.413109,39.26915]}},{"type":"Feature","properties":{"stop_id":"REA12THi","stop_name":"READING RD & 12TH ST"},"geometry":{"type":"Point","coordinates":[-84.504387,39.110409]}},{"type":"Feature","properties":{"stop_id":"REA12THo","stop_name":"READING RD & 12TH ST"},"geometry":{"type":"Point","coordinates":[-84.50428,39.110222]}},{"type":"Feature","properties":{"stop_id":"REA2129o","stop_name":"READING RD 2129"},"geometry":{"type":"Point","coordinates":[-84.500366,39.120743]}},{"type":"Feature","properties":{"stop_id":"REA2130i","stop_name":"READING RD 2130"},"geometry":{"type":"Point","coordinates":[-84.500298,39.12011]}},{"type":"Feature","properties":{"stop_id":"REA3895i","stop_name":"READING RD 3895"},"geometry":{"type":"Point","coordinates":[-84.481583,39.155109]}},{"type":"Feature","properties":{"stop_id":"REA4156i","stop_name":"READING RD 4156"},"geometry":{"type":"Point","coordinates":[-84.474716,39.158459]}},{"type":"Feature","properties":{"stop_id":"REA4250o","stop_name":"READING RD 4150"},"geometry":{"type":"Point","coordinates":[-84.474159,39.158913]}},{"type":"Feature","properties":{"stop_id":"REA4349i","stop_name":"READING RD 4349"},"geometry":{"type":"Point","coordinates":[-84.472786,39.163277]}},{"type":"Feature","properties":{"stop_id":"REA4366o","stop_name":"READING RD 4366"},"geometry":{"type":"Point","coordinates":[-84.472412,39.163422]}},{"type":"Feature","properties":{"stop_id":"REA7000o","stop_name":"READING RD 7000"},"geometry":{"type":"Point","coordinates":[-84.464516,39.18708]}},{"type":"Feature","properties":{"stop_id":"REA7155i","stop_name":"READING RD 7155"},"geometry":{"type":"Point","coordinates":[-84.46244,39.191013]}},{"type":"Feature","properties":{"stop_id":"REA7162o","stop_name":"READING RD 7162"},"geometry":{"type":"Point","coordinates":[-84.461952,39.191402]}},{"type":"Feature","properties":{"stop_id":"REA7610o","stop_name":"READING RD 7610"},"geometry":{"type":"Point","coordinates":[-84.457436,39.199142]}},{"type":"Feature","properties":{"stop_id":"REA7658o","stop_name":"READING RD 7658"},"geometry":{"type":"Point","coordinates":[-84.456696,39.200397]}},{"type":"Feature","properties":{"stop_id":"REA7790o","stop_name":"READING RD 7790"},"geometry":{"type":"Point","coordinates":[-84.45385,39.204288]}},{"type":"Feature","properties":{"stop_id":"REA7821i","stop_name":"READING RD 7821"},"geometry":{"type":"Point","coordinates":[-84.453827,39.204582]}},{"type":"Feature","properties":{"stop_id":"REA8052o","stop_name":"READING RD 8052"},"geometry":{"type":"Point","coordinates":[-84.450027,39.208073]}},{"type":"Feature","properties":{"stop_id":"REA8109i","stop_name":"READING RD 8109"},"geometry":{"type":"Point","coordinates":[-84.450005,39.208366]}},{"type":"Feature","properties":{"stop_id":"REAAMBii","stop_name":"READING RD & AMBERLAWN AVE"},"geometry":{"type":"Point","coordinates":[-84.456512,39.201168]}},{"type":"Feature","properties":{"stop_id":"REAANNo","stop_name":"READING RD & ANNA ST"},"geometry":{"type":"Point","coordinates":[-84.444344,39.21706]}},{"type":"Feature","properties":{"stop_id":"REAASMi","stop_name":"READING RD & ASMANN AVE"},"geometry":{"type":"Point","coordinates":[-84.476295,39.157494]}},{"type":"Feature","properties":{"stop_id":"REAASMo","stop_name":"READING RD & ASMANN AVE"},"geometry":{"type":"Point","coordinates":[-84.476006,39.157425]}},{"type":"Feature","properties":{"stop_id":"REAAVOi","stop_name":"READING RD & AVON DR"},"geometry":{"type":"Point","coordinates":[-84.471443,39.164864]}},{"type":"Feature","properties":{"stop_id":"REAAVONo","stop_name":"READING RD & AVONLEA AVE"},"geometry":{"type":"Point","coordinates":[-84.467598,39.172913]}},{"type":"Feature","properties":{"stop_id":"REAAVOo","stop_name":"READING RD & AVON DR"},"geometry":{"type":"Point","coordinates":[-84.471603,39.164459]}},{"type":"Feature","properties":{"stop_id":"REABARo","stop_name":"READING RD & BARRY LN"},"geometry":{"type":"Point","coordinates":[-84.479507,39.156448]}},{"type":"Feature","properties":{"stop_id":"REABENo","stop_name":"READING RD & BENSON ST"},"geometry":{"type":"Point","coordinates":[-84.440842,39.222851]}},{"type":"Feature","properties":{"stop_id":"REABERi","stop_name":"READING RD & BERKLEY AVE"},"geometry":{"type":"Point","coordinates":[-84.46804,39.171963]}},{"type":"Feature","properties":{"stop_id":"REABERo","stop_name":"READING RD & BERKLEY AVE"},"geometry":{"type":"Point","coordinates":[-84.468094,39.171238]}},{"type":"Feature","properties":{"stop_id":"REABLAi","stop_name":"READING RD & BLAIR AVE"},"geometry":{"type":"Point","coordinates":[-84.49292,39.141281]}},{"type":"Feature","properties":{"stop_id":"REABLAo","stop_name":"READING RD & BLAIR AVE"},"geometry":{"type":"Point","coordinates":[-84.492912,39.140991]}},{"type":"Feature","properties":{"stop_id":"REABURi","stop_name":"READING RD & BURTON AVE"},"geometry":{"type":"Point","coordinates":[-84.485519,39.151817]}},{"type":"Feature","properties":{"stop_id":"REABURNi","stop_name":"READING RD & BURNET AVE"},"geometry":{"type":"Point","coordinates":[-84.501686,39.126942]}},{"type":"Feature","properties":{"stop_id":"REACALi","stop_name":"READING RD & CALIFORNIA AVE"},"geometry":{"type":"Point","coordinates":[-84.466881,39.176083]}},{"type":"Feature","properties":{"stop_id":"REACALo","stop_name":"READING RD & CALIFORNIA AVE"},"geometry":{"type":"Point","coordinates":[-84.466728,39.175861]}},{"type":"Feature","properties":{"stop_id":"REACARi","stop_name":"READING RD & CARRAHEN AVE"},"geometry":{"type":"Point","coordinates":[-84.465172,39.182198]}},{"type":"Feature","properties":{"stop_id":"REACARo","stop_name":"READING RD & CARRAHEN AVE"},"geometry":{"type":"Point","coordinates":[-84.465004,39.182262]}},{"type":"Feature","properties":{"stop_id":"REACARPi","stop_name":"READING RD & CARPLIN PL"},"geometry":{"type":"Point","coordinates":[-84.494865,39.138897]}},{"type":"Feature","properties":{"stop_id":"REACARPo","stop_name":"READING RD & CARPLIN PL"},"geometry":{"type":"Point","coordinates":[-84.494781,39.138752]}},{"type":"Feature","properties":{"stop_id":"REACINSo","stop_name":"READING RD & CINCINNATI STATE CAMPUS"},"geometry":{"type":"Point","coordinates":[-84.426193,39.246532]}},{"type":"Feature","properties":{"stop_id":"REACITi","stop_name":"READING RD & CITY STEPS"},"geometry":{"type":"Point","coordinates":[-84.503013,39.112494]}},{"type":"Feature","properties":{"stop_id":"REACLAi","stop_name":"READING RD & CLARK RD"},"geometry":{"type":"Point","coordinates":[-84.44648,39.214039]}},{"type":"Feature","properties":{"stop_id":"REACLIi","stop_name":"READING RD & CLINTON SPRINGS AVE"},"geometry":{"type":"Point","coordinates":[-84.48317,39.15377]}},{"type":"Feature","properties":{"stop_id":"REACLIo","stop_name":"READING RD & CLINTON SPRINGS AVE"},"geometry":{"type":"Point","coordinates":[-84.483248,39.153482]}},{"type":"Feature","properties":{"stop_id":"REACOLo","stop_name":"READING RD & COLUMBIA AVE"},"geometry":{"type":"Point","coordinates":[-84.438293,39.22707]}},{"type":"Feature","properties":{"stop_id":"REACOOi","stop_name":"READING RD & COOPER RD"},"geometry":{"type":"Point","coordinates":[-84.430298,39.239529]}},{"type":"Feature","properties":{"stop_id":"REACOOo","stop_name":"READING RD & COOPER RD"},"geometry":{"type":"Point","coordinates":[-84.429993,39.239609]}},{"type":"Feature","properties":{"stop_id":"REACORs","stop_name":"READING RD & CORNELL RD"},"geometry":{"type":"Point","coordinates":[-84.412094,39.272556]}},{"type":"Feature","properties":{"stop_id":"READANe","stop_name":"READING RD & DANA AVE"},"geometry":{"type":"Point","coordinates":[-84.48465,39.152321]}},{"type":"Feature","properties":{"stop_id":"READANi","stop_name":"READING RD & DANA AVE"},"geometry":{"type":"Point","coordinates":[-84.484398,39.152737]}},{"type":"Feature","properties":{"stop_id":"READEBi","stop_name":"READING RD & DEBBE LN"},"geometry":{"type":"Point","coordinates":[-84.478386,39.157047]}},{"type":"Feature","properties":{"stop_id":"READEBo","stop_name":"READING RD & DEBBE LN"},"geometry":{"type":"Point","coordinates":[-84.478233,39.15694]}},{"type":"Feature","properties":{"stop_id":"READNORo","stop_name":"READING RD & NORTHCUTT AVE"},"geometry":{"type":"Point","coordinates":[-84.467178,39.174202]}},{"type":"Feature","properties":{"stop_id":"READORi","stop_name":"READING RD & DORCHESTER AVE"},"geometry":{"type":"Point","coordinates":[-84.500435,39.118423]}},{"type":"Feature","properties":{"stop_id":"READORo","stop_name":"READING RD & DORCHESTER AVE"},"geometry":{"type":"Point","coordinates":[-84.500114,39.118534]}},{"type":"Feature","properties":{"stop_id":"REAELSo","stop_name":"READING RD & ELSINORE PL"},"geometry":{"type":"Point","coordinates":[-84.502968,39.112129]}},{"type":"Feature","properties":{"stop_id":"REAEXOn","stop_name":"Reading & Exon Northbound"},"geometry":{"type":"Point","coordinates":[-84.419273,39.25861]}},{"type":"Feature","properties":{"stop_id":"REAEXOs","stop_name":"Reading & Exon Southbound"},"geometry":{"type":"Point","coordinates":[-84.419464,39.258751]}},{"type":"Feature","properties":{"stop_id":"REAFORi","stop_name":"READING RD & FOREST AVE"},"geometry":{"type":"Point","coordinates":[-84.491364,39.143917]}},{"type":"Feature","properties":{"stop_id":"REAFORMi","stop_name":"READING RD & FORMICA"},"geometry":{"type":"Point","coordinates":[-84.426842,39.245548]}},{"type":"Feature","properties":{"stop_id":"REAFREe","stop_name":"READING RD & FRED SHUTTLESWORTH CIR"},"geometry":{"type":"Point","coordinates":[-84.486931,39.150417]}},{"type":"Feature","properties":{"stop_id":"REAFREw","stop_name":"READING RD & FRED SHUTTLESWORTH CIR"},"geometry":{"type":"Point","coordinates":[-84.486938,39.150631]}},{"type":"Feature","properties":{"stop_id":"REAFRTn","stop_name":"Reading & Fortney Northbound"},"geometry":{"type":"Point","coordinates":[-84.414764,39.264946]}},{"type":"Feature","properties":{"stop_id":"REAFRTs","stop_name":"Reading & Fortney Southbound"},"geometry":{"type":"Point","coordinates":[-84.415337,39.264534]}},{"type":"Feature","properties":{"stop_id":"REAGAHi","stop_name":"READING RD & GAHL TERRACE"},"geometry":{"type":"Point","coordinates":[-84.435951,39.231121]}},{"type":"Feature","properties":{"stop_id":"REAGAHo","stop_name":"READING RD & GAHL TERRACE"},"geometry":{"type":"Point","coordinates":[-84.435905,39.230854]}},{"type":"Feature","properties":{"stop_id":"REAGALi","stop_name":"READING RD & GALBRAITH RD"},"geometry":{"type":"Point","coordinates":[-84.447769,39.211712]}},{"type":"Feature","properties":{"stop_id":"ReaGaln","stop_name":"Reading & Galbraith Northbound"},"geometry":{"type":"Point","coordinates":[-84.447472,39.211876]}},{"type":"Feature","properties":{"stop_id":"REAGHOi","stop_name":"READING RD & GHOLSON AVE"},"geometry":{"type":"Point","coordinates":[-84.488358,39.148865]}},{"type":"Feature","properties":{"stop_id":"REAGHOo","stop_name":"READING RD & GHOLSON AVE"},"geometry":{"type":"Point","coordinates":[-84.488388,39.148514]}},{"type":"Feature","properties":{"stop_id":"REAGLEi","stop_name":"READING RD & GLENWOOD AVE"},"geometry":{"type":"Point","coordinates":[-84.489037,39.147804]}},{"type":"Feature","properties":{"stop_id":"REAGLEo","stop_name":"READING RD & GLENWOOD AVE"},"geometry":{"type":"Point","coordinates":[-84.489059,39.147388]}},{"type":"Feature","properties":{"stop_id":"REAGLMn","stop_name":"Reading & Glendale Milford Northbound"},"geometry":{"type":"Point","coordinates":[-84.422234,39.254398]}},{"type":"Feature","properties":{"stop_id":"REAGREi","stop_name":"READING RD & GREENVIEW PL"},"geometry":{"type":"Point","coordinates":[-84.46566,39.180302]}},{"type":"Feature","properties":{"stop_id":"REAGRENo","stop_name":"READING RD & GREENWOOD AVE"},"geometry":{"type":"Point","coordinates":[-84.485825,39.151325]}},{"type":"Feature","properties":{"stop_id":"REAGREo","stop_name":"READING RD & GREENVIEW PL"},"geometry":{"type":"Point","coordinates":[-84.465576,39.180153]}},{"type":"Feature","properties":{"stop_id":"REAHICi","stop_name":"READING RD & HICKMAN AVE"},"geometry":{"type":"Point","coordinates":[-84.496048,39.137573]}},{"type":"Feature","properties":{"stop_id":"REAILLo","stop_name":"READING RD & ILLINOIS AVE"},"geometry":{"type":"Point","coordinates":[-84.44574,39.214729]}},{"type":"Feature","properties":{"stop_id":"REAJEFFi","stop_name":"READING RD & JEFFERSON AVE"},"geometry":{"type":"Point","coordinates":[-84.445175,39.21608]}},{"type":"Feature","properties":{"stop_id":"REAKENi","stop_name":"READING RD & KENOVA AVE"},"geometry":{"type":"Point","coordinates":[-84.46125,39.192833]}},{"type":"Feature","properties":{"stop_id":"REAKINi","stop_name":"READING RD & KINSEY AVE"},"geometry":{"type":"Point","coordinates":[-84.501862,39.124977]}},{"type":"Feature","properties":{"stop_id":"REAKINo","stop_name":"READING RD & KINSEY AVE"},"geometry":{"type":"Point","coordinates":[-84.501701,39.124981]}},{"type":"Feature","properties":{"stop_id":"REAKOEi","stop_name":"READING RD & KOEHLER ST"},"geometry":{"type":"Point","coordinates":[-84.443085,39.219559]}},{"type":"Feature","properties":{"stop_id":"REALANDi","stop_name":"READING RD & LANDY LN"},"geometry":{"type":"Point","coordinates":[-84.43399,39.233967]}},{"type":"Feature","properties":{"stop_id":"REALANDo","stop_name":"READING RD & LANDY LN"},"geometry":{"type":"Point","coordinates":[-84.433968,39.233639]}},{"type":"Feature","properties":{"stop_id":"REALANi","stop_name":"READING RD & LANGDON FARM RD"},"geometry":{"type":"Point","coordinates":[-84.465126,39.184448]}},{"type":"Feature","properties":{"stop_id":"REALANoi","stop_name":"READING RD & LANGDON FARM RD"},"geometry":{"type":"Point","coordinates":[-84.464882,39.184731]}},{"type":"Feature","properties":{"stop_id":"REALENo","stop_name":"READING RD & LENOX PL"},"geometry":{"type":"Point","coordinates":[-84.481422,39.155003]}},{"type":"Feature","properties":{"stop_id":"REALEXi","stop_name":"READING RD & LEXINGTON AVE"},"geometry":{"type":"Point","coordinates":[-84.489906,39.14632]}},{"type":"Feature","properties":{"stop_id":"REALEXo","stop_name":"READING RD & LEXINGTON AVE"},"geometry":{"type":"Point","coordinates":[-84.489944,39.145908]}},{"type":"Feature","properties":{"stop_id":"REALINi","stop_name":"READING RD & LINCOLN AVE"},"geometry":{"type":"Point","coordinates":[-84.497208,39.133022]}},{"type":"Feature","properties":{"stop_id":"REALINo","stop_name":"READING RD & LINCOLN AVE"},"geometry":{"type":"Point","coordinates":[-84.497139,39.132771]}},{"type":"Feature","properties":{"stop_id":"REALOSo","stop_name":"READING RD & LOSANTIVILLE AVE"},"geometry":{"type":"Point","coordinates":[-84.460968,39.192966]}},{"type":"Feature","properties":{"stop_id":"REAMAPi","stop_name":"READING & MAPLE"},"geometry":{"type":"Point","coordinates":[-84.441831,39.221604]}},{"type":"Feature","properties":{"stop_id":"REAMCGi","stop_name":"READING RD & MCGREGOR AVE"},"geometry":{"type":"Point","coordinates":[-84.50135,39.122894]}},{"type":"Feature","properties":{"stop_id":"REAMCGo","stop_name":"READING RD & MCGREGOR AVE"},"geometry":{"type":"Point","coordinates":[-84.501183,39.122555]}},{"type":"Feature","properties":{"stop_id":"REAMCMo","stop_name":"READING RD & MCMILLAN ST"},"geometry":{"type":"Point","coordinates":[-84.50106,39.127293]}},{"type":"Feature","properties":{"stop_id":"REAMCSn","stop_name":"Reading & McSwain Northbound"},"geometry":{"type":"Point","coordinates":[-84.416908,39.261974]}},{"type":"Feature","properties":{"stop_id":"REAMCSs","stop_name":"Reading & McSwain Southbound"},"geometry":{"type":"Point","coordinates":[-84.417435,39.261562]}},{"type":"Feature","properties":{"stop_id":"REAMECHi","stop_name":"READING RD & MECHANIC ST"},"geometry":{"type":"Point","coordinates":[-84.438843,39.226589]}},{"type":"Feature","properties":{"stop_id":"REAMLKi","stop_name":"READING RD & MARTIN LUTHER KING DR"},"geometry":{"type":"Point","coordinates":[-84.496948,39.134487]}},{"type":"Feature","properties":{"stop_id":"REANORTi","stop_name":"READING RD & NORTHWOOD DR"},"geometry":{"type":"Point","coordinates":[-84.457664,39.199177]}},{"type":"Feature","properties":{"stop_id":"REAOAKi","stop_name":"READING RD & OAK ST"},"geometry":{"type":"Point","coordinates":[-84.498253,39.130512]}},{"type":"Feature","properties":{"stop_id":"REAOAKo","stop_name":"READING RD & OAK ST"},"geometry":{"type":"Point","coordinates":[-84.498192,39.130123]}},{"type":"Feature","properties":{"stop_id":"REAPADi","stop_name":"READING RD & PADDOCK RD"},"geometry":{"type":"Point","coordinates":[-84.479668,39.156574]}},{"type":"Feature","properties":{"stop_id":"REAPENi","stop_name":"READING RD at PENDLETON ST"},"geometry":{"type":"Point","coordinates":[-84.506447,39.109146]}},{"type":"Feature","properties":{"stop_id":"REAPENo","stop_name":"READING RD at PENDLETON ST"},"geometry":{"type":"Point","coordinates":[-84.506622,39.108841]}},{"type":"Feature","properties":{"stop_id":"REAPORi","stop_name":"READING RD & PORTMAN AVE"},"geometry":{"type":"Point","coordinates":[-84.465881,39.179523]}},{"type":"Feature","properties":{"stop_id":"REAPORo","stop_name":"READING RD & PORTMAN AVE"},"geometry":{"type":"Point","coordinates":[-84.465797,39.17931]}},{"type":"Feature","properties":{"stop_id":"REAPROi","stop_name":"READING RD & PROSPECT PL"},"geometry":{"type":"Point","coordinates":[-84.491936,39.142956]}},{"type":"Feature","properties":{"stop_id":"REAPROo","stop_name":"READING RD & PROSPECT PL"},"geometry":{"type":"Point","coordinates":[-84.492004,39.142429]}},{"type":"Feature","properties":{"stop_id":"REAROCo","stop_name":"READING RD & ROCKDALE AVE"},"geometry":{"type":"Point","coordinates":[-84.490906,39.144249]}},{"type":"Feature","properties":{"stop_id":"REAROSi","stop_name":"READING RD & ROSECLIFF AVE"},"geometry":{"type":"Point","coordinates":[-84.459984,39.195087]}},{"type":"Feature","properties":{"stop_id":"REAROSo","stop_name":"READING RD & ROSECLIFF AVE"},"geometry":{"type":"Point","coordinates":[-84.459808,39.195038]}},{"type":"Feature","properties":{"stop_id":"REASECo","stop_name":"READING RD & SECTION RD"},"geometry":{"type":"Point","coordinates":[-84.458588,39.19717]}},{"type":"Feature","properties":{"stop_id":"REASEYi","stop_name":"READING RD & SEYMOUR AVE"},"geometry":{"type":"Point","coordinates":[-84.463821,39.189026]}},{"type":"Feature","properties":{"stop_id":"REASEYo","stop_name":"READING RD & SEYMOUR AVE"},"geometry":{"type":"Point","coordinates":[-84.462624,39.190243]}},{"type":"Feature","properties":{"stop_id":"REASHAn","stop_name":"READING RD & SHARON RD"},"geometry":{"type":"Point","coordinates":[-84.413147,39.267441]}},{"type":"Feature","properties":{"stop_id":"REASHAs","stop_name":"READING RD & SHARON RD"},"geometry":{"type":"Point","coordinates":[-84.413239,39.268139]}},{"type":"Feature","properties":{"stop_id":"REASHEi","stop_name":"READING RD & SHENANDOAH AVE"},"geometry":{"type":"Point","coordinates":[-84.459023,39.196884]}},{"type":"Feature","properties":{"stop_id":"REASOUo","stop_name":"READING RD & SOUTHERN AVE"},"geometry":{"type":"Point","coordinates":[-84.443565,39.218433]}},{"type":"Feature","properties":{"stop_id":"REASUMi","stop_name":"READING RD & SUMMIT RD"},"geometry":{"type":"Point","coordinates":[-84.455391,39.202988]}},{"type":"Feature","properties":{"stop_id":"REASUMo","stop_name":"READING RD & SUMMIT RD"},"geometry":{"type":"Point","coordinates":[-84.455727,39.202076]}},{"type":"Feature","properties":{"stop_id":"REASUNi","stop_name":"READING RD & SUNNYBROOK DR"},"geometry":{"type":"Point","coordinates":[-84.451965,39.206387]}},{"type":"Feature","properties":{"stop_id":"REASUNo","stop_name":"READING RD & SUNNYBROOK DR"},"geometry":{"type":"Point","coordinates":[-84.45163,39.206505]}},{"type":"Feature","properties":{"stop_id":"REATAFi","stop_name":"READING RD & TAFT RD"},"geometry":{"type":"Point","coordinates":[-84.499306,39.128693]}},{"type":"Feature","properties":{"stop_id":"REATAFo","stop_name":"READING RD & TAFT RD"},"geometry":{"type":"Point","coordinates":[-84.499046,39.128658]}},{"type":"Feature","properties":{"stop_id":"REATENi","stop_name":"READING RD & TENNESSEE AVE"},"geometry":{"type":"Point","coordinates":[-84.470413,39.16745]}},{"type":"Feature","properties":{"stop_id":"REATENo","stop_name":"READING RD & TENNESSEE AVE"},"geometry":{"type":"Point","coordinates":[-84.470123,39.167667]}},{"type":"Feature","properties":{"stop_id":"REAUNIo","stop_name":"READING RD & UNION ST"},"geometry":{"type":"Point","coordinates":[-84.496696,39.13567]}},{"type":"Feature","properties":{"stop_id":"REAVICi","stop_name":"READING RD & VICTORY PKWY"},"geometry":{"type":"Point","coordinates":[-84.473953,39.161476]}},{"type":"Feature","properties":{"stop_id":"REAVICo","stop_name":"READING RD & VICTORY PKWY"},"geometry":{"type":"Point","coordinates":[-84.473656,39.161655]}},{"type":"Feature","properties":{"stop_id":"REAVINo","stop_name":"READING RD & VINE ST"},"geometry":{"type":"Point","coordinates":[-84.439774,39.224609]}},{"type":"Feature","properties":{"stop_id":"REAVOOo","stop_name":"READING RD & VOORHEES ST"},"geometry":{"type":"Point","coordinates":[-84.442421,39.220272]}},{"type":"Feature","properties":{"stop_id":"REAWHIo","stop_name":"READING RD & WHITTIER ST"},"geometry":{"type":"Point","coordinates":[-84.496178,39.137127]}},{"type":"Feature","properties":{"stop_id":"REAWOODi","stop_name":"READING RD AT WOODWARD HIGH SCHOOL"},"geometry":{"type":"Point","coordinates":[-84.464638,39.187469]}},{"type":"Feature","properties":{"stop_id":"REAYARi","stop_name":"READING RD & YARMOUTH AVE"},"geometry":{"type":"Point","coordinates":[-84.4674,39.174191]}},{"type":"Feature","properties":{"stop_id":"RED3311i","stop_name":"RED BANK 3311"},"geometry":{"type":"Point","coordinates":[-84.400513,39.136448]}},{"type":"Feature","properties":{"stop_id":"RED3311o","stop_name":"RED BANK 3311"},"geometry":{"type":"Point","coordinates":[-84.401825,39.136726]}},{"type":"Feature","properties":{"stop_id":"RED3998o","stop_name":"RED BANK 3998"},"geometry":{"type":"Point","coordinates":[-84.404388,39.149799]}},{"type":"Feature","properties":{"stop_id":"RED4550i","stop_name":"RED BANK 4550"},"geometry":{"type":"Point","coordinates":[-84.405693,39.155392]}},{"type":"Feature","properties":{"stop_id":"RED4550o","stop_name":"RED BANK 4550"},"geometry":{"type":"Point","coordinates":[-84.405502,39.155464]}},{"type":"Feature","properties":{"stop_id":"REDBROi","stop_name":"RED BANK & BROTHERTON"},"geometry":{"type":"Point","coordinates":[-84.403847,39.151711]}},{"type":"Feature","properties":{"stop_id":"REDBROo","stop_name":"RED BANK & BROTHERTON"},"geometry":{"type":"Point","coordinates":[-84.403595,39.151951]}},{"type":"Feature","properties":{"stop_id":"REDFAIi","stop_name":"RED BANK & FAIR LANE"},"geometry":{"type":"Point","coordinates":[-84.405273,39.144184]}},{"type":"Feature","properties":{"stop_id":"REDFAIo","stop_name":"RED BANK & FAIR LANE"},"geometry":{"type":"Point","coordinates":[-84.405045,39.143875]}},{"type":"Feature","properties":{"stop_id":"REDFORi","stop_name":"RED BANK & FOREST HILL"},"geometry":{"type":"Point","coordinates":[-84.404747,39.148533]}},{"type":"Feature","properties":{"stop_id":"REDHETi","stop_name":"RED BANK EXPY & HETZEL"},"geometry":{"type":"Point","coordinates":[-84.40625,39.158043]}},{"type":"Feature","properties":{"stop_id":"REDHETo","stop_name":"RED BANK EXPY & HETZEL"},"geometry":{"type":"Point","coordinates":[-84.40612,39.157917]}},{"type":"Feature","properties":{"stop_id":"REDWOOi","stop_name":"RED BANK & WOODLAND"},"geometry":{"type":"Point","coordinates":[-84.404755,39.141239]}},{"type":"Feature","properties":{"stop_id":"REDWOOo","stop_name":"RED BANK & WOODLAND"},"geometry":{"type":"Point","coordinates":[-84.404495,39.141098]}},{"type":"Feature","properties":{"stop_id":"REECORn","stop_name":"REED HARTMAN HWY & CORNELL RD"},"geometry":{"type":"Point","coordinates":[-84.375671,39.27058]}},{"type":"Feature","properties":{"stop_id":"REECORs","stop_name":"REED HARTMAN HWY & CORNELL RD"},"geometry":{"type":"Point","coordinates":[-84.376022,39.270767]}},{"type":"Feature","properties":{"stop_id":"REECREi","stop_name":"REED HARTMAN HWY & CREEK RD"},"geometry":{"type":"Point","coordinates":[-84.380318,39.258698]}},{"type":"Feature","properties":{"stop_id":"REECREo","stop_name":"REED HARTMAN HWY & CREEK RD"},"geometry":{"type":"Point","coordinates":[-84.380516,39.258842]}},{"type":"Feature","properties":{"stop_id":"REELAKn","stop_name":"REED HARTMAN HWY & LAKE FOREST DR"},"geometry":{"type":"Point","coordinates":[-84.380081,39.255131]}},{"type":"Feature","properties":{"stop_id":"REELAKs","stop_name":"REED HARTMAN HWY & LAKE FOREST DR-southbound"},"geometry":{"type":"Point","coordinates":[-84.380264,39.254829]}},{"type":"Feature","properties":{"stop_id":"REEMALs","stop_name":"Reed Hartman and Malsbary Southbound"},"geometry":{"type":"Point","coordinates":[-84.390839,39.23959]}},{"type":"Feature","properties":{"stop_id":"RHODALi","stop_name":"RHODE ISLAND AVE & DALE RD"},"geometry":{"type":"Point","coordinates":[-84.458916,39.176922]}},{"type":"Feature","properties":{"stop_id":"RHODALo","stop_name":"RHODE ISLAND AVE & DALE AVE"},"geometry":{"type":"Point","coordinates":[-84.458855,39.176693]}},{"type":"Feature","properties":{"stop_id":"RHOFAIi","stop_name":"RHODE ISLAND AVE & FAITH ST"},"geometry":{"type":"Point","coordinates":[-84.458725,39.179333]}},{"type":"Feature","properties":{"stop_id":"RHOFAIo","stop_name":"RHODE ISLAND AVE & FAITH ST"},"geometry":{"type":"Point","coordinates":[-84.458504,39.17942]}},{"type":"Feature","properties":{"stop_id":"RHOLANi","stop_name":"RHODE ISLAND AVE & LANGDON FARM RD"},"geometry":{"type":"Point","coordinates":[-84.459206,39.181396]}},{"type":"Feature","properties":{"stop_id":"RHOLANo","stop_name":"RHODE ISLAND AVE & LANGDON FARM RD"},"geometry":{"type":"Point","coordinates":[-84.458969,39.181812]}},{"type":"Feature","properties":{"stop_id":"RHONORi","stop_name":"RHODE ISLAND AVE & NORTHCUTT AVE"},"geometry":{"type":"Point","coordinates":[-84.459213,39.173927]}},{"type":"Feature","properties":{"stop_id":"RHOWORo","stop_name":"RHODE ISLAND AVE & WORTH AVE"},"geometry":{"type":"Point","coordinates":[-84.459099,39.173748]}},{"type":"Feature","properties":{"stop_id":"RIDACOe","stop_name":"RIDGE AVE & ACOMB AVE"},"geometry":{"type":"Point","coordinates":[-84.426933,39.174168]}},{"type":"Feature","properties":{"stop_id":"RIDACOw","stop_name":"RIDGE AVE & ACOMB AVE"},"geometry":{"type":"Point","coordinates":[-84.426735,39.173679]}},{"type":"Feature","properties":{"stop_id":"RIDAUTo","stop_name":"RIDGE AVE & AUTEN AVE"},"geometry":{"type":"Point","coordinates":[-84.426872,39.174801]}},{"type":"Feature","properties":{"stop_id":"RIDBELe","stop_name":"RIDGE AVE & BELLEWOOD AVE"},"geometry":{"type":"Point","coordinates":[-84.427719,39.178699]}},{"type":"Feature","properties":{"stop_id":"RIDBELs","stop_name":"RIDGE RD & BELKAY LN"},"geometry":{"type":"Point","coordinates":[-84.430046,39.201508]}},{"type":"Feature","properties":{"stop_id":"RIDBELw","stop_name":"RIDGE AVE & BELLEWOOD AVE"},"geometry":{"type":"Point","coordinates":[-84.427483,39.178513]}},{"type":"Feature","properties":{"stop_id":"RIDBROi","stop_name":"RIDGE RD & BROTHERTON RD"},"geometry":{"type":"Point","coordinates":[-84.423073,39.153522]}},{"type":"Feature","properties":{"stop_id":"RIDBROn","stop_name":"RIDGE AVE & BROTHERTON RD"},"geometry":{"type":"Point","coordinates":[-84.422882,39.154057]}},{"type":"Feature","properties":{"stop_id":"RIDBURn","stop_name":"RIDGE & BURNING TREE"},"geometry":{"type":"Point","coordinates":[-84.427406,39.204708]}},{"type":"Feature","properties":{"stop_id":"RIDBURs","stop_name":"RIDGE & BURNING TREE"},"geometry":{"type":"Point","coordinates":[-84.427612,39.204788]}},{"type":"Feature","properties":{"stop_id":"RIDCALi","stop_name":"RIDGE RD & CALVERT ST"},"geometry":{"type":"Point","coordinates":[-84.421844,39.163532]}},{"type":"Feature","properties":{"stop_id":"RIDCALo","stop_name":"RIDGE AVE & CALVERT ST"},"geometry":{"type":"Point","coordinates":[-84.421738,39.163319]}},{"type":"Feature","properties":{"stop_id":"RIDCBTe","stop_name":"RIDGE RD AT CBT ENTRANCE"},"geometry":{"type":"Point","coordinates":[-84.427078,39.172848]}},{"type":"Feature","properties":{"stop_id":"RIDCBTw","stop_name":"RIDGE AVE & CBT ENTRANCE"},"geometry":{"type":"Point","coordinates":[-84.42688,39.17276]}},{"type":"Feature","properties":{"stop_id":"RIDFAIn","stop_name":"RIDGE & FAIRHAVEN"},"geometry":{"type":"Point","coordinates":[-84.4272,39.207092]}},{"type":"Feature","properties":{"stop_id":"RidFais","stop_name":"Ridge & Fairhaven Southbound"},"geometry":{"type":"Point","coordinates":[-84.427368,39.207165]}},{"type":"Feature","properties":{"stop_id":"RIDGLOe","stop_name":"RIDGE AVE & GLOSS AVE"},"geometry":{"type":"Point","coordinates":[-84.427574,39.1772]}},{"type":"Feature","properties":{"stop_id":"RIDGLOw","stop_name":"RIDGE AVE & GLOSS AVE"},"geometry":{"type":"Point","coordinates":[-84.427353,39.17704]}},{"type":"Feature","properties":{"stop_id":"RIDHIGi","stop_name":"RIDGE RD & HIGHLAND AVE"},"geometry":{"type":"Point","coordinates":[-84.424973,39.169868]}},{"type":"Feature","properties":{"stop_id":"RIDHIGo","stop_name":"RIDGE RD & HIGHLAND AVE"},"geometry":{"type":"Point","coordinates":[-84.424759,39.169334]}},{"type":"Feature","properties":{"stop_id":"RIDIBSs","stop_name":"RIDGE AVE & IBSEN AVE"},"geometry":{"type":"Point","coordinates":[-84.420906,39.161274]}},{"type":"Feature","properties":{"stop_id":"RIDMADe","stop_name":"RIDGE AVE & MADISON RD"},"geometry":{"type":"Point","coordinates":[-84.421036,39.159222]}},{"type":"Feature","properties":{"stop_id":"RIDMADs","stop_name":"RIDGE AVE & MADISON RD"},"geometry":{"type":"Point","coordinates":[-84.421341,39.158794]}},{"type":"Feature","properties":{"stop_id":"RIDMAPo","stop_name":"RIDGE RD & MAPLE DR"},"geometry":{"type":"Point","coordinates":[-84.42289,39.153366]}},{"type":"Feature","properties":{"stop_id":"RIDORKi","stop_name":"RIDGE AVE & ORKNEY LN"},"geometry":{"type":"Point","coordinates":[-84.421295,39.157097]}},{"type":"Feature","properties":{"stop_id":"RIDORKs","stop_name":"RIDGE RD & ORKNEY LN"},"geometry":{"type":"Point","coordinates":[-84.421585,39.156849]}},{"type":"Feature","properties":{"stop_id":"RIDVALi","stop_name":"RIDGE AVE & VALUE CITY"},"geometry":{"type":"Point","coordinates":[-84.423935,39.167904]}},{"type":"Feature","properties":{"stop_id":"RIDVALo","stop_name":"RIDGE AVE  & VALUE CITY"},"geometry":{"type":"Point","coordinates":[-84.423943,39.168396]}},{"type":"Feature","properties":{"stop_id":"RIV1157e","stop_name":"RIVERSIDE DR 1157"},"geometry":{"type":"Point","coordinates":[-84.491814,39.108185]}},{"type":"Feature","properties":{"stop_id":"RIV2734w","stop_name":"RIVER RD 2734"},"geometry":{"type":"Point","coordinates":[-84.561974,39.092419]}},{"type":"Feature","properties":{"stop_id":"RIV2789e","stop_name":"RIVER RD 2789"},"geometry":{"type":"Point","coordinates":[-84.562128,39.091524]}},{"type":"Feature","properties":{"stop_id":"RIV2855w","stop_name":"RIVER RD 2855"},"geometry":{"type":"Point","coordinates":[-84.564751,39.089401]}},{"type":"Feature","properties":{"stop_id":"RIV2856i","stop_name":"RIVER RD 2856"},"geometry":{"type":"Point","coordinates":[-84.564613,39.089275]}},{"type":"Feature","properties":{"stop_id":"RIV3163e","stop_name":"RIVER RD 3163"},"geometry":{"type":"Point","coordinates":[-84.573189,39.086788]}},{"type":"Feature","properties":{"stop_id":"RIV3164w","stop_name":"RIVER RD 3164"},"geometry":{"type":"Point","coordinates":[-84.573944,39.086803]}},{"type":"Feature","properties":{"stop_id":"RIV3281i","stop_name":"RIVER RD 3281"},"geometry":{"type":"Point","coordinates":[-84.578354,39.085827]}},{"type":"Feature","properties":{"stop_id":"RIV3304w","stop_name":"RIVER RD 3304"},"geometry":{"type":"Point","coordinates":[-84.579399,39.085808]}},{"type":"Feature","properties":{"stop_id":"RIV3688w","stop_name":"RIVER RD 3688"},"geometry":{"type":"Point","coordinates":[-84.593254,39.07975]}},{"type":"Feature","properties":{"stop_id":"RIV4049e","stop_name":"RIVER RD 4049"},"geometry":{"type":"Point","coordinates":[-84.610115,39.076469]}},{"type":"Feature","properties":{"stop_id":"RIV4050w","stop_name":"RIVER RD 4050"},"geometry":{"type":"Point","coordinates":[-84.609917,39.076633]}},{"type":"Feature","properties":{"stop_id":"RIV4203e","stop_name":"RIVER RD 4203"},"geometry":{"type":"Point","coordinates":[-84.617706,39.076664]}},{"type":"Feature","properties":{"stop_id":"RIV4228w","stop_name":"RIVER RD 4228"},"geometry":{"type":"Point","coordinates":[-84.616966,39.076801]}},{"type":"Feature","properties":{"stop_id":"RIV4618w","stop_name":"RIVER RD 4618"},"geometry":{"type":"Point","coordinates":[-84.631989,39.079945]}},{"type":"Feature","properties":{"stop_id":"RIV4673e","stop_name":"RIVER RD 4673"},"geometry":{"type":"Point","coordinates":[-84.633095,39.080353]}},{"type":"Feature","properties":{"stop_id":"RIV4837e","stop_name":"RIVER RD 4837"},"geometry":{"type":"Point","coordinates":[-84.637184,39.082943]}},{"type":"Feature","properties":{"stop_id":"RIV4848w","stop_name":"RIVER RD 4848"},"geometry":{"type":"Point","coordinates":[-84.636559,39.08271]}},{"type":"Feature","properties":{"stop_id":"RIV5009e","stop_name":"RIVER RD 5009"},"geometry":{"type":"Point","coordinates":[-84.64109,39.086414]}},{"type":"Feature","properties":{"stop_id":"RIV5010w","stop_name":"RIVER RD 5010"},"geometry":{"type":"Point","coordinates":[-84.641655,39.087185]}},{"type":"Feature","properties":{"stop_id":"RIV5125i","stop_name":"RIVER RD 5125"},"geometry":{"type":"Point","coordinates":[-84.644882,39.089863]}},{"type":"Feature","properties":{"stop_id":"RIV5297e","stop_name":"RIVER RD 5297"},"geometry":{"type":"Point","coordinates":[-84.650604,39.094082]}},{"type":"Feature","properties":{"stop_id":"RIV5336w","stop_name":"RIVER RD 5336"},"geometry":{"type":"Point","coordinates":[-84.650917,39.094494]}},{"type":"Feature","properties":{"stop_id":"RIV5495e","stop_name":"RIVER RD 5495"},"geometry":{"type":"Point","coordinates":[-84.657639,39.09737]}},{"type":"Feature","properties":{"stop_id":"RIV5495w","stop_name":"RIVER RD 5495"},"geometry":{"type":"Point","coordinates":[-84.65715,39.09745]}},{"type":"Feature","properties":{"stop_id":"RIV5637e","stop_name":"RIVER RD 5637"},"geometry":{"type":"Point","coordinates":[-84.662964,39.098324]}},{"type":"Feature","properties":{"stop_id":"RIV5666w","stop_name":"RIVER RD 5666"},"geometry":{"type":"Point","coordinates":[-84.662476,39.098408]}},{"type":"Feature","properties":{"stop_id":"RIV6013e","stop_name":"RIVER RD 6013"},"geometry":{"type":"Point","coordinates":[-84.677948,39.101189]}},{"type":"Feature","properties":{"stop_id":"RIV6016w","stop_name":"RIVER RD 6016"},"geometry":{"type":"Point","coordinates":[-84.678825,39.101677]}},{"type":"Feature","properties":{"stop_id":"RIVANDi","stop_name":"ANDERSON FERRY"},"geometry":{"type":"Point","coordinates":[-84.623337,39.077122]}},{"type":"Feature","properties":{"stop_id":"RIVANDo","stop_name":"ANDERSON FERRY"},"geometry":{"type":"Point","coordinates":[-84.623421,39.077286]}},{"type":"Feature","properties":{"stop_id":"RIVBAIi","stop_name":"RIVERSIDE DR & BAINS ST"},"geometry":{"type":"Point","coordinates":[-84.489715,39.111286]}},{"type":"Feature","properties":{"stop_id":"RIVBAIo","stop_name":"RIVERSIDE DR & BAINS ST"},"geometry":{"type":"Point","coordinates":[-84.48983,39.110874]}},{"type":"Feature","properties":{"stop_id":"RIVBAUw","stop_name":"RIVER RD & BAURICHTER ST"},"geometry":{"type":"Point","coordinates":[-84.59079,39.080673]}},{"type":"Feature","properties":{"stop_id":"RIVBENw","stop_name":"RIVER RD & BENDER RD"},"geometry":{"type":"Point","coordinates":[-84.670616,39.100319]}},{"type":"Feature","properties":{"stop_id":"RIVBOWi","stop_name":"RIVER RD & BOWDITCH ST"},"geometry":{"type":"Point","coordinates":[-84.605293,39.076584]}},{"type":"Feature","properties":{"stop_id":"RIVBOWw","stop_name":"RIVER RD & BOWDITCH ST"},"geometry":{"type":"Point","coordinates":[-84.605217,39.076744]}},{"type":"Feature","properties":{"stop_id":"RIVCATi","stop_name":"RIVER RD & CATHCART ST"},"geometry":{"type":"Point","coordinates":[-84.626045,39.077518]}},{"type":"Feature","properties":{"stop_id":"RIVCATw","stop_name":"RIVER RD & CATHCART ST"},"geometry":{"type":"Point","coordinates":[-84.62545,39.077572]}},{"type":"Feature","properties":{"stop_id":"RIVDELi","stop_name":"RIVER RD & DELHI AVE"},"geometry":{"type":"Point","coordinates":[-84.567918,39.088142]}},{"type":"Feature","properties":{"stop_id":"RIVDELo","stop_name":"RIVER RD & DELHI AVE"},"geometry":{"type":"Point","coordinates":[-84.567619,39.088333]}},{"type":"Feature","properties":{"stop_id":"RIVFAIi","stop_name":"RIVER RD & FAIRBANKS AVE"},"geometry":{"type":"Point","coordinates":[-84.569318,39.088084]}},{"type":"Feature","properties":{"stop_id":"RIVFAIw","stop_name":"RIVER RD & FAIRBANKS AVE"},"geometry":{"type":"Point","coordinates":[-84.56929,39.088299]}},{"type":"Feature","properties":{"stop_id":"RIVFITi","stop_name":"RIVER RD & FITHIAN ST"},"geometry":{"type":"Point","coordinates":[-84.593727,39.079384]}},{"type":"Feature","properties":{"stop_id":"RIVFRIw","stop_name":"RIVERSIDE DR & FRIENDSHIP PARK"},"geometry":{"type":"Point","coordinates":[-84.495036,39.104565]}},{"type":"Feature","properties":{"stop_id":"RIVGALw","stop_name":"RIVER RD & GALVIN LN"},"geometry":{"type":"Point","coordinates":[-84.55928,39.095055]}},{"type":"Feature","properties":{"stop_id":"RIVHILw","stop_name":"RIVER RD & HILLSIDE AVE"},"geometry":{"type":"Point","coordinates":[-84.58107,39.085491]}},{"type":"Feature","properties":{"stop_id":"RIVLILi","stop_name":"RIVER RD & LILIENTHAL ST"},"geometry":{"type":"Point","coordinates":[-84.585358,39.081974]}},{"type":"Feature","properties":{"stop_id":"RIVLILw","stop_name":"RIVER RD & LILIENTHAL ST"},"geometry":{"type":"Point","coordinates":[-84.584923,39.082314]}},{"type":"Feature","properties":{"stop_id":"RIVMCGw","stop_name":"RIVER RD & MCGINNIS AVE"},"geometry":{"type":"Point","coordinates":[-84.599327,39.077663]}},{"type":"Feature","properties":{"stop_id":"RIVMCWe","stop_name":"RIVER RD & MCWILLIAMS ST"},"geometry":{"type":"Point","coordinates":[-84.59024,39.080673]}},{"type":"Feature","properties":{"stop_id":"RIVMTEw","stop_name":"RIVER RD & MT ECHO DR"},"geometry":{"type":"Point","coordinates":[-84.560883,39.093636]}},{"type":"Feature","properties":{"stop_id":"RIVMTHi","stop_name":"RIVER RD & MT HOPE AVE"},"geometry":{"type":"Point","coordinates":[-84.557587,39.096859]}},{"type":"Feature","properties":{"stop_id":"RIVMTHw","stop_name":"RIVER RD & MT HOPE AVE"},"geometry":{"type":"Point","coordinates":[-84.557693,39.097065]}},{"type":"Feature","properties":{"stop_id":"RIVSTIw","stop_name":"RIVER RD & STILLE DR"},"geometry":{"type":"Point","coordinates":[-84.64595,39.091084]}},{"type":"Feature","properties":{"stop_id":"RivTrCtr","stop_name":"Riverfront Transit Center Stop"},"geometry":{"type":"Point","coordinates":[-84.512291,39.097922]}},{"type":"Feature","properties":{"stop_id":"RIVVANw","stop_name":"RIVERSIDE DR & VANCE ST"},"geometry":{"type":"Point","coordinates":[-84.474609,39.121887]}},{"type":"Feature","properties":{"stop_id":"RIVWOCi","stop_name":"RIVER RD & WOCHER AVE"},"geometry":{"type":"Point","coordinates":[-84.653503,39.095863]}},{"type":"Feature","properties":{"stop_id":"RIVWOCw","stop_name":"RIVER RD & WOCHER AVE"},"geometry":{"type":"Point","coordinates":[-84.653137,39.095863]}},{"type":"Feature","properties":{"stop_id":"ROBBRIi","stop_name":"ROBB AVE & WEST CT"},"geometry":{"type":"Point","coordinates":[-84.618919,39.15801]}},{"type":"Feature","properties":{"stop_id":"ROBHARi","stop_name":"ROBB AVE & HARDING AVE"},"geometry":{"type":"Point","coordinates":[-84.619464,39.155382]}},{"type":"Feature","properties":{"stop_id":"ROBHARo","stop_name":"ROBB AVE & HARDING AVE"},"geometry":{"type":"Point","coordinates":[-84.619659,39.155535]}},{"type":"Feature","properties":{"stop_id":"ROBWESo","stop_name":"ROBB AVE & WEST CT"},"geometry":{"type":"Point","coordinates":[-84.619339,39.157063]}},{"type":"Feature","properties":{"stop_id":"ROCBURe","stop_name":"ROCKDALE AVE & BURNET AVE"},"geometry":{"type":"Point","coordinates":[-84.499657,39.14502]}},{"type":"Feature","properties":{"stop_id":"ROCHARe","stop_name":"ROCKDALE AVE & HARVEY AVE"},"geometry":{"type":"Point","coordinates":[-84.49807,39.14489]}},{"type":"Feature","properties":{"stop_id":"ROCHARw","stop_name":"ROCKDALE AVE & HARVEY AVE"},"geometry":{"type":"Point","coordinates":[-84.497635,39.145012]}},{"type":"Feature","properties":{"stop_id":"ROOHAMo","stop_name":"ROOSEVELT AVE EOL"},"geometry":{"type":"Point","coordinates":[-84.561401,39.273903]}},{"type":"Feature","properties":{"stop_id":"ROS4000o","stop_name":"ROSSLYN DR 4000"},"geometry":{"type":"Point","coordinates":[-84.40873,39.151684]}},{"type":"Feature","properties":{"stop_id":"ROS4010i","stop_name":"ROSSLYN DR 4010"},"geometry":{"type":"Point","coordinates":[-84.408501,39.151878]}},{"type":"Feature","properties":{"stop_id":"ROSERIi","stop_name":"ROSSLYN DR & ERIE AVE"},"geometry":{"type":"Point","coordinates":[-84.407005,39.150154]}},{"type":"Feature","properties":{"stop_id":"ROSERIo","stop_name":"ROSSLYN DR & ERIE AVE"},"geometry":{"type":"Point","coordinates":[-84.407387,39.150139]}},{"type":"Feature","properties":{"stop_id":"ROSFISo","stop_name":"ROSS AVE & FISCHER PL"},"geometry":{"type":"Point","coordinates":[-84.484222,39.168919]}},{"type":"Feature","properties":{"stop_id":"ROSGREi","stop_name":"ROSS AVE & GREENLEE AVE"},"geometry":{"type":"Point","coordinates":[-84.492493,39.169876]}},{"type":"Feature","properties":{"stop_id":"ROSGREo","stop_name":"ROSS AVE & GREENLEE AVE"},"geometry":{"type":"Point","coordinates":[-84.492226,39.169731]}},{"type":"Feature","properties":{"stop_id":"ROSIMWi","stop_name":"ROSS AVE & IMWALLE AVE"},"geometry":{"type":"Point","coordinates":[-84.488777,39.169559]}},{"type":"Feature","properties":{"stop_id":"ROSIMWo","stop_name":"ROSS AVE & IMWALLE AVE"},"geometry":{"type":"Point","coordinates":[-84.48877,39.169365]}},{"type":"Feature","properties":{"stop_id":"ROSTOWi","stop_name":"ROSS AVE & TOWER AVE"},"geometry":{"type":"Point","coordinates":[-84.495468,39.170208]}},{"type":"Feature","properties":{"stop_id":"ROSTOWo","stop_name":"ROSS AVE & TOWER AVE"},"geometry":{"type":"Point","coordinates":[-84.495857,39.170151]}},{"type":"Feature","properties":{"stop_id":"RTC-ent","stop_name":"RTC Entrance"},"geometry":{"type":"Point","coordinates":[-84.518321,39.096994]}},{"type":"Feature","properties":{"stop_id":"RTC-exit","stop_name":"RTC Exit"},"geometry":{"type":"Point","coordinates":[-84.505657,39.09863]}},{"type":"Feature","properties":{"stop_id":"SAL5004o","stop_name":"SALEM RD 5004"},"geometry":{"type":"Point","coordinates":[-84.416023,39.084194]}},{"type":"Feature","properties":{"stop_id":"SAL5025i","stop_name":"SALEM RD 5025"},"geometry":{"type":"Point","coordinates":[-84.416481,39.084194]}},{"type":"Feature","properties":{"stop_id":"SALALNi","stop_name":"SALEM RD & ALNETTA DR"},"geometry":{"type":"Point","coordinates":[-84.365143,39.072433]}},{"type":"Feature","properties":{"stop_id":"SALALTi","stop_name":"SALEM RD & ALTADENA AVE"},"geometry":{"type":"Point","coordinates":[-84.369942,39.073837]}},{"type":"Feature","properties":{"stop_id":"SALALTo","stop_name":"SALEM RD & ALTADENA AVE"},"geometry":{"type":"Point","coordinates":[-84.369965,39.073677]}},{"type":"Feature","properties":{"stop_id":"SALAYEi","stop_name":"SALEM RD & AYERSHIRE AVE"},"geometry":{"type":"Point","coordinates":[-84.370956,39.073917]}},{"type":"Feature","properties":{"stop_id":"SALAYEo","stop_name":"SALEM RD & AYERSHIRE AVE"},"geometry":{"type":"Point","coordinates":[-84.371254,39.073776]}},{"type":"Feature","properties":{"stop_id":"SALBEAi","stop_name":"SALEM RD & BEACON RD"},"geometry":{"type":"Point","coordinates":[-84.383598,39.074786]}},{"type":"Feature","properties":{"stop_id":"SALBONo","stop_name":"SALEM RD & BONDICK DR"},"geometry":{"type":"Point","coordinates":[-84.381775,39.07452]}},{"type":"Feature","properties":{"stop_id":"SALBRAo","stop_name":"SALEM RD & BRANDON LN"},"geometry":{"type":"Point","coordinates":[-84.392609,39.075409]}},{"type":"Feature","properties":{"stop_id":"SALBROi","stop_name":"SALEM RD & BROOKE AVE"},"geometry":{"type":"Point","coordinates":[-84.378952,39.074486]}},{"type":"Feature","properties":{"stop_id":"SALBROo","stop_name":"SALEM RD & BROOKE AVE"},"geometry":{"type":"Point","coordinates":[-84.378998,39.074333]}},{"type":"Feature","properties":{"stop_id":"SALBRUo","stop_name":"SALEM RD & BRUCE AVE"},"geometry":{"type":"Point","coordinates":[-84.384384,39.074699]}},{"type":"Feature","properties":{"stop_id":"SALBURi","stop_name":"SALEM RD & BURNEY LN"},"geometry":{"type":"Point","coordinates":[-84.375343,39.074242]}},{"type":"Feature","properties":{"stop_id":"SALBURo","stop_name":"SALEM RD & BURNEY LN"},"geometry":{"type":"Point","coordinates":[-84.374817,39.074066]}},{"type":"Feature","properties":{"stop_id":"SALDUNo","stop_name":"SALEM RD & DUNN RD"},"geometry":{"type":"Point","coordinates":[-84.362053,39.072376]}},{"type":"Feature","properties":{"stop_id":"SALEVEi","stop_name":"SALEM RD & EVERSOLE RD"},"geometry":{"type":"Point","coordinates":[-84.397758,39.078327]}},{"type":"Feature","properties":{"stop_id":"SALEVEo","stop_name":"SALEM RD & EVERSOLE RD"},"geometry":{"type":"Point","coordinates":[-84.397804,39.078114]}},{"type":"Feature","properties":{"stop_id":"SALHAWo","stop_name":"SALEM RD & HAWKSTONE DR"},"geometry":{"type":"Point","coordinates":[-84.393593,39.075516]}},{"type":"Feature","properties":{"stop_id":"SALHOLi","stop_name":"SALEM RD & HOLZ AVE"},"geometry":{"type":"Point","coordinates":[-84.385857,39.075006]}},{"type":"Feature","properties":{"stop_id":"SALHOLo","stop_name":"SALEM RD & HOLZ AVE"},"geometry":{"type":"Point","coordinates":[-84.385681,39.074837]}},{"type":"Feature","properties":{"stop_id":"SALJOEi","stop_name":"SALEM RD & JOETTA DR"},"geometry":{"type":"Point","coordinates":[-84.363892,39.072369]}},{"type":"Feature","properties":{"stop_id":"SALJOEo","stop_name":"SALEM RD & JOETTA DR"},"geometry":{"type":"Point","coordinates":[-84.364288,39.072201]}},{"type":"Feature","properties":{"stop_id":"SALLERi","stop_name":"SALEM RD & LE ROY RD"},"geometry":{"type":"Point","coordinates":[-84.388367,39.075191]}},{"type":"Feature","properties":{"stop_id":"SALLERo","stop_name":"SALEM RD & LE ROY RD"},"geometry":{"type":"Point","coordinates":[-84.388702,39.07505]}},{"type":"Feature","properties":{"stop_id":"SALMOOo","stop_name":"SALEM RD & MOON VALLEY LN"},"geometry":{"type":"Point","coordinates":[-84.413933,39.084579]}},{"type":"Feature","properties":{"stop_id":"SALSALi","stop_name":"SALEM RD & SALEM WOODS LN"},"geometry":{"type":"Point","coordinates":[-84.4011,39.078918]}},{"type":"Feature","properties":{"stop_id":"SALSALWo","stop_name":"SALEM RD & SALEM WOODS LN"},"geometry":{"type":"Point","coordinates":[-84.401398,39.078625]}},{"type":"Feature","properties":{"stop_id":"SALSUTi","stop_name":"SALEM RD & SUTTON AVE"},"geometry":{"type":"Point","coordinates":[-84.391769,39.075481]}},{"type":"Feature","properties":{"stop_id":"SALSUTo","stop_name":"SALEM RD & SUTTON AVE"},"geometry":{"type":"Point","coordinates":[-84.391327,39.075283]}},{"type":"Feature","properties":{"stop_id":"SALWAYi","stop_name":"SALEM RD & WAYSIDE AVE"},"geometry":{"type":"Point","coordinates":[-84.409325,39.082062]}},{"type":"Feature","properties":{"stop_id":"SALWAYo","stop_name":"SALEM RD & WAYSIDE AVE"},"geometry":{"type":"Point","coordinates":[-84.409691,39.082203]}},{"type":"Feature","properties":{"stop_id":"SC-01","stop_name":"THE BANKS Station - 2nd & Main"},"geometry":{"type":"Point","coordinates":[-84.509896,39.098217]}},{"type":"Feature","properties":{"stop_id":"SC-02","stop_name":"247 TELEMARKETING Station - 4th & Main"},"geometry":{"type":"Point","coordinates":[-84.509399,39.100643]}},{"type":"Feature","properties":{"stop_id":"SC-03","stop_name":"RICHTER & PHILLIPS Station - 6th & Main"},"geometry":{"type":"Point","coordinates":[-84.5103,39.103336]}},{"type":"Feature","properties":{"stop_id":"SC-04","stop_name":"8th & Main Station"},"geometry":{"type":"Point","coordinates":[-84.510658,39.105049]}},{"type":"Feature","properties":{"stop_id":"SC-05","stop_name":"JACK CASINO Station - Main & Court"},"geometry":{"type":"Point","coordinates":[-84.511177,39.106907]}},{"type":"Feature","properties":{"stop_id":"SC-06","stop_name":"HANKE EXCHANGE Station - 12th & Main"},"geometry":{"type":"Point","coordinates":[-84.511551,39.108341]}},{"type":"Feature","properties":{"stop_id":"SC-07","stop_name":"12th & Vine Station"},"geometry":{"type":"Point","coordinates":[-84.514618,39.108414]}},{"type":"Feature","properties":{"stop_id":"SC-08","stop_name":"14th & Elm Station"},"geometry":{"type":"Point","coordinates":[-84.518463,39.109982]}},{"type":"Feature","properties":{"stop_id":"SC-09","stop_name":"Elm  & Liberty Station"},"geometry":{"type":"Point","coordinates":[-84.519165,39.112907]}},{"type":"Feature","properties":{"stop_id":"SC-10","stop_name":"FINDLAY MARKET-ELM Station - Elm & Glass Alley"},"geometry":{"type":"Point","coordinates":[-84.51973,39.114986]}},{"type":"Feature","properties":{"stop_id":"SC-11","stop_name":"BREWERY DISTRICT Station - Elm & Henry"},"geometry":{"type":"Point","coordinates":[-84.520348,39.117535]}},{"type":"Feature","properties":{"stop_id":"SC-12","stop_name":"FINDLAY MARKET-RACE Station - Race & Elder"},"geometry":{"type":"Point","coordinates":[-84.518387,39.115673]}},{"type":"Feature","properties":{"stop_id":"SC-13","stop_name":"Race & Liberty Station"},"geometry":{"type":"Point","coordinates":[-84.517532,39.112827]}},{"type":"Feature","properties":{"stop_id":"SC-14","stop_name":"WASHINGTON PARK Station - 12th & Race"},"geometry":{"type":"Point","coordinates":[-84.516479,39.108582]}},{"type":"Feature","properties":{"stop_id":"SC-15","stop_name":"Central Parkway & Vine Station"},"geometry":{"type":"Point","coordinates":[-84.514221,39.107281]}},{"type":"Feature","properties":{"stop_id":"SC-16","stop_name":"PUBLIC LIBRARY Station - 9th & Walnut"},"geometry":{"type":"Point","coordinates":[-84.512497,39.105461]}},{"type":"Feature","properties":{"stop_id":"SC-17","stop_name":"ARONOFF CENTER Station - 7th & Walnut"},"geometry":{"type":"Point","coordinates":[-84.512138,39.104034]}},{"type":"Feature","properties":{"stop_id":"SC-18","stop_name":"FOUNTAIN SQUARE Station - 5th & Walnut"},"geometry":{"type":"Point","coordinates":[-84.511406,39.101097]}},{"type":"Feature","properties":{"stop_id":"SCHHARo","stop_name":"SCHOOL SECTION RD & HARRISON RD"},"geometry":{"type":"Point","coordinates":[-84.621048,39.160889]}},{"type":"Feature","properties":{"stop_id":"SCHHARRi","stop_name":"SCHOOL SECTION RD & HARRISON RD"},"geometry":{"type":"Point","coordinates":[-84.621284,39.160717]}},{"type":"Feature","properties":{"stop_id":"SCHHOMi","stop_name":"SCHOOL SECTION RD & HOMELAWN AVE"},"geometry":{"type":"Point","coordinates":[-84.62085,39.164146]}},{"type":"Feature","properties":{"stop_id":"SCHHOMo","stop_name":"SCHOOL SECTION RD & HOMELAWN AVE"},"geometry":{"type":"Point","coordinates":[-84.620659,39.163914]}},{"type":"Feature","properties":{"stop_id":"SCHWESi","stop_name":"SCHOOL SECTION & WESTWOOD NORTHERN BLVD"},"geometry":{"type":"Point","coordinates":[-84.620705,39.165482]}},{"type":"Feature","properties":{"stop_id":"SCHWWNo","stop_name":"SCHOOL SECTION RD & WESTWOOD NORTHERN BLVD"},"geometry":{"type":"Point","coordinates":[-84.620468,39.165661]}},{"type":"Feature","properties":{"stop_id":"SCMEIJo","stop_name":"STONE CREEK MEIJER P&R"},"geometry":{"type":"Point","coordinates":[-84.602692,39.252583]}},{"type":"Feature","properties":{"stop_id":"SECARAe","stop_name":"SECTION & ARACOMA"},"geometry":{"type":"Point","coordinates":[-84.435898,39.195908]}},{"type":"Feature","properties":{"stop_id":"SECARAw","stop_name":"SECTION & ARACOMA"},"geometry":{"type":"Point","coordinates":[-84.435738,39.195995]}},{"type":"Feature","properties":{"stop_id":"SECFAIe","stop_name":"SECTION & FAIR OAKS"},"geometry":{"type":"Point","coordinates":[-84.442207,39.196293]}},{"type":"Feature","properties":{"stop_id":"SECFAIw","stop_name":"SECTION & FAIR OAKS"},"geometry":{"type":"Point","coordinates":[-84.441849,39.1964]}},{"type":"Feature","properties":{"stop_id":"SecFare","stop_name":"Section & Farm Acres Eastbound"},"geometry":{"type":"Point","coordinates":[-84.445625,39.196526]}},{"type":"Feature","properties":{"stop_id":"SecFarw","stop_name":"Section & Farm Acres Westbound"},"geometry":{"type":"Point","coordinates":[-84.445114,39.196625]}},{"type":"Feature","properties":{"stop_id":"SEVo","stop_name":"SEVENHILLS DR MB"},"geometry":{"type":"Point","coordinates":[-84.561676,39.277653]}},{"type":"Feature","properties":{"stop_id":"SEVSPRo","stop_name":"SEVENHILLS DR & SPRUCEHILL DR"},"geometry":{"type":"Point","coordinates":[-84.559296,39.277424]}},{"type":"Feature","properties":{"stop_id":"SEY408","stop_name":"SEYMOUR AVE 408"},"geometry":{"type":"Point","coordinates":[-84.487579,39.195873]}},{"type":"Feature","properties":{"stop_id":"SEY427e","stop_name":"SEYMOUR AVE 427"},"geometry":{"type":"Point","coordinates":[-84.488304,39.195698]}},{"type":"Feature","properties":{"stop_id":"SEYGLEe","stop_name":"SEYMOUR AVE & GLENMEADOW LN"},"geometry":{"type":"Point","coordinates":[-84.467796,39.190681]}},{"type":"Feature","properties":{"stop_id":"SEYGLEw","stop_name":"SEYMOUR AVE & GLENMEADOW LN"},"geometry":{"type":"Point","coordinates":[-84.467819,39.190842]}},{"type":"Feature","properties":{"stop_id":"SEYHIRie","stop_name":"SEYMOUR AVE & HIRSCH DR"},"geometry":{"type":"Point","coordinates":[-84.461029,39.18721]}},{"type":"Feature","properties":{"stop_id":"SEYHIRo","stop_name":"SEYMOUR AVE & HIRSCH DR"},"geometry":{"type":"Point","coordinates":[-84.46069,39.187156]}},{"type":"Feature","properties":{"stop_id":"SEYLANe","stop_name":"SEYMOUR AVE & LANGDON FARM RD"},"geometry":{"type":"Point","coordinates":[-84.456047,39.182251]}},{"type":"Feature","properties":{"stop_id":"SEYLANo","stop_name":"SEYMOUR AVE & LANGDON FARM RD"},"geometry":{"type":"Point","coordinates":[-84.456482,39.18285]}},{"type":"Feature","properties":{"stop_id":"SEYLEWe","stop_name":"SEYMOUR AVE & LEWIS CENTER"},"geometry":{"type":"Point","coordinates":[-84.472282,39.190956]}},{"type":"Feature","properties":{"stop_id":"SEYLEWw","stop_name":"SEYMOUR AVE & LEWIS CENTER"},"geometry":{"type":"Point","coordinates":[-84.471863,39.191063]}},{"type":"Feature","properties":{"stop_id":"SEYNORe","stop_name":"Seymour Ave & North Bend Rd Eastbound"},"geometry":{"type":"Point","coordinates":[-84.498627,39.204105]}},{"type":"Feature","properties":{"stop_id":"SEYNORw","stop_name":"Seymour Ave & North Bend Rd Westbound"},"geometry":{"type":"Point","coordinates":[-84.498482,39.204536]}},{"type":"Feature","properties":{"stop_id":"SEYPADe","stop_name":"SEYMOUR AVE & PADDOCK RD"},"geometry":{"type":"Point","coordinates":[-84.475533,39.191837]}},{"type":"Feature","properties":{"stop_id":"SEYPADw","stop_name":"SEYMOUR AVE & PADDOCK RD"},"geometry":{"type":"Point","coordinates":[-84.475502,39.191963]}},{"type":"Feature","properties":{"stop_id":"SEYREAe","stop_name":"SEYMOUR AVE & READING RD"},"geometry":{"type":"Point","coordinates":[-84.462975,39.18895]}},{"type":"Feature","properties":{"stop_id":"SEYREAw","stop_name":"SEYMOUR AVE & READING RD"},"geometry":{"type":"Point","coordinates":[-84.463974,39.189888]}},{"type":"Feature","properties":{"stop_id":"SEYRHOi","stop_name":"SEYMOUR AVE & RHODE ISLAND AVE"},"geometry":{"type":"Point","coordinates":[-84.458015,39.184551]}},{"type":"Feature","properties":{"stop_id":"SEYRHOo","stop_name":"SEYMOUR AVE & RHODE ISLAND AVE"},"geometry":{"type":"Point","coordinates":[-84.458115,39.184841]}},{"type":"Feature","properties":{"stop_id":"SEYROSe","stop_name":"SEYMOUR AVE & ROSEWOOD ST"},"geometry":{"type":"Point","coordinates":[-84.484406,39.195797]}},{"type":"Feature","properties":{"stop_id":"SEYROSw","stop_name":"SEYMOUR AVE & ROSEWOOD ST"},"geometry":{"type":"Point","coordinates":[-84.484535,39.195957]}},{"type":"Feature","properties":{"stop_id":"SEYSHOe","stop_name":"SEYMOUR AVE & SHONA DR"},"geometry":{"type":"Point","coordinates":[-84.466125,39.19059]}},{"type":"Feature","properties":{"stop_id":"SEYSHOw","stop_name":"SEYMOUR AVE & SHONA DR"},"geometry":{"type":"Point","coordinates":[-84.465836,39.190701]}},{"type":"Feature","properties":{"stop_id":"SEYVINe","stop_name":"SEYMOUR AVE & VINE ST"},"geometry":{"type":"Point","coordinates":[-84.479996,39.194576]}},{"type":"Feature","properties":{"stop_id":"SEYVINw","stop_name":"SEYMOUR AVE & VINE ST"},"geometry":{"type":"Point","coordinates":[-84.47995,39.194763]}},{"type":"Feature","properties":{"stop_id":"SHACANe","stop_name":"SHARON RD & CANAL RD"},"geometry":{"type":"Point","coordinates":[-84.434029,39.269531]}},{"type":"Feature","properties":{"stop_id":"SHACANw","stop_name":"SHARON RD & CANAL RD"},"geometry":{"type":"Point","coordinates":[-84.434227,39.269749]}},{"type":"Feature","properties":{"stop_id":"SHACROe","stop_name":"SHARON RD & CROWNE POINT DR"},"geometry":{"type":"Point","coordinates":[-84.436996,39.269814]}},{"type":"Feature","properties":{"stop_id":"SHACROw","stop_name":"SHARON RD & CROWN POINT DR"},"geometry":{"type":"Point","coordinates":[-84.436775,39.27]}},{"type":"Feature","properties":{"stop_id":"SHAFORe","stop_name":"SHARON RD & FORD ENTRANCE"},"geometry":{"type":"Point","coordinates":[-84.42424,39.268906]}},{"type":"Feature","properties":{"stop_id":"SHAFORw","stop_name":"SHARON RD & FORD ENTRANCE"},"geometry":{"type":"Point","coordinates":[-84.424744,39.2691]}},{"type":"Feature","properties":{"stop_id":"ShaKro","stop_name":"Sharonville Kroger"},"geometry":{"type":"Point","coordinates":[-84.39061,39.295734]}},{"type":"Feature","properties":{"stop_id":"SHAOHIe","stop_name":"SHARON RD & OHIO AVE"},"geometry":{"type":"Point","coordinates":[-84.413437,39.268318]}},{"type":"Feature","properties":{"stop_id":"SHAOHIw","stop_name":"SHARON RD & OHIO AVE"},"geometry":{"type":"Point","coordinates":[-84.414337,39.268532]}},{"type":"Feature","properties":{"stop_id":"SHEBROi","stop_name":"SHEPHERD AVE & BROWN ST"},"geometry":{"type":"Point","coordinates":[-84.449516,39.227257]}},{"type":"Feature","properties":{"stop_id":"SHEBROo","stop_name":"SHEPHERD AVE & BROWN ST"},"geometry":{"type":"Point","coordinates":[-84.449677,39.227428]}},{"type":"Feature","properties":{"stop_id":"SHEMONi","stop_name":"SHERMAN & MONTGOMERY"},"geometry":{"type":"Point","coordinates":[-84.456017,39.160275]}},{"type":"Feature","properties":{"stop_id":"SHESMAi","stop_name":"SHEPHERD AVE & SMALLEY AVE"},"geometry":{"type":"Point","coordinates":[-84.447754,39.231995]}},{"type":"Feature","properties":{"stop_id":"SHESMAo","stop_name":"SHEPHERD AVE & SMALLEY AVE"},"geometry":{"type":"Point","coordinates":[-84.447472,39.232101]}},{"type":"Feature","properties":{"stop_id":"SHESMIe","stop_name":"SHERMAN AVE & SMITH RD"},"geometry":{"type":"Point","coordinates":[-84.453491,39.160002]}},{"type":"Feature","properties":{"stop_id":"SHESMIw","stop_name":"SHERMAN AVE & SMITH RD"},"geometry":{"type":"Point","coordinates":[-84.453728,39.160007]}},{"type":"Feature","properties":{"stop_id":"SHRDUCs","stop_name":"SHRODER HIGH SCHOOL & DUCK CREEK RD"},"geometry":{"type":"Point","coordinates":[-84.410202,39.165089]}},{"type":"Feature","properties":{"stop_id":"SIDCOVi","stop_name":"SIDNEY RD & COVEDALE AVE"},"geometry":{"type":"Point","coordinates":[-84.606049,39.123569]}},{"type":"Feature","properties":{"stop_id":"SIDGLEi","stop_name":"SIDNEY AVE & GLENWAY AVE"},"geometry":{"type":"Point","coordinates":[-84.603012,39.123501]}},{"type":"Feature","properties":{"stop_id":"SIDSYLo","stop_name":"SIDNEY AVE & SYLVED LN"},"geometry":{"type":"Point","coordinates":[-84.62191,39.126793]}},{"type":"Feature","properties":{"stop_id":"SIM1STe","stop_name":"SIMPSON AVE & 1ST AVE"},"geometry":{"type":"Point","coordinates":[-84.561302,39.204533]}},{"type":"Feature","properties":{"stop_id":"SIM2NDi","stop_name":"SIMPSON AVE & 2ND AVE"},"geometry":{"type":"Point","coordinates":[-84.561171,39.205565]}},{"type":"Feature","properties":{"stop_id":"SIM2NDo","stop_name":"SIMPSON AVE & 2ND AVE"},"geometry":{"type":"Point","coordinates":[-84.561043,39.205013]}},{"type":"Feature","properties":{"stop_id":"SIM5THo","stop_name":"SIMPSON AVE & FIFTH AVE"},"geometry":{"type":"Point","coordinates":[-84.560875,39.207085]}},{"type":"Feature","properties":{"stop_id":"SIMMCKi","stop_name":"SIMPSON AVE & MCKINLEY AVE"},"geometry":{"type":"Point","coordinates":[-84.561096,39.206947]}},{"type":"Feature","properties":{"stop_id":"SIMNORi","stop_name":"SIMPSON AVE & NORTHERN AVE"},"geometry":{"type":"Point","coordinates":[-84.560745,39.209759]}},{"type":"Feature","properties":{"stop_id":"SIMNORo","stop_name":"SIMPSON AVE & NORTHERN AVE"},"geometry":{"type":"Point","coordinates":[-84.560524,39.209736]}},{"type":"Feature","properties":{"stop_id":"SIMSHOi","stop_name":"SIMPSON AVE & SHOLLENBERGER AVE"},"geometry":{"type":"Point","coordinates":[-84.560043,39.217648]}},{"type":"Feature","properties":{"stop_id":"SIMSHOo","stop_name":"SIMPSON AVE & SHOLLENBERGER AVE"},"geometry":{"type":"Point","coordinates":[-84.559944,39.217571]}},{"type":"Feature","properties":{"stop_id":"SIMWALo","stop_name":"SIMPSON AVE & WALTHAM AVE"},"geometry":{"type":"Point","coordinates":[-84.560387,39.212547]}},{"type":"Feature","properties":{"stop_id":"SIMWALw","stop_name":"SIMPSON AVE & WALTHAM AVE"},"geometry":{"type":"Point","coordinates":[-84.560539,39.212749]}},{"type":"Feature","properties":{"stop_id":"SMIASHe","stop_name":"SMITH RD & ASHLAND AVE"},"geometry":{"type":"Point","coordinates":[-84.451759,39.158741]}},{"type":"Feature","properties":{"stop_id":"SMIASHw","stop_name":"SMITH RD & ASHLAND AVE"},"geometry":{"type":"Point","coordinates":[-84.450729,39.158276]}},{"type":"Feature","properties":{"stop_id":"SMIFORe","stop_name":"SMITH RD & FOREST AVE"},"geometry":{"type":"Point","coordinates":[-84.448723,39.156567]}},{"type":"Feature","properties":{"stop_id":"SMIFORw","stop_name":"SMITH RD & FOREST AVE"},"geometry":{"type":"Point","coordinates":[-84.448166,39.1562]}},{"type":"Feature","properties":{"stop_id":"SMIMARe","stop_name":"SMITH RD & MARSH AVE"},"geometry":{"type":"Point","coordinates":[-84.447273,39.154575]}},{"type":"Feature","properties":{"stop_id":"SMIMARw","stop_name":"SMITH RD & MARSH AVE"},"geometry":{"type":"Point","coordinates":[-84.446861,39.154316]}},{"type":"Feature","properties":{"stop_id":"SMIWALn","stop_name":"SMITH RD & WALL ST"},"geometry":{"type":"Point","coordinates":[-84.453918,39.161446]}},{"type":"Feature","properties":{"stop_id":"SMIWILe","stop_name":"SMITH RD & WILLIAMS AVE"},"geometry":{"type":"Point","coordinates":[-84.446098,39.15263]}},{"type":"Feature","properties":{"stop_id":"SMIWILw","stop_name":"SMITH RD & WILLIAMS AVE"},"geometry":{"type":"Point","coordinates":[-84.445908,39.15271]}},{"type":"Feature","properties":{"stop_id":"SP10500o","stop_name":"SPRINGFIELD PIKE 10500"},"geometry":{"type":"Point","coordinates":[-84.469452,39.260143]}},{"type":"Feature","properties":{"stop_id":"SP10560i","stop_name":"SPRINGFIELD PIKE 10560"},"geometry":{"type":"Point","coordinates":[-84.469559,39.261223]}},{"type":"Feature","properties":{"stop_id":"SP10623o","stop_name":"SPRINGFIELD PIKE 10623"},"geometry":{"type":"Point","coordinates":[-84.469071,39.263673]}},{"type":"Feature","properties":{"stop_id":"SP11039o","stop_name":"SPRINGFIELD PIKE 11039"},"geometry":{"type":"Point","coordinates":[-84.479744,39.275761]}},{"type":"Feature","properties":{"stop_id":"SP11040i","stop_name":"SPRINGFIELD PIKE 11040"},"geometry":{"type":"Point","coordinates":[-84.479965,39.275719]}},{"type":"Feature","properties":{"stop_id":"SP11299i","stop_name":"SPRINGFIELD PIKE 11299"},"geometry":{"type":"Point","coordinates":[-84.482155,39.277946]}},{"type":"Feature","properties":{"stop_id":"SP11300o","stop_name":"SPRINGFIELD PIKE 11300"},"geometry":{"type":"Point","coordinates":[-84.481865,39.277931]}},{"type":"Feature","properties":{"stop_id":"SP11320o","stop_name":"SPRINGFIELD PIKE 11320"},"geometry":{"type":"Point","coordinates":[-84.482834,39.278931]}},{"type":"Feature","properties":{"stop_id":"SPR2138w","stop_name":"SPRING GROVE AVE 2138"},"geometry":{"type":"Point","coordinates":[-84.536148,39.121635]}},{"type":"Feature","properties":{"stop_id":"SPR2147i","stop_name":"SPRING GROVE AVE 2147"},"geometry":{"type":"Point","coordinates":[-84.536362,39.121635]}},{"type":"Feature","properties":{"stop_id":"SPR3480o","stop_name":"SPRING GROVE AVE 3480"},"geometry":{"type":"Point","coordinates":[-84.541161,39.147385]}},{"type":"Feature","properties":{"stop_id":"SPR3491i","stop_name":"SPRING GROVE AVE 3491"},"geometry":{"type":"Point","coordinates":[-84.541397,39.147606]}},{"type":"Feature","properties":{"stop_id":"SPR3578o","stop_name":"SPRING GROVE AVE 3578"},"geometry":{"type":"Point","coordinates":[-84.541481,39.149605]}},{"type":"Feature","properties":{"stop_id":"SPR4200o","stop_name":"SPRING GROVE AVE 4200"},"geometry":{"type":"Point","coordinates":[-84.533295,39.15963]}},{"type":"Feature","properties":{"stop_id":"SPR4389i","stop_name":"SPRING GROVE AVE 4389"},"geometry":{"type":"Point","coordinates":[-84.526886,39.16217]}},{"type":"Feature","properties":{"stop_id":"SPR4650o","stop_name":"SPRING GROVE AVE 4650"},"geometry":{"type":"Point","coordinates":[-84.51828,39.164642]}},{"type":"Feature","properties":{"stop_id":"SPRALEi","stop_name":"SPRINGFIELD PIKE & ALLEN AVE"},"geometry":{"type":"Point","coordinates":[-84.47348,39.220104]}},{"type":"Feature","properties":{"stop_id":"SPRALFo","stop_name":"SPRING GROVE AVE & ALFRED ST"},"geometry":{"type":"Point","coordinates":[-84.536285,39.128811]}},{"type":"Feature","properties":{"stop_id":"SPRALLo","stop_name":"SPRINGFIELD PIKE & ALLEN AVE"},"geometry":{"type":"Point","coordinates":[-84.473282,39.219971]}},{"type":"Feature","properties":{"stop_id":"SPRBANi","stop_name":"SPRING GROVE AVE & BANK ST"},"geometry":{"type":"Point","coordinates":[-84.536499,39.120201]}},{"type":"Feature","properties":{"stop_id":"SPRBUCi","stop_name":"SPRING GROVE AVE & BUCK ST"},"geometry":{"type":"Point","coordinates":[-84.536026,39.125877]}},{"type":"Feature","properties":{"stop_id":"SPRBUCo","stop_name":"SPRING GROVE AVE & BUCK ST"},"geometry":{"type":"Point","coordinates":[-84.535828,39.125698]}},{"type":"Feature","properties":{"stop_id":"SPRBURo","stop_name":"SPRING GROVE AVE & BURGOYNE ST"},"geometry":{"type":"Point","coordinates":[-84.540955,39.156109]}},{"type":"Feature","properties":{"stop_id":"SPRCHAi","stop_name":"SPRINGFIELD PIKE & CHARLOTTE AVE"},"geometry":{"type":"Point","coordinates":[-84.471397,39.241184]}},{"type":"Feature","properties":{"stop_id":"SPRCHAMi","stop_name":"SPRING GROVE AVE & CHAMBERS ST"},"geometry":{"type":"Point","coordinates":[-84.533546,39.159821]}},{"type":"Feature","properties":{"stop_id":"SPRCHEi","stop_name":"SPRINGFIELD PIKE & CHESTNUT AVE"},"geometry":{"type":"Point","coordinates":[-84.471779,39.23703]}},{"type":"Feature","properties":{"stop_id":"SPRCHEo","stop_name":"SPRINGFIELD PIKE & CHESTNUT AVE"},"geometry":{"type":"Point","coordinates":[-84.471649,39.237221]}},{"type":"Feature","properties":{"stop_id":"SPRCOLo","stop_name":"SPRING GROVE AVE & COLERAIN AVE"},"geometry":{"type":"Point","coordinates":[-84.541954,39.154251]}},{"type":"Feature","properties":{"stop_id":"SPRCOMi","stop_name":"SPRINGFIELD PIKE & COMPTON RD"},"geometry":{"type":"Point","coordinates":[-84.473907,39.215698]}},{"type":"Feature","properties":{"stop_id":"SPRCOOo","stop_name":"SPRING GROVE AVE & COOPER ST"},"geometry":{"type":"Point","coordinates":[-84.540123,39.157413]}},{"type":"Feature","properties":{"stop_id":"SPRCRAi","stop_name":"SPRING GROVE AVE & CRAWFORD AVE"},"geometry":{"type":"Point","coordinates":[-84.529083,39.160965]}},{"type":"Feature","properties":{"stop_id":"SPRCRAo","stop_name":"SPRING GROVE AVE & CRAWFORD AVE"},"geometry":{"type":"Point","coordinates":[-84.528732,39.160946]}},{"type":"Feature","properties":{"stop_id":"SPRDRAi","stop_name":"SPRING GROVE AVE & DRAPER ST"},"geometry":{"type":"Point","coordinates":[-84.536293,39.127743]}},{"type":"Feature","properties":{"stop_id":"SPRELMi","stop_name":"SPRING GROVE AVE & ELMORE ST"},"geometry":{"type":"Point","coordinates":[-84.541245,39.155895]}},{"type":"Feature","properties":{"stop_id":"SPRFCHAo","stop_name":"SPRINGFIELD PIKE & CHARLOTTE AVE"},"geometry":{"type":"Point","coordinates":[-84.471298,39.240891]}},{"type":"Feature","properties":{"stop_id":"SPRGLEi","stop_name":"SPRINGFIELD PIKE & GLENDALE MILFORD"},"geometry":{"type":"Point","coordinates":[-84.469894,39.257484]}},{"type":"Feature","properties":{"stop_id":"SPRGROi","stop_name":"SPRINGFIELD PIKE & GROVE RD"},"geometry":{"type":"Point","coordinates":[-84.470734,39.248184]}},{"type":"Feature","properties":{"stop_id":"SPRGRUi","stop_name":"SPRINGFIELD PIKE & GRUENINGER"},"geometry":{"type":"Point","coordinates":[-84.470154,39.254787]}},{"type":"Feature","properties":{"stop_id":"SPRGRUo","stop_name":"SPRINGFIELD PIKE & GRUENINGER"},"geometry":{"type":"Point","coordinates":[-84.469963,39.2547]}},{"type":"Feature","properties":{"stop_id":"SPRHARe","stop_name":"SPRING GROVE AVE & HARRISON AVE"},"geometry":{"type":"Point","coordinates":[-84.536186,39.123634]}},{"type":"Feature","properties":{"stop_id":"SPRHARo","stop_name":"SPRING GROVE AVE & HARRISON AVE"},"geometry":{"type":"Point","coordinates":[-84.536034,39.122887]}},{"type":"Feature","properties":{"stop_id":"SPRIBECi","stop_name":"SPRINGFIELD PIKE & BECKHAM WAY"},"geometry":{"type":"Point","coordinates":[-84.482895,39.278713]}},{"type":"Feature","properties":{"stop_id":"SPRIGROo","stop_name":"SPRINGFIELD PIKE & GROVE RD"},"geometry":{"type":"Point","coordinates":[-84.470642,39.247826]}},{"type":"Feature","properties":{"stop_id":"SPRIMADo","stop_name":"SPRING GROVE AVE & MAD ANTHONY S"},"geometry":{"type":"Point","coordinates":[-84.535057,39.159756]}},{"type":"Feature","properties":{"stop_id":"SPRIMARo","stop_name":"SPRINGFIELD PIKE & MARION RD"},"geometry":{"type":"Point","coordinates":[-84.470222,39.251915]}},{"type":"Feature","properties":{"stop_id":"SPRIMILi","stop_name":"SPRING GROVE AVE & MILLCREEK RD"},"geometry":{"type":"Point","coordinates":[-84.542549,39.15361]}},{"type":"Feature","properties":{"stop_id":"SPRMADi","stop_name":"SPRING GROVE AVE & MAD ANTHONY ST"},"geometry":{"type":"Point","coordinates":[-84.535118,39.159916]}},{"type":"Feature","properties":{"stop_id":"SPRMARi","stop_name":"SPRINGFIELD PIKE & MARION RD"},"geometry":{"type":"Point","coordinates":[-84.470406,39.25211]}},{"type":"Feature","properties":{"stop_id":"SPRMARo","stop_name":"SPRING GROVE AVE & MARSHALL AVE"},"geometry":{"type":"Point","coordinates":[-84.537125,39.132324]}},{"type":"Feature","properties":{"stop_id":"SPRMCLi","stop_name":"SPRINGFIELD PIKE & MCLEAN AVE"},"geometry":{"type":"Point","coordinates":[-84.470963,39.246212]}},{"type":"Feature","properties":{"stop_id":"SPRMCLo","stop_name":"SPRINGFIELD PIKE & MCLEAN AVE"},"geometry":{"type":"Point","coordinates":[-84.470779,39.246246]}},{"type":"Feature","properties":{"stop_id":"SPRNORi","stop_name":"SPRINGFIELD PIKE & NORTHLAND BLVD"},"geometry":{"type":"Point","coordinates":[-84.485222,39.281528]}},{"type":"Feature","properties":{"stop_id":"SPRNORo","stop_name":"SPRINGFIELD PIKE & NORTHLAND BLVD"},"geometry":{"type":"Point","coordinates":[-84.485069,39.281715]}},{"type":"Feature","properties":{"stop_id":"SPRPENi","stop_name":"SPRINGFIELD PIKE & PENDERY AVE"},"geometry":{"type":"Point","coordinates":[-84.472267,39.232307]}},{"type":"Feature","properties":{"stop_id":"SPRPENo","stop_name":"SPRINGFIELD PIKE & PENDERY AVE"},"geometry":{"type":"Point","coordinates":[-84.472084,39.232071]}},{"type":"Feature","properties":{"stop_id":"SPRPOWi","stop_name":"SPRING GROVE AVE & POWERS ST"},"geometry":{"type":"Point","coordinates":[-84.540649,39.157032]}},{"type":"Feature","properties":{"stop_id":"SPRRALo","stop_name":"SPRING GROVE AVE & RALSTON AVE"},"geometry":{"type":"Point","coordinates":[-84.541985,39.151852]}},{"type":"Feature","properties":{"stop_id":"SPRRIDo","stop_name":"SPRINGFIELD PIKE & RIDDLE RD"},"geometry":{"type":"Point","coordinates":[-84.470079,39.253809]}},{"type":"Feature","properties":{"stop_id":"SPRRITi","stop_name":"SPRINGFIELD PIKE & RITCHIE AVE"},"geometry":{"type":"Point","coordinates":[-84.471649,39.238895]}},{"type":"Feature","properties":{"stop_id":"SPRROLi","stop_name":"SPRINGFIELD PIKE & ROLLING HILLS DR"},"geometry":{"type":"Point","coordinates":[-84.471283,39.24292]}},{"type":"Feature","properties":{"stop_id":"SPRROOo","stop_name":"SPRUCEHILL DR & ROOSEVELT AVE"},"geometry":{"type":"Point","coordinates":[-84.559631,39.274193]}},{"type":"Feature","properties":{"stop_id":"SPRSHAi","stop_name":"SPRINGFIELD PIKE & SHARON RD"},"geometry":{"type":"Point","coordinates":[-84.478477,39.2742]}},{"type":"Feature","properties":{"stop_id":"SPRSHAo","stop_name":"SPRINGFIELD PIKE & SHARON RD"},"geometry":{"type":"Point","coordinates":[-84.478256,39.274189]}},{"type":"Feature","properties":{"stop_id":"SPRShe","stop_name":"SPRINGFIELD PIKE & WOODSDALE AVE"},"geometry":{"type":"Point","coordinates":[-84.473991,39.214764]}},{"type":"Feature","properties":{"stop_id":"SPRSPRi","stop_name":"SPRING GROVE AVE & SPRING GROVE CEMETARY"},"geometry":{"type":"Point","coordinates":[-84.522812,39.164524]}},{"type":"Feature","properties":{"stop_id":"SPRSPRo","stop_name":"SPRING GROVE AVE & SPRING GROVE CEMETARY"},"geometry":{"type":"Point","coordinates":[-84.522346,39.164433]}},{"type":"Feature","properties":{"stop_id":"SPRSTAi","stop_name":"SPRING GROVE AVE & STATION AVE"},"geometry":{"type":"Point","coordinates":[-84.518524,39.164864]}},{"type":"Feature","properties":{"stop_id":"SPRSTRi","stop_name":"SPRING GROVE AVE & STRAIGHT ST"},"geometry":{"type":"Point","coordinates":[-84.536865,39.130383]}},{"type":"Feature","properties":{"stop_id":"SPRSTRo","stop_name":"SPRING GROVE AVE & STRAIGHT ST"},"geometry":{"type":"Point","coordinates":[-84.536736,39.130783]}},{"type":"Feature","properties":{"stop_id":"SPRTERo","stop_name":"SPRINGFIELD PIKE & TERRACE DRIVE"},"geometry":{"type":"Point","coordinates":[-84.471107,39.242607]}},{"type":"Feature","properties":{"stop_id":"SPRTOWi","stop_name":"SPRINGFIELD PIKE & TOWNE COMMONS WAY"},"geometry":{"type":"Point","coordinates":[-84.469421,39.262905]}},{"type":"Feature","properties":{"stop_id":"SPRVALo","stop_name":"SPRINGFIELD PIKE & VALE AVE"},"geometry":{"type":"Point","coordinates":[-84.47142,39.239067]}},{"type":"Feature","properties":{"stop_id":"SPRWYOi","stop_name":"SPRINGFIELD PIKE & WYOMING AVE"},"geometry":{"type":"Point","coordinates":[-84.472816,39.226948]}},{"type":"Feature","properties":{"stop_id":"SPRWYOo","stop_name":"SPRINGFIELD PIKE & WYOMING AVE"},"geometry":{"type":"Point","coordinates":[-84.472572,39.227432]}},{"type":"Feature","properties":{"stop_id":"STA1211w","stop_name":"STATE AVE 1211"},"geometry":{"type":"Point","coordinates":[-84.551949,39.109894]}},{"type":"Feature","properties":{"stop_id":"STA1212e","stop_name":"STATE AVE 1212"},"geometry":{"type":"Point","coordinates":[-84.551674,39.110065]}},{"type":"Feature","properties":{"stop_id":"STA8THn","stop_name":"State Ave & 8th St Northbound"},"geometry":{"type":"Point","coordinates":[-84.553062,39.105515]}},{"type":"Feature","properties":{"stop_id":"STA8THs","stop_name":"State Ave & 8th St Southbound"},"geometry":{"type":"Point","coordinates":[-84.553223,39.105518]}},{"type":"Feature","properties":{"stop_id":"STAGESe","stop_name":"STATE AVE & GEST ST"},"geometry":{"type":"Point","coordinates":[-84.552353,39.107834]}},{"type":"Feature","properties":{"stop_id":"STAGESw","stop_name":"STATE AVE & GEST ST"},"geometry":{"type":"Point","coordinates":[-84.55246,39.108078]}},{"type":"Feature","properties":{"stop_id":"STAHOSo","stop_name":"STATE RD & HOSPITAL ENTRANCE"},"geometry":{"type":"Point","coordinates":[-84.348923,39.084442]}},{"type":"Feature","properties":{"stop_id":"STAKELi","stop_name":"STANLEY AVE & KELLOGG AVE"},"geometry":{"type":"Point","coordinates":[-84.439926,39.113777]}},{"type":"Feature","properties":{"stop_id":"STAKELo","stop_name":"STANLEY AVE AND KELLOGG AVE"},"geometry":{"type":"Point","coordinates":[-84.439568,39.113762]}},{"type":"Feature","properties":{"stop_id":"STALEHe","stop_name":"STATE AVE & LEHMAN RD"},"geometry":{"type":"Point","coordinates":[-84.546097,39.118767]}},{"type":"Feature","properties":{"stop_id":"STALEHw","stop_name":"STATE AVE & LEHMAN RD"},"geometry":{"type":"Point","coordinates":[-84.54641,39.118622]}},{"type":"Feature","properties":{"stop_id":"STALIBe","stop_name":"STATE AVE & LIBERTY ST"},"geometry":{"type":"Point","coordinates":[-84.549103,39.115475]}},{"type":"Feature","properties":{"stop_id":"STALIBw","stop_name":"STATE AVE & LIBERTY ST"},"geometry":{"type":"Point","coordinates":[-84.54966,39.115067]}},{"type":"Feature","properties":{"stop_id":"STAMISe","stop_name":"STATE AVE & MISTLETOE AVE"},"geometry":{"type":"Point","coordinates":[-84.550713,39.111973]}},{"type":"Feature","properties":{"stop_id":"STAMISw","stop_name":"STATE AVE & MISTLETOE AVE"},"geometry":{"type":"Point","coordinates":[-84.550812,39.11211]}},{"type":"Feature","properties":{"stop_id":"STASTOi","stop_name":"STATE AVE & STORRS ST"},"geometry":{"type":"Point","coordinates":[-84.553726,39.103401]}},{"type":"Feature","properties":{"stop_id":"STASTOo","stop_name":"STATE AVE & STORRS ST"},"geometry":{"type":"Point","coordinates":[-84.553894,39.103363]}},{"type":"Feature","properties":{"stop_id":"STELEGo","stop_name":"STEFFEN AVE & LEGGETT ST"},"geometry":{"type":"Point","coordinates":[-84.457611,39.239418]}},{"type":"Feature","properties":{"stop_id":"STRDUTi","stop_name":"STRAND LN & DUTCH COLONY DR"},"geometry":{"type":"Point","coordinates":[-84.510628,39.188557]}},{"type":"Feature","properties":{"stop_id":"STRHOLi","stop_name":"STRAND LN & HOLLAND DR"},"geometry":{"type":"Point","coordinates":[-84.512779,39.187531]}},{"type":"Feature","properties":{"stop_id":"STRHOLo","stop_name":"STRAND LN & HOLLAND DR"},"geometry":{"type":"Point","coordinates":[-84.512909,39.187672]}},{"type":"Feature","properties":{"stop_id":"STRWINo","stop_name":"STRAND LN & WINNESTE AVE"},"geometry":{"type":"Point","coordinates":[-84.514359,39.187332]}},{"type":"Feature","properties":{"stop_id":"STXe","stop_name":"ST XAVIER HIGH SCHOOL"},"geometry":{"type":"Point","coordinates":[-84.504593,39.207413]}},{"type":"Feature","properties":{"stop_id":"STXw","stop_name":"ST XAVIER HIGH SCHOOL"},"geometry":{"type":"Point","coordinates":[-84.50428,39.207546]}},{"type":"Feature","properties":{"stop_id":"SU2000i","stop_name":"SUTTER AVE 2000"},"geometry":{"type":"Point","coordinates":[-84.558388,39.141674]}},{"type":"Feature","properties":{"stop_id":"SUMREAe","stop_name":"SUMMIT RD & READING RD"},"geometry":{"type":"Point","coordinates":[-84.45649,39.20237]}},{"type":"Feature","properties":{"stop_id":"SUMREAw","stop_name":"SUMMIT RD & READING RD"},"geometry":{"type":"Point","coordinates":[-84.456688,39.202461]}},{"type":"Feature","properties":{"stop_id":"SUMSUMn","stop_name":"SUMMIT PL & SUMMIT PKWY"},"geometry":{"type":"Point","coordinates":[-84.384529,39.250824]}},{"type":"Feature","properties":{"stop_id":"SUMSUMs","stop_name":"SUMMIT PL & SUMMIT PKWY"},"geometry":{"type":"Point","coordinates":[-84.384483,39.250507]}},{"type":"Feature","properties":{"stop_id":"SUNSTWn","stop_name":"SUNSET AVE & ST WILLIAMS AVE"},"geometry":{"type":"Point","coordinates":[-84.585602,39.108498]}},{"type":"Feature","properties":{"stop_id":"SUNSTWs","stop_name":"SUNSET AVE & ST WILLIAMS AVE"},"geometry":{"type":"Point","coordinates":[-84.585739,39.108318]}},{"type":"Feature","properties":{"stop_id":"SUNWESn","stop_name":"SUNSET AVE & WESTHAVEN AVE"},"geometry":{"type":"Point","coordinates":[-84.585213,39.112286]}},{"type":"Feature","properties":{"stop_id":"SUNWESs","stop_name":"SUNSET AVE & WESTHAVEN AVE"},"geometry":{"type":"Point","coordinates":[-84.585281,39.11272]}},{"type":"Feature","properties":{"stop_id":"SUTBENi","stop_name":"SUTTON AVE & BENNEVILLE ST"},"geometry":{"type":"Point","coordinates":[-84.389931,39.088406]}},{"type":"Feature","properties":{"stop_id":"SUTBENo","stop_name":"SUTTON AVE & BENNEVILLE ST"},"geometry":{"type":"Point","coordinates":[-84.390167,39.088219]}},{"type":"Feature","properties":{"stop_id":"SUTBLEi","stop_name":"SUTTER AVE & BLEECKER LN"},"geometry":{"type":"Point","coordinates":[-84.556541,39.138039]}},{"type":"Feature","properties":{"stop_id":"SUTBOLi","stop_name":"SUTTER AVE & BOLTWOOD CT"},"geometry":{"type":"Point","coordinates":[-84.557137,39.14032]}},{"type":"Feature","properties":{"stop_id":"SUTBOLo","stop_name":"SUTTER AVE & BOLTWOOD CT"},"geometry":{"type":"Point","coordinates":[-84.557297,39.140179]}},{"type":"Feature","properties":{"stop_id":"SUTCAMa","stop_name":"SUTTON AVE & CAMPUS LN"},"geometry":{"type":"Point","coordinates":[-84.389755,39.091511]}},{"type":"Feature","properties":{"stop_id":"SUTCAMBi","stop_name":"SUTTON AVE & CAMBRIDGE AVE"},"geometry":{"type":"Point","coordinates":[-84.390427,39.084831]}},{"type":"Feature","properties":{"stop_id":"SUTCAMBo","stop_name":"SUTTON AVE & CAMBRIDGE AVE"},"geometry":{"type":"Point","coordinates":[-84.390549,39.085072]}},{"type":"Feature","properties":{"stop_id":"SUTCAMi","stop_name":"SUTTON AVE & CAMPUS LN"},"geometry":{"type":"Point","coordinates":[-84.389534,39.091583]}},{"type":"Feature","properties":{"stop_id":"SUTGLAi","stop_name":"SUTTON AVE & GLADE AVE"},"geometry":{"type":"Point","coordinates":[-84.391129,39.081055]}},{"type":"Feature","properties":{"stop_id":"SUTHEIo","stop_name":"SUTTON AVE & HEIS TER"},"geometry":{"type":"Point","coordinates":[-84.391258,39.081375]}},{"type":"Feature","properties":{"stop_id":"SUTLERi","stop_name":"SUTTON AVE & LE ROY PL"},"geometry":{"type":"Point","coordinates":[-84.391747,39.076481]}},{"type":"Feature","properties":{"stop_id":"SUTLUWi","stop_name":"SUTTON AVE & LUWISTA LN"},"geometry":{"type":"Point","coordinates":[-84.39151,39.078381]}},{"type":"Feature","properties":{"stop_id":"SUTLUWo","stop_name":"SUTTON AVE & LUWISTA LN"},"geometry":{"type":"Point","coordinates":[-84.391724,39.078396]}},{"type":"Feature","properties":{"stop_id":"SUTMORi","stop_name":"SUTTON AVE & MORROW ST"},"geometry":{"type":"Point","coordinates":[-84.389763,39.090172]}},{"type":"Feature","properties":{"stop_id":"SUTSTAi","stop_name":"SUTTON AVE & STANHILL CT"},"geometry":{"type":"Point","coordinates":[-84.390144,39.086704]}},{"type":"Feature","properties":{"stop_id":"SUTSTAo","stop_name":"SUTTON AVE & STANHILL CT"},"geometry":{"type":"Point","coordinates":[-84.390388,39.086445]}},{"type":"Feature","properties":{"stop_id":"SUTVIRi","stop_name":"SUTTON AVE & VIRBET DR"},"geometry":{"type":"Point","coordinates":[-84.390556,39.083305]}},{"type":"Feature","properties":{"stop_id":"SUTVIRo","stop_name":"SUTTON AVE & VIRBET DR"},"geometry":{"type":"Point","coordinates":[-84.390823,39.082859]}},{"type":"Feature","properties":{"stop_id":"SUTWAYo","stop_name":"SUTTON AVE & WAYSIDE AVE"},"geometry":{"type":"Point","coordinates":[-84.389908,39.090103]}},{"type":"Feature","properties":{"stop_id":"SUTWESo","stop_name":"SUTTER AVE & WESTWOOD NORTHERN BLVD"},"geometry":{"type":"Point","coordinates":[-84.560158,39.143826]}},{"type":"Feature","properties":{"stop_id":"SUTWWNi","stop_name":"SUTTER AVE & WESTWOOD NORTHERN BLVD"},"geometry":{"type":"Point","coordinates":[-84.559914,39.143814]}},{"type":"Feature","properties":{"stop_id":"SYC12THi","stop_name":"SYCAMORE ST & 12TH ST"},"geometry":{"type":"Point","coordinates":[-84.510193,39.109589]}},{"type":"Feature","properties":{"stop_id":"SYC14THi","stop_name":"SYCAMORE ST & 14TH ST"},"geometry":{"type":"Point","coordinates":[-84.510689,39.111492]}},{"type":"Feature","properties":{"stop_id":"SYC4THi","stop_name":"SYCAMORE ST & 4TH ST"},"geometry":{"type":"Point","coordinates":[-84.507935,39.100742]}},{"type":"Feature","properties":{"stop_id":"SYC5THi","stop_name":"SYCAMORE ST & 5TH ST"},"geometry":{"type":"Point","coordinates":[-84.508263,39.101994]}},{"type":"Feature","properties":{"stop_id":"SYC6THi","stop_name":"SYCAMORE ST & 6TH ST"},"geometry":{"type":"Point","coordinates":[-84.508614,39.103428]}},{"type":"Feature","properties":{"stop_id":"SYC7THi","stop_name":"SYCAMORE ST & 7TH ST"},"geometry":{"type":"Point","coordinates":[-84.508823,39.10444]}},{"type":"Feature","properties":{"stop_id":"SYCALDi","stop_name":"SYCAMORE ST & ALDEN ALY"},"geometry":{"type":"Point","coordinates":[-84.509216,39.105713]}},{"type":"Feature","properties":{"stop_id":"SYCCOUi","stop_name":"SYCAMORE ST & COURT ST"},"geometry":{"type":"Point","coordinates":[-84.509506,39.106853]}},{"type":"Feature","properties":{"stop_id":"SYCREAi","stop_name":"SYCAMORE ST & READING RD"},"geometry":{"type":"Point","coordinates":[-84.509918,39.10844]}},{"type":"Feature","properties":{"stop_id":"SYL1965i","stop_name":"SYLVED LN 1965"},"geometry":{"type":"Point","coordinates":[-84.622131,39.127934]}},{"type":"Feature","properties":{"stop_id":"SYL2050o","stop_name":"SYLVED LN 2050"},"geometry":{"type":"Point","coordinates":[-84.621796,39.129166]}},{"type":"Feature","properties":{"stop_id":"SYLLINi","stop_name":"SYLVED LN & LINNEHILL LN"},"geometry":{"type":"Point","coordinates":[-84.62162,39.132877]}},{"type":"Feature","properties":{"stop_id":"SYLMUDo","stop_name":"SYLVED LN & MUDDY CREEK RD"},"geometry":{"type":"Point","coordinates":[-84.621391,39.134048]}},{"type":"Feature","properties":{"stop_id":"SYLSIDi","stop_name":"SYLVED LN & SIDNEY AVE"},"geometry":{"type":"Point","coordinates":[-84.622246,39.126938]}},{"type":"Feature","properties":{"stop_id":"TAFBELLi","stop_name":"TAFT RD & BELL PL"},"geometry":{"type":"Point","coordinates":[-84.481651,39.127327]}},{"type":"Feature","properties":{"stop_id":"TAFEDEw","stop_name":"TAFT RD & EDEN AVE"},"geometry":{"type":"Point","coordinates":[-84.50605,39.128151]}},{"type":"Feature","properties":{"stop_id":"TAFESSw","stop_name":"TAFT RD & ESSEX ST"},"geometry":{"type":"Point","coordinates":[-84.497986,39.128284]}},{"type":"Feature","properties":{"stop_id":"TAFEUCw","stop_name":"TAFT RD & EUCLID AVE"},"geometry":{"type":"Point","coordinates":[-84.509026,39.127731]}},{"type":"Feature","properties":{"stop_id":"TAFHIGw","stop_name":"TAFT RD & HIGHLAND AVE"},"geometry":{"type":"Point","coordinates":[-84.502991,39.128693]}},{"type":"Feature","properties":{"stop_id":"TAFKEMi","stop_name":"TAFT RD & KEMPER LN"},"geometry":{"type":"Point","coordinates":[-84.487617,39.127396]}},{"type":"Feature","properties":{"stop_id":"TAFMAYw","stop_name":"TAFT RD & MAY ST"},"geometry":{"type":"Point","coordinates":[-84.494843,39.127937]}},{"type":"Feature","properties":{"stop_id":"TAFMELw","stop_name":"TAFT RD & MELROSE AVE"},"geometry":{"type":"Point","coordinates":[-84.491013,39.127605]}},{"type":"Feature","properties":{"stop_id":"TAFPARi","stop_name":"TAFT RD & PARK AVE"},"geometry":{"type":"Point","coordinates":[-84.485901,39.127266]}},{"type":"Feature","properties":{"stop_id":"TAFREAa","stop_name":"TAFT RD & READING RD"},"geometry":{"type":"Point","coordinates":[-84.499504,39.128674]}},{"type":"Feature","properties":{"stop_id":"TAFTGILw","stop_name":"TAFT RD & GILBERT AVE"},"geometry":{"type":"Point","coordinates":[-84.489182,39.127491]}},{"type":"Feature","properties":{"stop_id":"TAFVICi","stop_name":"TAFT RD & VICTORY PKWY"},"geometry":{"type":"Point","coordinates":[-84.484238,39.127174]}},{"type":"Feature","properties":{"stop_id":"TAFVINw","stop_name":"TAFT RD & VINE ST"},"geometry":{"type":"Point","coordinates":[-84.510925,39.128063]}},{"type":"Feature","properties":{"stop_id":"TENFISi","stop_name":"TENNESSEE AVE & FISCHER PL"},"geometry":{"type":"Point","coordinates":[-84.483711,39.168949]}},{"type":"Feature","properties":{"stop_id":"TENPADi","stop_name":"TENNESSEE AVE & PADDOCK RD"},"geometry":{"type":"Point","coordinates":[-84.479538,39.168522]}},{"type":"Feature","properties":{"stop_id":"TENPADo","stop_name":"TENNESSEE AV & PADDOCK RD"},"geometry":{"type":"Point","coordinates":[-84.480415,39.168461]}},{"type":"Feature","properties":{"stop_id":"TOWANDe","stop_name":"TOWN CENTER WAY & ANDERSON PARK AND RIDE"},"geometry":{"type":"Point","coordinates":[-84.349434,39.077497]}},{"type":"Feature","properties":{"stop_id":"TRI3416e","stop_name":"3416 TRIMBLE AVE"},"geometry":{"type":"Point","coordinates":[-84.466827,39.138634]}},{"type":"Feature","properties":{"stop_id":"TRICLAe","stop_name":"TRIMBLE AVE & CLARION AVE"},"geometry":{"type":"Point","coordinates":[-84.466148,39.14431]}},{"type":"Feature","properties":{"stop_id":"TRICRAw","stop_name":"TRIMBLE AVE & CRANE AVE"},"geometry":{"type":"Point","coordinates":[-84.466766,39.140518]}},{"type":"Feature","properties":{"stop_id":"TRIDANn","stop_name":"TRIMBLE AVE & DANA AVE"},"geometry":{"type":"Point","coordinates":[-84.465965,39.146023]}},{"type":"Feature","properties":{"stop_id":"TRIDUCe","stop_name":"TRIMBLE AVE & DUCK CREEK RD"},"geometry":{"type":"Point","coordinates":[-84.46653,39.141369]}},{"type":"Feature","properties":{"stop_id":"TRIHEWw","stop_name":"TRIMBLE AVE & HEWITT AVE"},"geometry":{"type":"Point","coordinates":[-84.467117,39.137306]}},{"type":"Feature","properties":{"stop_id":"UTP&Ro","stop_name":"UNION TOWNSHIP P&R - AICHOLTZ RD"},"geometry":{"type":"Point","coordinates":[-84.275774,39.09205]}},{"type":"Feature","properties":{"stop_id":"VANMADi","stop_name":"VANDERCAR WAY & MADISON RD"},"geometry":{"type":"Point","coordinates":[-84.423058,39.157761]}},{"type":"Feature","properties":{"stop_id":"VANMADw","stop_name":"VANDECAR WY & MADISON RD"},"geometry":{"type":"Point","coordinates":[-84.423271,39.1581]}},{"type":"Feature","properties":{"stop_id":"VETo","stop_name":"VETERANS AFFAIRS MEDICAL"},"geometry":{"type":"Point","coordinates":[-84.509308,39.13937]}},{"type":"Feature","properties":{"stop_id":"VIC2621e","stop_name":"Victory Parkway 2621 EOL"},"geometry":{"type":"Point","coordinates":[-84.484367,39.127892]}},{"type":"Feature","properties":{"stop_id":"VIN12THo","stop_name":"VINE ST & 12TH ST"},"geometry":{"type":"Point","coordinates":[-84.514702,39.108475]}},{"type":"Feature","properties":{"stop_id":"VIN15THo","stop_name":"VINE ST & 15TH ST"},"geometry":{"type":"Point","coordinates":[-84.515526,39.111694]}},{"type":"Feature","properties":{"stop_id":"VIN2120o","stop_name":"VINE ST 2120"},"geometry":{"type":"Point","coordinates":[-84.516502,39.120289]}},{"type":"Feature","properties":{"stop_id":"VIN2121i","stop_name":"VINE ST 2121"},"geometry":{"type":"Point","coordinates":[-84.516747,39.120338]}},{"type":"Feature","properties":{"stop_id":"VIN2258o","stop_name":"VINE ST 2258"},"geometry":{"type":"Point","coordinates":[-84.514641,39.122768]}},{"type":"Feature","properties":{"stop_id":"VIN2260i","stop_name":"VINE ST 2260"},"geometry":{"type":"Point","coordinates":[-84.514938,39.122501]}},{"type":"Feature","properties":{"stop_id":"VIN3444o","stop_name":"VINE ST 3444"},"geometry":{"type":"Point","coordinates":[-84.510529,39.143764]}},{"type":"Feature","properties":{"stop_id":"VIN3460i","stop_name":"VINE ST 3460"},"geometry":{"type":"Point","coordinates":[-84.510277,39.143238]}},{"type":"Feature","properties":{"stop_id":"VIN3765o","stop_name":"VINE ST 3765"},"geometry":{"type":"Point","coordinates":[-84.506859,39.153503]}},{"type":"Feature","properties":{"stop_id":"VIN3766i","stop_name":"VINE ST 3766"},"geometry":{"type":"Point","coordinates":[-84.507675,39.152832]}},{"type":"Feature","properties":{"stop_id":"VIN4THi","stop_name":"VINE ST & 4TH ST"},"geometry":{"type":"Point","coordinates":[-84.512497,39.099758]}},{"type":"Feature","properties":{"stop_id":"VIN5350i","stop_name":"VINE ST 5350"},"geometry":{"type":"Point","coordinates":[-84.496859,39.175117]}},{"type":"Feature","properties":{"stop_id":"VIN5351o","stop_name":"VINE ST 5351"},"geometry":{"type":"Point","coordinates":[-84.496642,39.175384]}},{"type":"Feature","properties":{"stop_id":"VIN5524o","stop_name":"VINE ST 5524"},"geometry":{"type":"Point","coordinates":[-84.493217,39.181606]}},{"type":"Feature","properties":{"stop_id":"VIN66THi","stop_name":"VINE ST & 66TH ST"},"geometry":{"type":"Point","coordinates":[-84.484856,39.189911]}},{"type":"Feature","properties":{"stop_id":"VIN66THo","stop_name":"VINE ST & 66TH ST"},"geometry":{"type":"Point","coordinates":[-84.484749,39.189873]}},{"type":"Feature","properties":{"stop_id":"VIN69THi","stop_name":"VINE ST & 69TH ST"},"geometry":{"type":"Point","coordinates":[-84.482277,39.192406]}},{"type":"Feature","properties":{"stop_id":"VIN69THo","stop_name":"VINE ST & 69TH ST"},"geometry":{"type":"Point","coordinates":[-84.482201,39.192303]}},{"type":"Feature","properties":{"stop_id":"VIN6THo","stop_name":"VINE ST & 6TH ST"},"geometry":{"type":"Point","coordinates":[-84.513277,39.102649]}},{"type":"Feature","properties":{"stop_id":"VIN7750o","stop_name":"VINE ST 7750"},"geometry":{"type":"Point","coordinates":[-84.47506,39.201626]}},{"type":"Feature","properties":{"stop_id":"VIN77o","stop_name":"VINE ST & 77TH ST"},"geometry":{"type":"Point","coordinates":[-84.475197,39.200207]}},{"type":"Feature","properties":{"stop_id":"VIN77THi","stop_name":"VINE ST & 77TH ST"},"geometry":{"type":"Point","coordinates":[-84.47541,39.200172]}},{"type":"Feature","properties":{"stop_id":"VIN8THo","stop_name":"VINE ST & 8TH ST"},"geometry":{"type":"Point","coordinates":[-84.513634,39.104256]}},{"type":"Feature","properties":{"stop_id":"VIN9THo","stop_name":"VINE ST & 9TH ST"},"geometry":{"type":"Point","coordinates":[-84.513916,39.105301]}},{"type":"Feature","properties":{"stop_id":"VINBEEi","stop_name":"VINE ST & BEECH AVE"},"geometry":{"type":"Point","coordinates":[-84.486328,39.188629]}},{"type":"Feature","properties":{"stop_id":"VINBEEo","stop_name":"VINE ST & BEECH AVE"},"geometry":{"type":"Point","coordinates":[-84.486115,39.18856]}},{"type":"Feature","properties":{"stop_id":"VINBELo","stop_name":"VINE ST & BELDARE AVE"},"geometry":{"type":"Point","coordinates":[-84.511726,39.144951]}},{"type":"Feature","properties":{"stop_id":"VINBERi","stop_name":"VINE ST & BERTUS ST"},"geometry":{"type":"Point","coordinates":[-84.502663,39.16457]}},{"type":"Feature","properties":{"stop_id":"VINBERo","stop_name":"VINE ST & BERTUS ST"},"geometry":{"type":"Point","coordinates":[-84.501976,39.16486]}},{"type":"Feature","properties":{"stop_id":"VINCALi","stop_name":"VINE ST & CALDWELL DR"},"geometry":{"type":"Point","coordinates":[-84.474724,39.207291]}},{"type":"Feature","properties":{"stop_id":"VINCALo","stop_name":"VINE ST & CALDWELL DR"},"geometry":{"type":"Point","coordinates":[-84.474503,39.207336]}},{"type":"Feature","properties":{"stop_id":"VINCENo","stop_name":"VINE ST & CENTRAL PKWY"},"geometry":{"type":"Point","coordinates":[-84.514293,39.106878]}},{"type":"Feature","properties":{"stop_id":"VINCHUi","stop_name":"VINE ST & CHURCH ST"},"geometry":{"type":"Point","coordinates":[-84.499825,39.166397]}},{"type":"Feature","properties":{"stop_id":"VINCHUo","stop_name":"VINE ST & CHURCH ST"},"geometry":{"type":"Point","coordinates":[-84.500229,39.166016]}},{"type":"Feature","properties":{"stop_id":"VINCLIi","stop_name":"VINE ST & CLIFTON AVE"},"geometry":{"type":"Point","coordinates":[-84.517296,39.117966]}},{"type":"Feature","properties":{"stop_id":"VINCLINi","stop_name":"VINE ST & CLINTON SPRINGS AVE"},"geometry":{"type":"Point","coordinates":[-84.50518,39.157795]}},{"type":"Feature","properties":{"stop_id":"VINCLINo","stop_name":"VINE ST & CLINTON SPRINGS AVE"},"geometry":{"type":"Point","coordinates":[-84.504967,39.157948]}},{"type":"Feature","properties":{"stop_id":"VINCLIo","stop_name":"VINE ST & CLIFTON AVE"},"geometry":{"type":"Point","coordinates":[-84.51709,39.117996]}},{"type":"Feature","properties":{"stop_id":"VINDECi","stop_name":"VINE ST & DE CAMP AVE"},"geometry":{"type":"Point","coordinates":[-84.474876,39.205704]}},{"type":"Feature","properties":{"stop_id":"VINDECo","stop_name":"VINE ST & DE CAMP AVE"},"geometry":{"type":"Point","coordinates":[-84.47467,39.206123]}},{"type":"Feature","properties":{"stop_id":"VINEHRi","stop_name":"VINE ST & EHRMAN AVE"},"geometry":{"type":"Point","coordinates":[-84.508965,39.15189]}},{"type":"Feature","properties":{"stop_id":"VINEHRo","stop_name":"VINE ST & EHRMAN AVE"},"geometry":{"type":"Point","coordinates":[-84.509224,39.151573]}},{"type":"Feature","properties":{"stop_id":"VINELDi","stop_name":"VINE & ELDER"},"geometry":{"type":"Point","coordinates":[-84.516663,39.115433]}},{"type":"Feature","properties":{"stop_id":"VINELDo","stop_name":"VINE ST & ELDER ST"},"geometry":{"type":"Point","coordinates":[-84.516487,39.115559]}},{"type":"Feature","properties":{"stop_id":"VINERKi","stop_name":"VINE ST & ERKENBRECHER AVE"},"geometry":{"type":"Point","coordinates":[-84.509537,39.142509]}},{"type":"Feature","properties":{"stop_id":"VINERKo","stop_name":"VINE ST & ERKENBRECHER AVE"},"geometry":{"type":"Point","coordinates":[-84.50946,39.142685]}},{"type":"Feature","properties":{"stop_id":"VINFERo","stop_name":"VINE ST & FERNDALE AVE"},"geometry":{"type":"Point","coordinates":[-84.473892,39.213608]}},{"type":"Feature","properties":{"stop_id":"VINFORo","stop_name":"VINE ST & FOREST AVE"},"geometry":{"type":"Point","coordinates":[-84.511269,39.149525]}},{"type":"Feature","properties":{"stop_id":"VINGALi","stop_name":"Vine St & Galbraith Rd"},"geometry":{"type":"Point","coordinates":[-84.474297,39.212558]}},{"type":"Feature","properties":{"stop_id":"VINGLDi","stop_name":"VINE ST & GLENDALE AVE"},"geometry":{"type":"Point","coordinates":[-84.474388,39.211021]}},{"type":"Feature","properties":{"stop_id":"VINGLDo","stop_name":"VINE ST & GLENDALE AVE"},"geometry":{"type":"Point","coordinates":[-84.47422,39.211246]}},{"type":"Feature","properties":{"stop_id":"VINGLEi","stop_name":"VINE ST & GLENMARY AVE"},"geometry":{"type":"Point","coordinates":[-84.513542,39.145439]}},{"type":"Feature","properties":{"stop_id":"VINGLENi","stop_name":"VINE ST & GLENWOOD AVE"},"geometry":{"type":"Point","coordinates":[-84.505867,39.155796]}},{"type":"Feature","properties":{"stop_id":"VINGLENo","stop_name":"VINE ST & GLENWOOD AVE"},"geometry":{"type":"Point","coordinates":[-84.505798,39.155529]}},{"type":"Feature","properties":{"stop_id":"VINGREEo","stop_name":"VINE ST & GREEN ST"},"geometry":{"type":"Point","coordinates":[-84.51619,39.114372]}},{"type":"Feature","properties":{"stop_id":"VINHILi","stop_name":"VINE ST & HILLSDALE AVE"},"geometry":{"type":"Point","coordinates":[-84.473755,39.217438]}},{"type":"Feature","properties":{"stop_id":"VINHILo","stop_name":"VINE ST & HILLSDALE AVE"},"geometry":{"type":"Point","coordinates":[-84.473557,39.217285]}},{"type":"Feature","properties":{"stop_id":"VINHOLi","stop_name":"VINE ST & HOLLISTER ST"},"geometry":{"type":"Point","coordinates":[-84.512947,39.12606]}},{"type":"Feature","properties":{"stop_id":"VINHOLo","stop_name":"VINE ST & HOLLISTER ST"},"geometry":{"type":"Point","coordinates":[-84.512962,39.125813]}},{"type":"Feature","properties":{"stop_id":"VININWi","stop_name":"VINE ST & INWOOD PARK"},"geometry":{"type":"Point","coordinates":[-84.513763,39.125141]}},{"type":"Feature","properties":{"stop_id":"VININWo","stop_name":"VINE ST & INWOOD PARK"},"geometry":{"type":"Point","coordinates":[-84.513725,39.125]}},{"type":"Feature","properties":{"stop_id":"VINKESi","stop_name":"VINE ST & KESSLER PL"},"geometry":{"type":"Point","coordinates":[-84.503494,39.163113]}},{"type":"Feature","properties":{"stop_id":"VINKESSo","stop_name":"VINE ST & KESSLER AVE"},"geometry":{"type":"Point","coordinates":[-84.503235,39.163177]}},{"type":"Feature","properties":{"stop_id":"VINLIBo","stop_name":"VINE ST & LIBERTY ST"},"geometry":{"type":"Point","coordinates":[-84.515877,39.113087]}},{"type":"Feature","properties":{"stop_id":"VINLINo","stop_name":"VINE ST & LINDEN ST"},"geometry":{"type":"Point","coordinates":[-84.488884,39.186096]}},{"type":"Feature","properties":{"stop_id":"VINMCMi","stop_name":"Vine St & McMillan St Southbound"},"geometry":{"type":"Point","coordinates":[-84.511398,39.127686]}},{"type":"Feature","properties":{"stop_id":"VINMCMo","stop_name":"Vine St & McMillan St Northbound"},"geometry":{"type":"Point","coordinates":[-84.511807,39.127058]}},{"type":"Feature","properties":{"stop_id":"VINMERi","stop_name":"VINE ST & MERZEN CT"},"geometry":{"type":"Point","coordinates":[-84.505333,39.156757]}},{"type":"Feature","properties":{"stop_id":"VINMERo","stop_name":"VINE ST & MERZEN CT"},"geometry":{"type":"Point","coordinates":[-84.505142,39.156651]}},{"type":"Feature","properties":{"stop_id":"VINMITi","stop_name":"VINE ST & MITCHELL AVE"},"geometry":{"type":"Point","coordinates":[-84.504471,39.160667]}},{"type":"Feature","properties":{"stop_id":"VINMITo","stop_name":"VINE ST & MITCHELL AVE"},"geometry":{"type":"Point","coordinates":[-84.504448,39.16016]}},{"type":"Feature","properties":{"stop_id":"VINMLKi","stop_name":"VINE ST & MARTIN LUTHER KING DR"},"geometry":{"type":"Point","coordinates":[-84.509315,39.13596]}},{"type":"Feature","properties":{"stop_id":"VINMURi","stop_name":"VINE ST & MURRAY RD"},"geometry":{"type":"Point","coordinates":[-84.49408,39.180901]}},{"type":"Feature","properties":{"stop_id":"VINNIXi","stop_name":"VINE ST & NIXON ST"},"geometry":{"type":"Point","coordinates":[-84.509605,39.137867]}},{"type":"Feature","properties":{"stop_id":"VINNIXo","stop_name":"VINE ST & NIXON ST"},"geometry":{"type":"Point","coordinates":[-84.509354,39.1376]}},{"type":"Feature","properties":{"stop_id":"VINNORi","stop_name":"VINE ST & NORTH BEND RD"},"geometry":{"type":"Point","coordinates":[-84.47728,39.197155]}},{"type":"Feature","properties":{"stop_id":"VINNORo","stop_name":"VINE ST & NORTH BEND RD"},"geometry":{"type":"Point","coordinates":[-84.477341,39.196869]}},{"type":"Feature","properties":{"stop_id":"VINRAIi","stop_name":"VINE ST & RAILROAD AVE"},"geometry":{"type":"Point","coordinates":[-84.496819,39.172638]}},{"type":"Feature","properties":{"stop_id":"VINRAIo","stop_name":"VINE ST & RAILROAD AVE"},"geometry":{"type":"Point","coordinates":[-84.496666,39.172531]}},{"type":"Feature","properties":{"stop_id":"VINROSi","stop_name":"VINE ST & ROSS AVE"},"geometry":{"type":"Point","coordinates":[-84.497513,39.169449]}},{"type":"Feature","properties":{"stop_id":"VINROSo","stop_name":"VINE ST & ROSS AVE"},"geometry":{"type":"Point","coordinates":[-84.497253,39.169662]}},{"type":"Feature","properties":{"stop_id":"VINRUTi","stop_name":"VINE ST & RUTHER AVE"},"geometry":{"type":"Point","coordinates":[-84.512749,39.144993]}},{"type":"Feature","properties":{"stop_id":"VINSEYi","stop_name":"VINE ST & SEYMOUR AVE"},"geometry":{"type":"Point","coordinates":[-84.479858,39.194702]}},{"type":"Feature","properties":{"stop_id":"VINSEYo","stop_name":"VINE ST & SEYMOUR AVE"},"geometry":{"type":"Point","coordinates":[-84.479889,39.194416]}},{"type":"Feature","properties":{"stop_id":"VINSHAi","stop_name":"VINE ST & SHADYBROOK DR"},"geometry":{"type":"Point","coordinates":[-84.474457,39.210026]}},{"type":"Feature","properties":{"stop_id":"VINSHAo","stop_name":"VINE ST & SHADYBROOK DR"},"geometry":{"type":"Point","coordinates":[-84.474304,39.209442]}},{"type":"Feature","properties":{"stop_id":"VINSHEo","stop_name":"VINE ST & SHEEHAN AVE"},"geometry":{"type":"Point","coordinates":[-84.473709,39.215454]}},{"type":"Feature","properties":{"stop_id":"VINSHIi","stop_name":"VINE ST & SHIELDS ST"},"geometry":{"type":"Point","coordinates":[-84.509392,39.140648]}},{"type":"Feature","properties":{"stop_id":"VINSHIo","stop_name":"VINE ST & SHIELDS ST"},"geometry":{"type":"Point","coordinates":[-84.509239,39.140724]}},{"type":"Feature","properties":{"stop_id":"VINSPRi","stop_name":"VINE ST & SPRING GROVE AVE"},"geometry":{"type":"Point","coordinates":[-84.496605,39.177227]}},{"type":"Feature","properties":{"stop_id":"VINSPRo","stop_name":"VINE ST & SPRING GROVE AVE"},"geometry":{"type":"Point","coordinates":[-84.4963,39.17775]}},{"type":"Feature","properties":{"stop_id":"VINTAFo","stop_name":"VINE ST & TAFT RD"},"geometry":{"type":"Point","coordinates":[-84.510994,39.127811]}},{"type":"Feature","properties":{"stop_id":"VINTHIi","stop_name":"VINE ST & THILL ST"},"geometry":{"type":"Point","coordinates":[-84.514558,39.123688]}},{"type":"Feature","properties":{"stop_id":"VINTHIo","stop_name":"VINE ST & THILL ST"},"geometry":{"type":"Point","coordinates":[-84.514421,39.123638]}},{"type":"Feature","properties":{"stop_id":"VINTOWEo","stop_name":"VINE ST & TOWER ST"},"geometry":{"type":"Point","coordinates":[-84.513298,39.146011]}},{"type":"Feature","properties":{"stop_id":"VINTOWi","stop_name":"VINE ST & TOWNSHIP AVE"},"geometry":{"type":"Point","coordinates":[-84.491104,39.184345]}},{"type":"Feature","properties":{"stop_id":"VINTOWo","stop_name":"VINE ST & TOWNSHIP AVE"},"geometry":{"type":"Point","coordinates":[-84.490578,39.184586]}},{"type":"Feature","properties":{"stop_id":"VINVAi","stop_name":"VINE ST & VETERANS AFFAIRS HOSPITAL"},"geometry":{"type":"Point","coordinates":[-84.50959,39.139297]}},{"type":"Feature","properties":{"stop_id":"VINWALi","stop_name":"VINE ST & WALNUT ST"},"geometry":{"type":"Point","coordinates":[-84.488708,39.186497]}},{"type":"Feature","properties":{"stop_id":"VINWASi","stop_name":"VINE ST & WASHINGTON AVE"},"geometry":{"type":"Point","coordinates":[-84.497627,39.168003]}},{"type":"Feature","properties":{"stop_id":"VINWASo","stop_name":"VINE ST & WASHINGTON AVE"},"geometry":{"type":"Point","coordinates":[-84.497414,39.168213]}},{"type":"Feature","properties":{"stop_id":"VINWESi","stop_name":"VINE ST & WEST ST"},"geometry":{"type":"Point","coordinates":[-84.512619,39.147736]}},{"type":"Feature","properties":{"stop_id":"VINWESo","stop_name":"VINE ST & WEST ST"},"geometry":{"type":"Point","coordinates":[-84.512444,39.147617]}},{"type":"Feature","properties":{"stop_id":"VINWOODo","stop_name":"VINE ST & WOODSDALE AVE"},"geometry":{"type":"Point","coordinates":[-84.4739,39.214542]}},{"type":"Feature","properties":{"stop_id":"VINWOOi","stop_name":"VINE ST & WOOLPER AVE"},"geometry":{"type":"Point","coordinates":[-84.51107,39.149925]}},{"type":"Feature","properties":{"stop_id":"WA10090n","stop_name":"10090 Wayne Ave Northbound"},"geometry":{"type":"Point","coordinates":[-84.464867,39.249252]}},{"type":"Feature","properties":{"stop_id":"WA10095s","stop_name":"10095 Wayne Ave Southbound"},"geometry":{"type":"Point","coordinates":[-84.46508,39.249458]}},{"type":"Feature","properties":{"stop_id":"WA10330n","stop_name":"10330 Wayne Ave Northbound"},"geometry":{"type":"Point","coordinates":[-84.464272,39.255127]}},{"type":"Feature","properties":{"stop_id":"WA10333s","stop_name":"10333 Wayne Ave Southbound"},"geometry":{"type":"Point","coordinates":[-84.464317,39.255703]}},{"type":"Feature","properties":{"stop_id":"WAL13THi","stop_name":"WALNUT ST & 13TH ST"},"geometry":{"type":"Point","coordinates":[-84.513557,39.109779]}},{"type":"Feature","properties":{"stop_id":"WAL14THi","stop_name":"WALNUT ST & 14TH ST"},"geometry":{"type":"Point","coordinates":[-84.513962,39.111252]}},{"type":"Feature","properties":{"stop_id":"WAL8THi","stop_name":"WALNUT ST & 8TH ST"},"geometry":{"type":"Point","coordinates":[-84.512299,39.104736]}},{"type":"Feature","properties":{"stop_id":"WALCENi","stop_name":"WALNUT ST & CENTRAL PKWY"},"geometry":{"type":"Point","coordinates":[-84.513,39.10746]}},{"type":"Feature","properties":{"stop_id":"WALCORi","stop_name":"WALNUT ST & CORWINE ST"},"geometry":{"type":"Point","coordinates":[-84.514442,39.113354]}},{"type":"Feature","properties":{"stop_id":"WALCOUi","stop_name":"WALNUT ST & COURT ST"},"geometry":{"type":"Point","coordinates":[-84.512764,39.10656]}},{"type":"Feature","properties":{"stop_id":"WALHILo","stop_name":"WALNUT HILLS HIGH SCHOOL - JONATHAN"},"geometry":{"type":"Point","coordinates":[-84.478004,39.142925]}},{"type":"Feature","properties":{"stop_id":"WAR2500o","stop_name":"WARSAW AVE 2500"},"geometry":{"type":"Point","coordinates":[-84.555634,39.109032]}},{"type":"Feature","properties":{"stop_id":"WAR2515i","stop_name":"WARSAW AVE 2515"},"geometry":{"type":"Point","coordinates":[-84.555889,39.109004]}},{"type":"Feature","properties":{"stop_id":"WARCARi","stop_name":"WARSAW AVE & CARSON AVE"},"geometry":{"type":"Point","coordinates":[-84.57354,39.111382]}},{"type":"Feature","properties":{"stop_id":"WARCARo","stop_name":"WARSAW AVE & CARSON AVE"},"geometry":{"type":"Point","coordinates":[-84.573799,39.111835]}},{"type":"Feature","properties":{"stop_id":"WAREPWe","stop_name":"WARDELL AVE & EPWORTH AVE"},"geometry":{"type":"Point","coordinates":[-84.59919,39.156864]}},{"type":"Feature","properties":{"stop_id":"WAREPWw","stop_name":"WARDELL AVE & EPWORTH AVE"},"geometry":{"type":"Point","coordinates":[-84.599045,39.156914]}},{"type":"Feature","properties":{"stop_id":"WARGLEi","stop_name":"WARSAW AVE & GLENWAY AVE"},"geometry":{"type":"Point","coordinates":[-84.575806,39.113586]}},{"type":"Feature","properties":{"stop_id":"WARGRAi","stop_name":"WARSAW AVE & GRAND AVE"},"geometry":{"type":"Point","coordinates":[-84.560936,39.109818]}},{"type":"Feature","properties":{"stop_id":"WARGRAo","stop_name":"WARSAW AVE & GRAND AVE"},"geometry":{"type":"Point","coordinates":[-84.561005,39.109917]}},{"type":"Feature","properties":{"stop_id":"WARKINi","stop_name":"WARSAW AVE & KINGSTON PL"},"geometry":{"type":"Point","coordinates":[-84.557945,39.109573]}},{"type":"Feature","properties":{"stop_id":"WARKINo","stop_name":"WARSAW AVE & KINGSTON PL"},"geometry":{"type":"Point","coordinates":[-84.557602,39.109707]}},{"type":"Feature","properties":{"stop_id":"WARMCPi","stop_name":"WARSAW AVE & MCPHERSON AVE"},"geometry":{"type":"Point","coordinates":[-84.570709,39.11039]}},{"type":"Feature","properties":{"stop_id":"WARMCPo","stop_name":"WARSAW AVE & MCPHERSON AVE"},"geometry":{"type":"Point","coordinates":[-84.57029,39.110523]}},{"type":"Feature","properties":{"stop_id":"WARPURi","stop_name":"WARSAW AVE & PURCELL AVE"},"geometry":{"type":"Point","coordinates":[-84.563889,39.109905]}},{"type":"Feature","properties":{"stop_id":"WARPURo","stop_name":"WARSAW AVE  & PURCELL AVE"},"geometry":{"type":"Point","coordinates":[-84.563972,39.110058]}},{"type":"Feature","properties":{"stop_id":"WARSTLi","stop_name":"WARSAW AVE & ST. LAWRENCE AVE"},"geometry":{"type":"Point","coordinates":[-84.572975,39.110832]}},{"type":"Feature","properties":{"stop_id":"WARWILi","stop_name":"WARSAW AVE & WILDER AVE"},"geometry":{"type":"Point","coordinates":[-84.555129,39.107458]}},{"type":"Feature","properties":{"stop_id":"WARWOOi","stop_name":"WARSAW AVE & WOODLAWN AVE"},"geometry":{"type":"Point","coordinates":[-84.566963,39.110142]}},{"type":"Feature","properties":{"stop_id":"WARWOOo","stop_name":"WARSAW AVE & WOODLAWN AVE"},"geometry":{"type":"Point","coordinates":[-84.567467,39.110348]}},{"type":"Feature","properties":{"stop_id":"WASFORe","stop_name":"WASHINGTON AVE & FOREST AVE"},"geometry":{"type":"Point","coordinates":[-84.495056,39.145756]}},{"type":"Feature","properties":{"stop_id":"WASFORw","stop_name":"WASHINGTON AVE & FOREST AVE"},"geometry":{"type":"Point","coordinates":[-84.495232,39.14595]}},{"type":"Feature","properties":{"stop_id":"WASGHOe","stop_name":"WASHINGTON AVE & GHOLSON AVE"},"geometry":{"type":"Point","coordinates":[-84.494507,39.149868]}},{"type":"Feature","properties":{"stop_id":"WASGLEe","stop_name":"WASHINGTON AVE & GLENWOOD AVE"},"geometry":{"type":"Point","coordinates":[-84.494652,39.148788]}},{"type":"Feature","properties":{"stop_id":"WASGLEw","stop_name":"WASHINGTON AVE & GLENWOOD AVE"},"geometry":{"type":"Point","coordinates":[-84.49485,39.148849]}},{"type":"Feature","properties":{"stop_id":"WAY390o","stop_name":"ANTHONY WAYNE AVE 390"},"geometry":{"type":"Point","coordinates":[-84.461334,39.22036]}},{"type":"Feature","properties":{"stop_id":"WAY391i","stop_name":"WAYNE AVE 391"},"geometry":{"type":"Point","coordinates":[-84.461494,39.220627]}},{"type":"Feature","properties":{"stop_id":"WAY77THi","stop_name":"WAYNE AVE & 77TH ST"},"geometry":{"type":"Point","coordinates":[-84.473717,39.19976]}},{"type":"Feature","properties":{"stop_id":"WAY77THo","stop_name":"WAYNE AVE & 77TH ST"},"geometry":{"type":"Point","coordinates":[-84.473701,39.199558]}},{"type":"Feature","properties":{"stop_id":"WAYAVAi","stop_name":"WAYNE AVE & AVALON ST"},"geometry":{"type":"Point","coordinates":[-84.467308,39.205448]}},{"type":"Feature","properties":{"stop_id":"WAYAVAo","stop_name":"WAYNE AVE & AVALON ST"},"geometry":{"type":"Point","coordinates":[-84.467018,39.205521]}},{"type":"Feature","properties":{"stop_id":"WAYBYRi","stop_name":"WAYNE AVE & BYRD AVE"},"geometry":{"type":"Point","coordinates":[-84.460945,39.239971]}},{"type":"Feature","properties":{"stop_id":"WAYBYRo","stop_name":"WAYNE AVE & BYRD AVE"},"geometry":{"type":"Point","coordinates":[-84.460869,39.240204]}},{"type":"Feature","properties":{"stop_id":"WAYCHEo","stop_name":"WAYNE AVE & CHESTER RD"},"geometry":{"type":"Point","coordinates":[-84.464027,39.244957]}},{"type":"Feature","properties":{"stop_id":"WAYCHEs","stop_name":"Wayne & Chester Southbound"},"geometry":{"type":"Point","coordinates":[-84.464363,39.245094]}},{"type":"Feature","properties":{"stop_id":"WAYCITi","stop_name":"WAYNE AVE & CITY CENTRE DR"},"geometry":{"type":"Point","coordinates":[-84.47271,39.200386]}},{"type":"Feature","properties":{"stop_id":"WAYCITo","stop_name":"WAYNE AVE & CITY CENTRE DR"},"geometry":{"type":"Point","coordinates":[-84.47245,39.200371]}},{"type":"Feature","properties":{"stop_id":"WAYCOOi","stop_name":"WAYNE AVE & COOPER RD"},"geometry":{"type":"Point","coordinates":[-84.46125,39.223972]}},{"type":"Feature","properties":{"stop_id":"WAYCOOo","stop_name":"WAYNE AVE & COOPER RD"},"geometry":{"type":"Point","coordinates":[-84.461029,39.224087]}},{"type":"Feature","properties":{"stop_id":"WAYHARi","stop_name":"WAYNE AVE & HARTWELL AVE"},"geometry":{"type":"Point","coordinates":[-84.463676,39.212337]}},{"type":"Feature","properties":{"stop_id":"WAYHARo","stop_name":"WAYNE AVE & HARTWELL AVE"},"geometry":{"type":"Point","coordinates":[-84.463493,39.212212]}},{"type":"Feature","properties":{"stop_id":"WAYKEAi","stop_name":"WAYNE AVE & KEARNEY ST"},"geometry":{"type":"Point","coordinates":[-84.464752,39.210266]}},{"type":"Feature","properties":{"stop_id":"WAYKEAo","stop_name":"WAYNE AVE & KEARNEY ST"},"geometry":{"type":"Point","coordinates":[-84.464439,39.210407]}},{"type":"Feature","properties":{"stop_id":"WAYMARn","stop_name":"Wayne & Marion Northbound"},"geometry":{"type":"Point","coordinates":[-84.464668,39.252167]}},{"type":"Feature","properties":{"stop_id":"WAYMARs","stop_name":"Wayne & Marion Southbound"},"geometry":{"type":"Point","coordinates":[-84.464874,39.251404]}},{"type":"Feature","properties":{"stop_id":"WAYMEDi","stop_name":"WAYNE AVE & MEDOSH AVE"},"geometry":{"type":"Point","coordinates":[-84.462791,39.242683]}},{"type":"Feature","properties":{"stop_id":"WAYMEDo","stop_name":"WAYNE AVE & MEDOSH AVE"},"geometry":{"type":"Point","coordinates":[-84.462524,39.24263]}},{"type":"Feature","properties":{"stop_id":"WAYMILi","stop_name":"WAYNE AVE & MILLSDALE AVE"},"geometry":{"type":"Point","coordinates":[-84.462036,39.218029]}},{"type":"Feature","properties":{"stop_id":"WAYMILo","stop_name":"WAYNE AVE & MILLSDALE AVE"},"geometry":{"type":"Point","coordinates":[-84.461868,39.217861]}},{"type":"Feature","properties":{"stop_id":"WAYPARi","stop_name":"WAYNE AVE & PARKWAY AVE"},"geometry":{"type":"Point","coordinates":[-84.466064,39.207748]}},{"type":"Feature","properties":{"stop_id":"WAYPARo","stop_name":"WAYNE AVE & PARKWAY AVE"},"geometry":{"type":"Point","coordinates":[-84.46579,39.207794]}},{"type":"Feature","properties":{"stop_id":"WAYSHEEi","stop_name":"WAYNE AVE & SHEEHAN AVE"},"geometry":{"type":"Point","coordinates":[-84.462959,39.214844]}},{"type":"Feature","properties":{"stop_id":"WAYSHEEo","stop_name":"WAYNE AVE & SHEEHAN AVE"},"geometry":{"type":"Point","coordinates":[-84.462662,39.215084]}},{"type":"Feature","properties":{"stop_id":"WAYWOOi","stop_name":"WAYNE AVE & WOODBINE AVE"},"geometry":{"type":"Point","coordinates":[-84.469353,39.203171]}},{"type":"Feature","properties":{"stop_id":"WAYWYOMo","stop_name":"WAYNE AVE & WYOMING AVE"},"geometry":{"type":"Point","coordinates":[-84.460831,39.226944]}},{"type":"Feature","properties":{"stop_id":"WBLVD","stop_name":"WESTWOOD NO. BLVD AT SUTTER"},"geometry":{"type":"Point","coordinates":[-84.560012,39.144228]}},{"type":"Feature","properties":{"stop_id":"WE10030o","stop_name":"WEST RD 10030"},"geometry":{"type":"Point","coordinates":[-84.777306,39.254688]}},{"type":"Feature","properties":{"stop_id":"WER3136o","stop_name":"WERK RD 3136"},"geometry":{"type":"Point","coordinates":[-84.605554,39.140656]}},{"type":"Feature","properties":{"stop_id":"WER3141i","stop_name":"WERK RD 3141"},"geometry":{"type":"Point","coordinates":[-84.605865,39.140514]}},{"type":"Feature","properties":{"stop_id":"WERBELi","stop_name":"WERK RD & BELDEN CIR"},"geometry":{"type":"Point","coordinates":[-84.61599,39.14106]}},{"type":"Feature","properties":{"stop_id":"WERBELo","stop_name":"WERK RD & BELDEN CIR"},"geometry":{"type":"Point","coordinates":[-84.615791,39.141205]}},{"type":"Feature","properties":{"stop_id":"WERBOUi","stop_name":"WERK RD & BOUDINOT AVE"},"geometry":{"type":"Point","coordinates":[-84.604485,39.140472]}},{"type":"Feature","properties":{"stop_id":"WERBOUw","stop_name":"WERK RD & BOUDINOT AVE"},"geometry":{"type":"Point","coordinates":[-84.60408,39.140568]}},{"type":"Feature","properties":{"stop_id":"WEREPWe","stop_name":"WERK RD & EPWORTH AVE"},"geometry":{"type":"Point","coordinates":[-84.601074,39.140278]}},{"type":"Feature","properties":{"stop_id":"WEREPWw","stop_name":"WERK RD & EPWORTH AVE"},"geometry":{"type":"Point","coordinates":[-84.601151,39.140438]}},{"type":"Feature","properties":{"stop_id":"WERGLEi","stop_name":"WERK RD & GLENMORE AVE"},"geometry":{"type":"Point","coordinates":[-84.612991,39.14085]}},{"type":"Feature","properties":{"stop_id":"WERGLENi","stop_name":"WERK RD & GLENWAY AVE"},"geometry":{"type":"Point","coordinates":[-84.617203,39.141201]}},{"type":"Feature","properties":{"stop_id":"WERGLEo","stop_name":"WERK RD & GLENMORE AVE"},"geometry":{"type":"Point","coordinates":[-84.613373,39.141029]}},{"type":"Feature","properties":{"stop_id":"WERMAYi","stop_name":"WERK RD & MAYRIDGE CT"},"geometry":{"type":"Point","coordinates":[-84.609367,39.140678]}},{"type":"Feature","properties":{"stop_id":"WERMAYo","stop_name":"WERK RD & MAYRIDGE CT"},"geometry":{"type":"Point","coordinates":[-84.609123,39.140827]}},{"type":"Feature","properties":{"stop_id":"WERQUEi","stop_name":"WERK RD & QUEEN CITY AVE"},"geometry":{"type":"Point","coordinates":[-84.611168,39.140774]}},{"type":"Feature","properties":{"stop_id":"WERQUEo","stop_name":"WERK RD & QUEEN CITY AVE"},"geometry":{"type":"Point","coordinates":[-84.611412,39.140942]}},{"type":"Feature","properties":{"stop_id":"WES1800o","stop_name":"WEST FORK RD 1800"},"geometry":{"type":"Point","coordinates":[-84.561508,39.161461]}},{"type":"Feature","properties":{"stop_id":"WES1801i","stop_name":"WEST FORK RD 1801"},"geometry":{"type":"Point","coordinates":[-84.561447,39.161301]}},{"type":"Feature","properties":{"stop_id":"WESCARo","stop_name":"WEST RD & CAROLINA TRACE RD"},"geometry":{"type":"Point","coordinates":[-84.784325,39.254841]}},{"type":"Feature","properties":{"stop_id":"WESGRAi","stop_name":"WESTWOOD AVE & GRAND AVE"},"geometry":{"type":"Point","coordinates":[-84.552315,39.124889]}},{"type":"Feature","properties":{"stop_id":"WESHARi","stop_name":"WESTWOOD AVE & HARRISON AVE"},"geometry":{"type":"Point","coordinates":[-84.54818,39.125065]}},{"type":"Feature","properties":{"stop_id":"WESHAYi","stop_name":"WEST FORK RD & HAYS AVE"},"geometry":{"type":"Point","coordinates":[-84.555038,39.164295]}},{"type":"Feature","properties":{"stop_id":"WESHAYo","stop_name":"WEST FORK RD & HAYS AVE"},"geometry":{"type":"Point","coordinates":[-84.554642,39.164433]}},{"type":"Feature","properties":{"stop_id":"WESHIGn","stop_name":"WESTERN HILLS HIGH SCHOOL"},"geometry":{"type":"Point","coordinates":[-84.601341,39.124439]}},{"type":"Feature","properties":{"stop_id":"WESHIGs","stop_name":"WESTERN HILLS HIGH SCHOOL"},"geometry":{"type":"Point","coordinates":[-84.601509,39.124577]}},{"type":"Feature","properties":{"stop_id":"WESKEBi","stop_name":"WESTWOOD AVE & KEBLER ALY"},"geometry":{"type":"Point","coordinates":[-84.556618,39.125172]}},{"type":"Feature","properties":{"stop_id":"WESMALo","stop_name":"WESTERNWOODS MALL"},"geometry":{"type":"Point","coordinates":[-84.62529,39.147594]}},{"type":"Feature","properties":{"stop_id":"WESMONe","stop_name":"WESTWOOD NORTHERN AND MONTANA EB"},"geometry":{"type":"Point","coordinates":[-84.588684,39.150452]}},{"type":"Feature","properties":{"stop_id":"WESMONw","stop_name":"WESTWOOD NORTHERN AND MONTANA"},"geometry":{"type":"Point","coordinates":[-84.588882,39.150909]}},{"type":"Feature","properties":{"stop_id":"WESQUEi","stop_name":"WESTWOOD AVE & QUEBEC RD"},"geometry":{"type":"Point","coordinates":[-84.562073,39.125904]}},{"type":"Feature","properties":{"stop_id":"WESTODi","stop_name":"WEST FORK RD & TODD AVE"},"geometry":{"type":"Point","coordinates":[-84.565392,39.159897]}},{"type":"Feature","properties":{"stop_id":"WESTODo","stop_name":"WEST FORK  RD & TODD AVE"},"geometry":{"type":"Point","coordinates":[-84.565163,39.16011]}},{"type":"Feature","properties":{"stop_id":"WESVANi","stop_name":"WESTWOOD AVE & VAN HART ST"},"geometry":{"type":"Point","coordinates":[-84.559135,39.125355]}},{"type":"Feature","properties":{"stop_id":"WHECHAo","stop_name":"WHETSEL AVE & CHANDLER ST"},"geometry":{"type":"Point","coordinates":[-84.392662,39.163403]}},{"type":"Feature","properties":{"stop_id":"WHESIEi","stop_name":"WHETSEL AVE & SIERRA ST"},"geometry":{"type":"Point","coordinates":[-84.393074,39.161716]}},{"type":"Feature","properties":{"stop_id":"WHESIEo","stop_name":"WHETSEL AVE & SIERRA ST"},"geometry":{"type":"Point","coordinates":[-84.392899,39.161404]}},{"type":"Feature","properties":{"stop_id":"WI10075i","stop_name":"WINTON RD 10075"},"geometry":{"type":"Point","coordinates":[-84.514557,39.252396]}},{"type":"Feature","properties":{"stop_id":"WIE6450e","stop_name":"WIEHE RD 6450"},"geometry":{"type":"Point","coordinates":[-84.452042,39.19014]}},{"type":"Feature","properties":{"stop_id":"WIEBREe","stop_name":"WIEHE RD & BREMONT AVE"},"geometry":{"type":"Point","coordinates":[-84.452194,39.188515]}},{"type":"Feature","properties":{"stop_id":"WIEBREw","stop_name":"WIEHE RD & BREMONT AVE"},"geometry":{"type":"Point","coordinates":[-84.452408,39.188488]}},{"type":"Feature","properties":{"stop_id":"WIELANe","stop_name":"WIEHE RD & LANGDON FARM RD"},"geometry":{"type":"Point","coordinates":[-84.452789,39.18261]}},{"type":"Feature","properties":{"stop_id":"WIELOSe","stop_name":"WIEHE RD & LOSANTIVILLE AVE"},"geometry":{"type":"Point","coordinates":[-84.451965,39.190933]}},{"type":"Feature","properties":{"stop_id":"WIELOSo","stop_name":"WIEHE RD & LOSANTIVILLE AVE"},"geometry":{"type":"Point","coordinates":[-84.452255,39.190147]}},{"type":"Feature","properties":{"stop_id":"WIEROSe","stop_name":"WIEHE RD & ROSEDALE AVE"},"geometry":{"type":"Point","coordinates":[-84.452568,39.184769]}},{"type":"Feature","properties":{"stop_id":"WIEROSw","stop_name":"WIEHE RD & ROSEDALE AVE"},"geometry":{"type":"Point","coordinates":[-84.452766,39.184937]}},{"type":"Feature","properties":{"stop_id":"WILGLEi","stop_name":"WILDER AVE & GLENWAY AVE"},"geometry":{"type":"Point","coordinates":[-84.554199,39.107365]}},{"type":"Feature","properties":{"stop_id":"WILWARa","stop_name":"WILDER AVE & WARSAW AVE"},"geometry":{"type":"Point","coordinates":[-84.554496,39.106211]}},{"type":"Feature","properties":{"stop_id":"WIN4330o","stop_name":"WINTON RD 4330"},"geometry":{"type":"Point","coordinates":[-84.520241,39.166397]}},{"type":"Feature","properties":{"stop_id":"WIN4331i","stop_name":"WINTON RD 4331"},"geometry":{"type":"Point","coordinates":[-84.520414,39.166363]}},{"type":"Feature","properties":{"stop_id":"WIN4590o","stop_name":"WINNESTE AVE 4950"},"geometry":{"type":"Point","coordinates":[-84.511597,39.181133]}},{"type":"Feature","properties":{"stop_id":"WIN4818o","stop_name":"WINTON RD 4814"},"geometry":{"type":"Point","coordinates":[-84.519531,39.17794]}},{"type":"Feature","properties":{"stop_id":"WIN4830o","stop_name":"WINNESTE AVE 4830"},"geometry":{"type":"Point","coordinates":[-84.510445,39.17976]}},{"type":"Feature","properties":{"stop_id":"WIN4831i","stop_name":"WINNESTE AVE 4831"},"geometry":{"type":"Point","coordinates":[-84.510567,39.179562]}},{"type":"Feature","properties":{"stop_id":"WIN4879i","stop_name":"WINTON RD 4879"},"geometry":{"type":"Point","coordinates":[-84.520027,39.180218]}},{"type":"Feature","properties":{"stop_id":"WIN4981i","stop_name":"WINTON RD 4981"},"geometry":{"type":"Point","coordinates":[-84.522545,39.184311]}},{"type":"Feature","properties":{"stop_id":"WIN5050o","stop_name":"WINTON RD 5050"},"geometry":{"type":"Point","coordinates":[-84.522308,39.184311]}},{"type":"Feature","properties":{"stop_id":"WIN5254o","stop_name":"WINNESTE AVE 5254"},"geometry":{"type":"Point","coordinates":[-84.513878,39.184772]}},{"type":"Feature","properties":{"stop_id":"WIN5274i","stop_name":"WINNESTE AVE 5274"},"geometry":{"type":"Point","coordinates":[-84.514473,39.185539]}},{"type":"Feature","properties":{"stop_id":"WIN5275","stop_name":"WINNESTE AVE 5275"},"geometry":{"type":"Point","coordinates":[-84.514565,39.185242]}},{"type":"Feature","properties":{"stop_id":"WIN5609i","stop_name":"WINTON RD 5609"},"geometry":{"type":"Point","coordinates":[-84.523842,39.19276]}},{"type":"Feature","properties":{"stop_id":"WIN5700o","stop_name":"WINTON RD 5700"},"geometry":{"type":"Point","coordinates":[-84.523582,39.193169]}},{"type":"Feature","properties":{"stop_id":"WIN6468o","stop_name":"WINTON RD 6468"},"geometry":{"type":"Point","coordinates":[-84.520988,39.202042]}},{"type":"Feature","properties":{"stop_id":"WIN9007i","stop_name":"WINTON RD & COMPTON (South)"},"geometry":{"type":"Point","coordinates":[-84.510323,39.229851]}},{"type":"Feature","properties":{"stop_id":"WIN9084o","stop_name":"WINTON RD 9084"},"geometry":{"type":"Point","coordinates":[-84.509773,39.231098]}},{"type":"Feature","properties":{"stop_id":"WIN9101i","stop_name":"WINTON RD 9101"},"geometry":{"type":"Point","coordinates":[-84.509987,39.231144]}},{"type":"Feature","properties":{"stop_id":"WIN9164o","stop_name":"WINTON RD 9164"},"geometry":{"type":"Point","coordinates":[-84.509575,39.233135]}},{"type":"Feature","properties":{"stop_id":"WIN9167i","stop_name":"WINTON RD 9167"},"geometry":{"type":"Point","coordinates":[-84.509804,39.233116]}},{"type":"Feature","properties":{"stop_id":"WINANDi","stop_name":"WINTON RD & ANDOVER RD"},"geometry":{"type":"Point","coordinates":[-84.52317,39.264355]}},{"type":"Feature","properties":{"stop_id":"WINCHAs","stop_name":"Winton & Chase Plaza Southbound"},"geometry":{"type":"Point","coordinates":[-84.524277,39.295757]}},{"type":"Feature","properties":{"stop_id":"WINCHEo","stop_name":"WINTON RD & CHERRY BLOSSOM LN"},"geometry":{"type":"Point","coordinates":[-84.511955,39.22794]}},{"type":"Feature","properties":{"stop_id":"WINCHERi","stop_name":"WINTON RD & CHERRY BLOSSOM LN"},"geometry":{"type":"Point","coordinates":[-84.512321,39.227886]}},{"type":"Feature","properties":{"stop_id":"WINCIRi","stop_name":"WINTON RD & CIRCLE AVE"},"geometry":{"type":"Point","coordinates":[-84.520096,39.169956]}},{"type":"Feature","properties":{"stop_id":"WINCIRo","stop_name":"WINTON RD & CIRCLE AVE"},"geometry":{"type":"Point","coordinates":[-84.519913,39.169689]}},{"type":"Feature","properties":{"stop_id":"WINCLOi","stop_name":"WINTON RD & CLOVERVIEW AVE"},"geometry":{"type":"Point","coordinates":[-84.517899,39.22084]}},{"type":"Feature","properties":{"stop_id":"WINCLOo","stop_name":"WINTON RD & CLOVERVIEW AVE"},"geometry":{"type":"Point","coordinates":[-84.517654,39.221317]}},{"type":"Feature","properties":{"stop_id":"WINCOMi","stop_name":"WINTON RD & COMPTON RD"},"geometry":{"type":"Point","coordinates":[-84.509727,39.233669]}},{"type":"Feature","properties":{"stop_id":"WINCOMo","stop_name":"WINTON RD & COMPTON RD"},"geometry":{"type":"Point","coordinates":[-84.510185,39.229618]}},{"type":"Feature","properties":{"stop_id":"WINCORi","stop_name":"WINTON RD & CORBETT RD"},"geometry":{"type":"Point","coordinates":[-84.513115,39.250378]}},{"type":"Feature","properties":{"stop_id":"WINCORo","stop_name":"WINTON RD & CORBETT RD"},"geometry":{"type":"Point","coordinates":[-84.512878,39.25037]}},{"type":"Feature","properties":{"stop_id":"WINDERi","stop_name":"WINTON RD & DERBY AVE"},"geometry":{"type":"Point","coordinates":[-84.519936,39.171417]}},{"type":"Feature","properties":{"stop_id":"WINDERo","stop_name":"WINTON RD & DERBY AVE"},"geometry":{"type":"Point","coordinates":[-84.519676,39.171505]}},{"type":"Feature","properties":{"stop_id":"WINDUTi","stop_name":"WINTON RD & DUTCH COLONY DR"},"geometry":{"type":"Point","coordinates":[-84.524068,39.190625]}},{"type":"Feature","properties":{"stop_id":"WINDUTo","stop_name":"WINTON RD & DUTCH COLONY DR"},"geometry":{"type":"Point","coordinates":[-84.523834,39.190357]}},{"type":"Feature","properties":{"stop_id":"WINEPWi","stop_name":"WINTON RD & EPWORTH AVE"},"geometry":{"type":"Point","coordinates":[-84.519798,39.173187]}},{"type":"Feature","properties":{"stop_id":"WINEPWo","stop_name":"WINTON RD & EPWORTH AVE"},"geometry":{"type":"Point","coordinates":[-84.519531,39.17374]}},{"type":"Feature","properties":{"stop_id":"WINFARi","stop_name":"WINTON RD & FARRAGUT RD"},"geometry":{"type":"Point","coordinates":[-84.523521,39.267269]}},{"type":"Feature","properties":{"stop_id":"WINFARo","stop_name":"WINTON RD & FARRAGUT RD"},"geometry":{"type":"Point","coordinates":[-84.523277,39.267044]}},{"type":"Feature","properties":{"stop_id":"WINFLEi","stop_name":"WINTON RD & FLEMING RD"},"geometry":{"type":"Point","coordinates":[-84.509491,39.236301]}},{"type":"Feature","properties":{"stop_id":"WINFLEo","stop_name":"WINTON RD & FLEMING RD"},"geometry":{"type":"Point","coordinates":[-84.5093,39.236076]}},{"type":"Feature","properties":{"stop_id":"WINFORo","stop_name":"WINTON RD & FOREST FAIR DR"},"geometry":{"type":"Point","coordinates":[-84.523506,39.302639]}},{"type":"Feature","properties":{"stop_id":"WINFOUi","stop_name":"WINTON RD & FOUNTAINEBLEAU TER"},"geometry":{"type":"Point","coordinates":[-84.514175,39.226429]}},{"type":"Feature","properties":{"stop_id":"WINFOUo","stop_name":"WINTON RD & FOUNTAINEBLEAU TER"},"geometry":{"type":"Point","coordinates":[-84.51432,39.226074]}},{"type":"Feature","properties":{"stop_id":"WINFROo","stop_name":"WINTON RD & FROOME AVE"},"geometry":{"type":"Point","coordinates":[-84.519463,39.175888]}},{"type":"Feature","properties":{"stop_id":"WINGALi","stop_name":"WINTON RD & GALBRAITH RD"},"geometry":{"type":"Point","coordinates":[-84.518494,39.215137]}},{"type":"Feature","properties":{"stop_id":"WINGALo","stop_name":"WINTON RD & GALBRAITH RD"},"geometry":{"type":"Point","coordinates":[-84.518143,39.216507]}},{"type":"Feature","properties":{"stop_id":"WINGRAi","stop_name":"WINTON RD & GRAY RD"},"geometry":{"type":"Point","coordinates":[-84.519768,39.176338]}},{"type":"Feature","properties":{"stop_id":"WINHEMi","stop_name":"WINTON RD & HEMPSTEAD DR"},"geometry":{"type":"Point","coordinates":[-84.517578,39.222881]}},{"type":"Feature","properties":{"stop_id":"WINHEMo","stop_name":"WINTON RD & HEMPSTEAD DR"},"geometry":{"type":"Point","coordinates":[-84.517016,39.22334]}},{"type":"Feature","properties":{"stop_id":"WININGi","stop_name":"WINTON RD & INGRAM RD"},"geometry":{"type":"Point","coordinates":[-84.523117,39.270645]}},{"type":"Feature","properties":{"stop_id":"WININGo","stop_name":"WINTON RD & INGRAM RD"},"geometry":{"type":"Point","coordinates":[-84.522881,39.270851]}},{"type":"Feature","properties":{"stop_id":"WINKEMi","stop_name":"WINTON RD & KEMPER RD"},"geometry":{"type":"Point","coordinates":[-84.523193,39.288357]}},{"type":"Feature","properties":{"stop_id":"WINKEMo","stop_name":"WINTON RD & KEMPER RD"},"geometry":{"type":"Point","coordinates":[-84.52314,39.289349]}},{"type":"Feature","properties":{"stop_id":"WINKEMPo","stop_name":"WINTON RD & KEMPER MEADOW DR"},"geometry":{"type":"Point","coordinates":[-84.523857,39.292942]}},{"type":"Feature","properties":{"stop_id":"WINKINi","stop_name":"WINTON RD & KINGS RUN DR"},"geometry":{"type":"Point","coordinates":[-84.520752,39.18166]}},{"type":"Feature","properties":{"stop_id":"WINKINo","stop_name":"WINTON RD & KINGS RUN DR"},"geometry":{"type":"Point","coordinates":[-84.520416,39.181499]}},{"type":"Feature","properties":{"stop_id":"WINLAKEi","stop_name":"WINTON RD & LAKEVIEW DR"},"geometry":{"type":"Point","coordinates":[-84.518974,39.25845]}},{"type":"Feature","properties":{"stop_id":"WINLAKEo","stop_name":"WINTON RD & LAKEVIEW DR"},"geometry":{"type":"Point","coordinates":[-84.518555,39.258202]}},{"type":"Feature","properties":{"stop_id":"WINLAKo","stop_name":"WINTON RD & LAKERIDGE RD"},"geometry":{"type":"Point","coordinates":[-84.514748,39.252968]}},{"type":"Feature","properties":{"stop_id":"WINMCKi","stop_name":"WINTON RD & MCKELVEY RD"},"geometry":{"type":"Point","coordinates":[-84.512512,39.245811]}},{"type":"Feature","properties":{"stop_id":"WINMCKo","stop_name":"WINTON RD & MCKELVEY RD"},"geometry":{"type":"Point","coordinates":[-84.512283,39.245544]}},{"type":"Feature","properties":{"stop_id":"WINMILi","stop_name":"WINTON RD & MILLBROOK DR"},"geometry":{"type":"Point","coordinates":[-84.509979,39.240181]}},{"type":"Feature","properties":{"stop_id":"WINMILo","stop_name":"WINTON RD & MILLBROOK DR"},"geometry":{"type":"Point","coordinates":[-84.509857,39.240341]}},{"type":"Feature","properties":{"stop_id":"WINNDUTo","stop_name":"WINNESTE AVE & DUTCH COLONY DR"},"geometry":{"type":"Point","coordinates":[-84.514297,39.189957]}},{"type":"Feature","properties":{"stop_id":"WINNKINe","stop_name":"WINNESTE AVE & KINGS RUN DR"},"geometry":{"type":"Point","coordinates":[-84.510765,39.1782]}},{"type":"Feature","properties":{"stop_id":"WINNKINi","stop_name":"WINNESTE AVE & KINGS RUN DR"},"geometry":{"type":"Point","coordinates":[-84.51091,39.178234]}},{"type":"Feature","properties":{"stop_id":"WINNORe","stop_name":"WINTON RD & NORTH HILL LN"},"geometry":{"type":"Point","coordinates":[-84.518639,39.213917]}},{"type":"Feature","properties":{"stop_id":"WINNORi","stop_name":"WINTON RD & NORTH BEND RD"},"geometry":{"type":"Point","coordinates":[-84.521194,39.201969]}},{"type":"Feature","properties":{"stop_id":"WINNORo","stop_name":"WINTON RD & NORTH BEND RD"},"geometry":{"type":"Point","coordinates":[-84.520775,39.201096]}},{"type":"Feature","properties":{"stop_id":"WINNORw","stop_name":"WINTON RD & NORTH HILL LN"},"geometry":{"type":"Point","coordinates":[-84.518358,39.21409]}},{"type":"Feature","properties":{"stop_id":"WINOAKi","stop_name":"WINTON RD & OAKFIELD AVE"},"geometry":{"type":"Point","coordinates":[-84.521019,39.200623]}},{"type":"Feature","properties":{"stop_id":"WINOAKo","stop_name":"WINTON RD & OAKFIELD AVE"},"geometry":{"type":"Point","coordinates":[-84.52095,39.200134]}},{"type":"Feature","properties":{"stop_id":"WINREYi","stop_name":"WINTON RD & REYNARD AVE"},"geometry":{"type":"Point","coordinates":[-84.515884,39.225124]}},{"type":"Feature","properties":{"stop_id":"WINREYo","stop_name":"WINTON RD & REYNARD AVE"},"geometry":{"type":"Point","coordinates":[-84.515907,39.224857]}},{"type":"Feature","properties":{"stop_id":"WINSARi","stop_name":"WINTON RD & SARBROOK DR"},"geometry":{"type":"Point","coordinates":[-84.511612,39.243279]}},{"type":"Feature","properties":{"stop_id":"WINSARo","stop_name":"WINTON RD & SARBROOK DR"},"geometry":{"type":"Point","coordinates":[-84.511261,39.243027]}},{"type":"Feature","properties":{"stop_id":"WINSHAi","stop_name":"WINTON RD & SHARON RD"},"geometry":{"type":"Point","coordinates":[-84.522758,39.274063]}},{"type":"Feature","properties":{"stop_id":"WINSHAo","stop_name":"WINTON RD & SHARON RD"},"geometry":{"type":"Point","coordinates":[-84.522522,39.274242]}},{"type":"Feature","properties":{"stop_id":"WINSMIn","stop_name":"Winton & Smiley"},"geometry":{"type":"Point","coordinates":[-84.524033,39.295773]}},{"type":"Feature","properties":{"stop_id":"WINSTRi","stop_name":"WINNESTE & STRAND LN"},"geometry":{"type":"Point","coordinates":[-84.514709,39.187347]}},{"type":"Feature","properties":{"stop_id":"WINSTRo","stop_name":"WINNESTE AVE & STRAND LN"},"geometry":{"type":"Point","coordinates":[-84.514534,39.187141]}},{"type":"Feature","properties":{"stop_id":"WINTIMi","stop_name":"WINTON RD & TIMBER TRL"},"geometry":{"type":"Point","coordinates":[-84.519302,39.209232]}},{"type":"Feature","properties":{"stop_id":"WINTIMo","stop_name":"WINTON RD & TIMBER TRAIL"},"geometry":{"type":"Point","coordinates":[-84.519127,39.208946]}},{"type":"Feature","properties":{"stop_id":"WINTOPi","stop_name":"WINNESTE AVE & TOP RIDGE PL"},"geometry":{"type":"Point","coordinates":[-84.512436,39.181927]}},{"type":"Feature","properties":{"stop_id":"WINTOPo","stop_name":"WINNESTE AVE & TOPRIDGE PL"},"geometry":{"type":"Point","coordinates":[-84.512238,39.182007]}},{"type":"Feature","properties":{"stop_id":"WINWAYi","stop_name":"WINTON RD & WAYCROSS RD"},"geometry":{"type":"Point","coordinates":[-84.522141,39.283119]}},{"type":"Feature","properties":{"stop_id":"WINWAYo","stop_name":"WINTON RD & WAYCROSS RD"},"geometry":{"type":"Point","coordinates":[-84.522041,39.283718]}},{"type":"Feature","properties":{"stop_id":"WINWINDi","stop_name":"WINTON RD & WINSRAY CT"},"geometry":{"type":"Point","coordinates":[-84.521454,39.205685]}},{"type":"Feature","properties":{"stop_id":"WINWINi","stop_name":"WINNESTE AVE & WINTON HILLS CHURCH"},"geometry":{"type":"Point","coordinates":[-84.513474,39.184254]}},{"type":"Feature","properties":{"stop_id":"WINWINo","stop_name":"WINTON RD & WINSRAY CT"},"geometry":{"type":"Point","coordinates":[-84.521118,39.205662]}},{"type":"Feature","properties":{"stop_id":"WNB1912o","stop_name":"WESTWOOD NORTHERN BLVD 1912"},"geometry":{"type":"Point","coordinates":[-84.555084,39.142525]}},{"type":"Feature","properties":{"stop_id":"WNB1921i","stop_name":"WESTWOOD NORTHERN BLVD 1921"},"geometry":{"type":"Point","coordinates":[-84.555023,39.142357]}},{"type":"Feature","properties":{"stop_id":"WNB1958o","stop_name":"WESTWOOD NORTHERN BLVD 1958"},"geometry":{"type":"Point","coordinates":[-84.556992,39.142738]}},{"type":"Feature","properties":{"stop_id":"WNB1959i","stop_name":"WESTWOOD NORTHERN BLVD 1958"},"geometry":{"type":"Point","coordinates":[-84.556778,39.142551]}},{"type":"Feature","properties":{"stop_id":"WNB1961i","stop_name":"WESTWOOD NORTHERN BLVD 1961"},"geometry":{"type":"Point","coordinates":[-84.559067,39.143467]}},{"type":"Feature","properties":{"stop_id":"WNB2211i","stop_name":"WESTWOOD NORTHERN BLVD 2211"},"geometry":{"type":"Point","coordinates":[-84.566795,39.145691]}},{"type":"Feature","properties":{"stop_id":"WNB2236o","stop_name":"WESTWOOD NORTHERN BLVD 2236"},"geometry":{"type":"Point","coordinates":[-84.566246,39.145744]}},{"type":"Feature","properties":{"stop_id":"WNB3605o","stop_name":"WESTWOOD NORTHERN BLVD 3605"},"geometry":{"type":"Point","coordinates":[-84.607208,39.164787]}},{"type":"Feature","properties":{"stop_id":"WNB3657o","stop_name":"WESTWOOD NORTHERN BLVD 3657"},"geometry":{"type":"Point","coordinates":[-84.610931,39.16523]}},{"type":"Feature","properties":{"stop_id":"WNB3714i","stop_name":"WESTWOOD NORTHERN BLVD 3714"},"geometry":{"type":"Point","coordinates":[-84.611084,39.165409]}},{"type":"Feature","properties":{"stop_id":"WNB4134i","stop_name":"WESTWOOD NORTHERN BLVD 4134"},"geometry":{"type":"Point","coordinates":[-84.618843,39.165859]}},{"type":"Feature","properties":{"stop_id":"WNB4141o","stop_name":"WESTWOOD NORTHERN BLVD 4141"},"geometry":{"type":"Point","coordinates":[-84.619011,39.16571]}},{"type":"Feature","properties":{"stop_id":"WNBBALe","stop_name":"WESTWOOD NORTHERN BLVD & BALTIMORE AVE"},"geometry":{"type":"Point","coordinates":[-84.56282,39.145107]}},{"type":"Feature","properties":{"stop_id":"WNBBALw","stop_name":"WESTWOOD NORTHERN BLVD & BALTIMORE AVE"},"geometry":{"type":"Point","coordinates":[-84.563156,39.145256]}},{"type":"Feature","properties":{"stop_id":"WNBBEEi","stop_name":"WESTWOOD NORTHERN BLVD & BEEKMAN ST"},"geometry":{"type":"Point","coordinates":[-84.548645,39.137661]}},{"type":"Feature","properties":{"stop_id":"WNBBOUi","stop_name":"WESTWOOD NORTHERN BLVD & BOUDINOT"},"geometry":{"type":"Point","coordinates":[-84.601439,39.162286]}},{"type":"Feature","properties":{"stop_id":"WNBBOUw","stop_name":"WESTWOOD NORTHERN BLVD. & BOUDINOT AVE"},"geometry":{"type":"Point","coordinates":[-84.602194,39.16285]}},{"type":"Feature","properties":{"stop_id":"WNBBROe","stop_name":"WESTWOOD NORTHERN BLVD & BRODBECK"},"geometry":{"type":"Point","coordinates":[-84.5811,39.147915]}},{"type":"Feature","properties":{"stop_id":"WNBBROw","stop_name":"WESTWOOD NORTHERN BLVD & BRODBECK"},"geometry":{"type":"Point","coordinates":[-84.580742,39.147987]}},{"type":"Feature","properties":{"stop_id":"WNBDICi","stop_name":"WESTWOOD NORTHERN BLVD & DICKINSON"},"geometry":{"type":"Point","coordinates":[-84.604118,39.164036]}},{"type":"Feature","properties":{"stop_id":"WNBDICo","stop_name":"WESTWOOD NORTHERN BLVD & DICKINSON"},"geometry":{"type":"Point","coordinates":[-84.604416,39.163944]}},{"type":"Feature","properties":{"stop_id":"WNBFERe","stop_name":"WESTWOOD NORTHERN BLVD & FERNCROFT"},"geometry":{"type":"Point","coordinates":[-84.583473,39.148502]}},{"type":"Feature","properties":{"stop_id":"WNBFERw","stop_name":"WESTWOOD NORTHERN BLVD & FERNCROFT"},"geometry":{"type":"Point","coordinates":[-84.583817,39.148685]}},{"type":"Feature","properties":{"stop_id":"WNBGOBe","stop_name":"WESTWOOD NORTHERN BLVD & GOBEL"},"geometry":{"type":"Point","coordinates":[-84.57871,39.147045]}},{"type":"Feature","properties":{"stop_id":"WNBGOBw","stop_name":"WESTWOOD NORTHERN BLVD & GOBEL"},"geometry":{"type":"Point","coordinates":[-84.579031,39.147397]}},{"type":"Feature","properties":{"stop_id":"WNBMCFe","stop_name":"WESTWOOD NORTHERN BLVD & MCFARLAN PARK DR"},"geometry":{"type":"Point","coordinates":[-84.593864,39.155552]}},{"type":"Feature","properties":{"stop_id":"WNBMCFw","stop_name":"WESTWOOD NORTHERN BLVD & MCFARLAN PARK DR"},"geometry":{"type":"Point","coordinates":[-84.593163,39.155437]}},{"type":"Feature","properties":{"stop_id":"WNBMCHe","stop_name":"WESTWOOD NORTHERN BLVD & MCHENRY"},"geometry":{"type":"Point","coordinates":[-84.572662,39.14624]}},{"type":"Feature","properties":{"stop_id":"WNBMCHw","stop_name":"WESTWOOD NORTHERN BLVD & MCHENRY AVE"},"geometry":{"type":"Point","coordinates":[-84.571686,39.146591]}},{"type":"Feature","properties":{"stop_id":"WNBMILe","stop_name":"WESTWOOD NORTHERN BLVD & MILLRICH"},"geometry":{"type":"Point","coordinates":[-84.586487,39.148853]}},{"type":"Feature","properties":{"stop_id":"WNBMILw","stop_name":"WESTWOOD NORTHERN BLVD & MILLRICH"},"geometry":{"type":"Point","coordinates":[-84.586128,39.148933]}},{"type":"Feature","properties":{"stop_id":"WNBMOOi","stop_name":"WESTWOOD NORTHER BLVD & MOOSEWOOD"},"geometry":{"type":"Point","coordinates":[-84.549904,39.13855]}},{"type":"Feature","properties":{"stop_id":"WNBMOOo","stop_name":"WESTWOOD NORTHERN BLVD & MOOSEWOOD"},"geometry":{"type":"Point","coordinates":[-84.549835,39.138729]}},{"type":"Feature","properties":{"stop_id":"WNBNORi","stop_name":"WESTWOOD NORTHERN BLVD & NORTH BEND"},"geometry":{"type":"Point","coordinates":[-84.606483,39.164745]}},{"type":"Feature","properties":{"stop_id":"WNBSUTi","stop_name":"WESTWOOD NORTHERN BLVD & SUTTER"},"geometry":{"type":"Point","coordinates":[-84.560005,39.14402]}},{"type":"Feature","properties":{"stop_id":"WNBWASi","stop_name":"WESTWOOD NORTHERN BLVD & WASHINGTON"},"geometry":{"type":"Point","coordinates":[-84.613831,39.165581]}},{"type":"Feature","properties":{"stop_id":"WNBWASo","stop_name":"WESTWOOD NORTHERN BLVD & WASHINGTON"},"geometry":{"type":"Point","coordinates":[-84.61412,39.165459]}},{"type":"Feature","properties":{"stop_id":"WOLANDo","stop_name":"WOLFANGEL RD & ANDERSON OAKS DR"},"geometry":{"type":"Point","coordinates":[-84.345276,39.078274]}},{"type":"Feature","properties":{"stop_id":"WOLBEEo","stop_name":"WOLFANGEL RD & BEECHMONT AVE"},"geometry":{"type":"Point","coordinates":[-84.345284,39.073223]}},{"type":"Feature","properties":{"stop_id":"WOLBOWo","stop_name":"WOLFANGEL RD & BOWEN ST"},"geometry":{"type":"Point","coordinates":[-84.345207,39.074974]}},{"type":"Feature","properties":{"stop_id":"WOLEMEo","stop_name":"WOLFANGEL RD & EMERALD GLADE LN"},"geometry":{"type":"Point","coordinates":[-84.345528,39.081917]}},{"type":"Feature","properties":{"stop_id":"WOO119w","stop_name":"WOOSTER PK 119"},"geometry":{"type":"Point","coordinates":[-84.299988,39.169945]}},{"type":"Feature","properties":{"stop_id":"WOO120e","stop_name":"WOOSTER PK 120"},"geometry":{"type":"Point","coordinates":[-84.299942,39.16959]}},{"type":"Feature","properties":{"stop_id":"WOO25w","stop_name":"WOOSTER PK 25"},"geometry":{"type":"Point","coordinates":[-84.299347,39.171223]}},{"type":"Feature","properties":{"stop_id":"WOO3812w","stop_name":"WOOSTER PK 3812"},"geometry":{"type":"Point","coordinates":[-84.365936,39.144108]}},{"type":"Feature","properties":{"stop_id":"WOO7231e","stop_name":"WOOSTER PK 7231"},"geometry":{"type":"Point","coordinates":[-84.366142,39.143993]}},{"type":"Feature","properties":{"stop_id":"WOO7385e","stop_name":"WOOSTER PK 7385"},"geometry":{"type":"Point","coordinates":[-84.361366,39.142323]}},{"type":"Feature","properties":{"stop_id":"WOO740w","stop_name":"WOOSTER PK 740"},"geometry":{"type":"Point","coordinates":[-84.312744,39.163349]}},{"type":"Feature","properties":{"stop_id":"WOO745e","stop_name":"WOOSTER PK 745"},"geometry":{"type":"Point","coordinates":[-84.312233,39.163464]}},{"type":"Feature","properties":{"stop_id":"WOO7543e","stop_name":"WOOSTER PK 7543"},"geometry":{"type":"Point","coordinates":[-84.356514,39.140427]}},{"type":"Feature","properties":{"stop_id":"WOO8201e","stop_name":"WOOSTER PK 8201"},"geometry":{"type":"Point","coordinates":[-84.338951,39.142715]}},{"type":"Feature","properties":{"stop_id":"WOO8288w","stop_name":"WOOSTER PK 8288"},"geometry":{"type":"Point","coordinates":[-84.339455,39.142502]}},{"type":"Feature","properties":{"stop_id":"WOOASHe","stop_name":"WOOSTER PK & ASHLEY OAKS DR"},"geometry":{"type":"Point","coordinates":[-84.355438,39.139828]}},{"type":"Feature","properties":{"stop_id":"WOOASHw","stop_name":"WOOSTER RD & ASHLEY OAKS DR"},"geometry":{"type":"Point","coordinates":[-84.35479,39.139668]}},{"type":"Feature","properties":{"stop_id":"WOOBEEo","stop_name":"WOOSTER PK & BEECH ST"},"geometry":{"type":"Point","coordinates":[-84.383614,39.144714]}},{"type":"Feature","properties":{"stop_id":"WOOBURo","stop_name":"WOODBURN AVE & BURDETTE AVE"},"geometry":{"type":"Point","coordinates":[-84.478134,39.127666]}},{"type":"Feature","properties":{"stop_id":"WOOCHAw","stop_name":"WOODBURN AVE & CHAPEL ST"},"geometry":{"type":"Point","coordinates":[-84.476791,39.130398]}},{"type":"Feature","properties":{"stop_id":"WOODFAIi","stop_name":"WOODBURN AVE & FAIRFAX AVE"},"geometry":{"type":"Point","coordinates":[-84.476097,39.135715]}},{"type":"Feature","properties":{"stop_id":"WOOELMe","stop_name":"WOOSTER PK & ELM AVE"},"geometry":{"type":"Point","coordinates":[-84.319855,39.156628]}},{"type":"Feature","properties":{"stop_id":"WOOFAIn","stop_name":"WOODBURN AVE & FAIRFAX AVE"},"geometry":{"type":"Point","coordinates":[-84.475945,39.135494]}},{"type":"Feature","properties":{"stop_id":"WOOGILe","stop_name":"WOODBURN AVE & GILPIN AVE"},"geometry":{"type":"Point","coordinates":[-84.476273,39.133102]}},{"type":"Feature","properties":{"stop_id":"WOOGILw","stop_name":"WOODBURN AVE & GILPIN AVE"},"geometry":{"type":"Point","coordinates":[-84.476517,39.132969]}},{"type":"Feature","properties":{"stop_id":"WOOGIVi","stop_name":"WOOSTER PIKE & GIVEN RD"},"geometry":{"type":"Point","coordinates":[-84.308548,39.165981]}},{"type":"Feature","properties":{"stop_id":"WOOGIVo","stop_name":"WOOSTER PIKE & GIVEN RD"},"geometry":{"type":"Point","coordinates":[-84.309204,39.165413]}},{"type":"Feature","properties":{"stop_id":"WOOGLEe","stop_name":"WOOSTER PK & GLENDALE MILFORD RD"},"geometry":{"type":"Point","coordinates":[-84.299065,39.171329]}},{"type":"Feature","properties":{"stop_id":"WOOLINe","stop_name":"WOODBURN AVE & LINCOLN AVE"},"geometry":{"type":"Point","coordinates":[-84.476494,39.131512]}},{"type":"Feature","properties":{"stop_id":"WOOLINw","stop_name":"WOODBURN AVE & LINCOLN AVE"},"geometry":{"type":"Point","coordinates":[-84.476608,39.131691]}},{"type":"Feature","properties":{"stop_id":"WOOMADe","stop_name":"WOODBURN AVE & MADISON RD"},"geometry":{"type":"Point","coordinates":[-84.476631,39.129898]}},{"type":"Feature","properties":{"stop_id":"WOOMADo","stop_name":"WOODBURN AVE & MADISON RD"},"geometry":{"type":"Point","coordinates":[-84.476662,39.129353]}},{"type":"Feature","properties":{"stop_id":"WOOMCMo","stop_name":"WOODBURN AVE & MCMILLAN ST MB"},"geometry":{"type":"Point","coordinates":[-84.479744,39.125874]}},{"type":"Feature","properties":{"stop_id":"WOOMEAe","stop_name":"WOOSTER PK & MEADOWLARK LN"},"geometry":{"type":"Point","coordinates":[-84.39344,39.141167]}},{"type":"Feature","properties":{"stop_id":"WOOMEAw","stop_name":"WOOSTER PK & MEADOW LARK LN"},"geometry":{"type":"Point","coordinates":[-84.393738,39.141335]}},{"type":"Feature","properties":{"stop_id":"WOOMIAi","stop_name":"WOOSTER PK & MIAMI RD"},"geometry":{"type":"Point","coordinates":[-84.374916,39.144844]}},{"type":"Feature","properties":{"stop_id":"WOOMONw","stop_name":"WOODFORD RD & MONTGOMERY RD"},"geometry":{"type":"Point","coordinates":[-84.428703,39.181644]}},{"type":"Feature","properties":{"stop_id":"WOOMYRi","stop_name":"WOODBURN AVE & MYRTLE AVE"},"geometry":{"type":"Point","coordinates":[-84.477936,39.128174]}},{"type":"Feature","properties":{"stop_id":"WOONEWe","stop_name":"WOOSTER PK & NEW ST"},"geometry":{"type":"Point","coordinates":[-84.306458,39.166561]}},{"type":"Feature","properties":{"stop_id":"WOOOAKw","stop_name":"WOOSTER PK & OAK ST"},"geometry":{"type":"Point","coordinates":[-84.38166,39.145309]}},{"type":"Feature","properties":{"stop_id":"WOOPARie","stop_name":"WOOSTER RD & PARK LN"},"geometry":{"type":"Point","coordinates":[-84.383728,39.144482]}},{"type":"Feature","properties":{"stop_id":"WOOPLAe","stop_name":"WOOSTER PK & PLAINVILLE RD"},"geometry":{"type":"Point","coordinates":[-84.378532,39.145222]}},{"type":"Feature","properties":{"stop_id":"WOOPLAw","stop_name":"WOOSTER PK & PLAINVILLE RD"},"geometry":{"type":"Point","coordinates":[-84.378899,39.145397]}},{"type":"Feature","properties":{"stop_id":"WOOSOAKe","stop_name":"WOOSTER PK & OAK ST"},"geometry":{"type":"Point","coordinates":[-84.381828,39.145107]}},{"type":"Feature","properties":{"stop_id":"WOOSPRw","stop_name":"WOOSTER PK & SPRING ST"},"geometry":{"type":"Point","coordinates":[-84.360878,39.142345]}},{"type":"Feature","properties":{"stop_id":"WOOTAFw","stop_name":"WOODBURN AVE & TAFT RD"},"geometry":{"type":"Point","coordinates":[-84.478722,39.1273]}},{"type":"Feature","properties":{"stop_id":"WOOTRAo","stop_name":"WOOSTER RD & TRADE ST"},"geometry":{"type":"Point","coordinates":[-84.394806,39.139839]}},{"type":"Feature","properties":{"stop_id":"WOOWALw","stop_name":"WOOSTER PK & WALTON CREEK RD"},"geometry":{"type":"Point","coordinates":[-84.358414,39.141479]}},{"type":"Feature","properties":{"stop_id":"WOOWATe","stop_name":"WOOSTER PK & WATTERSON RD"},"geometry":{"type":"Point","coordinates":[-84.388939,39.142754]}},{"type":"Feature","properties":{"stop_id":"WOOWATw","stop_name":"WOOSTER PK & WATTERSON RD"},"geometry":{"type":"Point","coordinates":[-84.388786,39.142994]}},{"type":"Feature","properties":{"stop_id":"WOOWESe","stop_name":"WOOSTER PK & WESTERN AVE"},"geometry":{"type":"Point","coordinates":[-84.314018,39.162304]}},{"type":"Feature","properties":{"stop_id":"WOOWESw","stop_name":"WOOSTER PK & WESTERN AVE"},"geometry":{"type":"Point","coordinates":[-84.313934,39.162575]}},{"type":"Feature","properties":{"stop_id":"WOOWILLw","stop_name":"WOOSTER RD & WILLOW RUN LN"},"geometry":{"type":"Point","coordinates":[-84.332039,39.148716]}},{"type":"Feature","properties":{"stop_id":"WOOWREe","stop_name":"WOOSTER PK & WRENWOOD LN"},"geometry":{"type":"Point","coordinates":[-84.317848,39.159439]}},{"type":"Feature","properties":{"stop_id":"WOOWREw","stop_name":"WOOSTER PK & WRENWOOD LN"},"geometry":{"type":"Point","coordinates":[-84.317902,39.159687]}},{"type":"Feature","properties":{"stop_id":"WWMALLo","stop_name":"WESTERN WOODS MALL FACTORY DIRECT"},"geometry":{"type":"Point","coordinates":[-84.622421,39.148491]}},{"type":"Feature","properties":{"stop_id":"WWMPARKo","stop_name":"WESTERNWOODS MALL & PARKCREST LN"},"geometry":{"type":"Point","coordinates":[-84.620689,39.148273]}},{"type":"Feature","properties":{"stop_id":"WYOANNi","stop_name":"WYOMING AVE & ANNA ST"},"geometry":{"type":"Point","coordinates":[-84.456566,39.227245]}},{"type":"Feature","properties":{"stop_id":"WYOANNo","stop_name":"WYOMING AVE & ANNA ST"},"geometry":{"type":"Point","coordinates":[-84.456406,39.227085]}},{"type":"Feature","properties":{"stop_id":"WYOFORRi","stop_name":"WYOMING AVE & FORRER ST"},"geometry":{"type":"Point","coordinates":[-84.4524,39.225563]}},{"type":"Feature","properties":{"stop_id":"WYOWESe","stop_name":"WYOMING AVE & WESTMONT DR"},"geometry":{"type":"Point","coordinates":[-84.574387,39.121941]}},{"type":"Feature","properties":{"stop_id":"WYOWESw","stop_name":"WYOMING AVE & WESTMONT DR"},"geometry":{"type":"Point","coordinates":[-84.574593,39.121956]}},{"type":"Feature","properties":{"stop_id":"WYOWILo","stop_name":"WYOMING AVE & WILLIAMS AVE"},"geometry":{"type":"Point","coordinates":[-84.452568,39.225437]}},{"type":"Feature","properties":{"stop_id":"place_12Ma","stop_name":"12th & Main"},"geometry":{"type":"Point","coordinates":[-84.511396,39.108148]}},{"type":"Feature","properties":{"stop_id":"place_12Vi","stop_name":"12th & Vine"},"geometry":{"type":"Point","coordinates":[-84.514778,39.108305]}},{"type":"Feature","properties":{"stop_id":"place_14El","stop_name":"14th & Elm"},"geometry":{"type":"Point","coordinates":[-84.518584,39.110111]}},{"type":"Feature","properties":{"stop_id":"place_2&Ma","stop_name":"Second at Main"},"geometry":{"type":"Point","coordinates":[-84.509772,39.098318]}},{"type":"Feature","properties":{"stop_id":"place_3&Sy","stop_name":"3rd & Sycamore"},"geometry":{"type":"Point","coordinates":[-84.507502,39.099397]}},{"type":"Feature","properties":{"stop_id":"place_4&Ma","stop_name":"4th/Main"},"geometry":{"type":"Point","coordinates":[-84.50945,39.100431]}},{"type":"Feature","properties":{"stop_id":"place_4&Pl","stop_name":"4th & Plum"},"geometry":{"type":"Point","coordinates":[-84.517214,39.09928]}},{"type":"Feature","properties":{"stop_id":"place_4&Sy","stop_name":"4th & Sycamore"},"geometry":{"type":"Point","coordinates":[-84.507827,39.100672]}},{"type":"Feature","properties":{"stop_id":"place_4&Vi","stop_name":"4th St & Vine St"},"geometry":{"type":"Point","coordinates":[-84.51267,39.099915]}},{"type":"Feature","properties":{"stop_id":"place_5&Sy","stop_name":"5th & Sycamore"},"geometry":{"type":"Point","coordinates":[-84.508128,39.101868]}},{"type":"Feature","properties":{"stop_id":"place_5Elm","stop_name":"5th at Elm"},"geometry":{"type":"Point","coordinates":[-84.516203,39.100718]}},{"type":"Feature","properties":{"stop_id":"place_6&Ma","stop_name":"6th & Main"},"geometry":{"type":"Point","coordinates":[-84.510543,39.102857]}},{"type":"Feature","properties":{"stop_id":"place_6&Pl","stop_name":"6th at Plum"},"geometry":{"type":"Point","coordinates":[-84.518387,39.101815]}},{"type":"Feature","properties":{"stop_id":"place_6&Sy","stop_name":"Sixth Street & Sycamore Street"},"geometry":{"type":"Point","coordinates":[-84.508465,39.103173]}},{"type":"Feature","properties":{"stop_id":"place_7&Ce","stop_name":"7th & Central"},"geometry":{"type":"Point","coordinates":[-84.519999,39.10273]}},{"type":"Feature","properties":{"stop_id":"place_8&Gr","stop_name":"8th & Greenwich"},"geometry":{"type":"Point","coordinates":[-84.596766,39.108833]}},{"type":"Feature","properties":{"stop_id":"place_8&Li","stop_name":"8th & Linn"},"geometry":{"type":"Point","coordinates":[-84.529597,39.103276]}},{"type":"Feature","properties":{"stop_id":"place_8&Ma","stop_name":"8th & Main"},"geometry":{"type":"Point","coordinates":[-84.510591,39.10493]}},{"type":"Feature","properties":{"stop_id":"place_8&St","stop_name":"8th & State"},"geometry":{"type":"Point","coordinates":[-84.551827,39.105181]}},{"type":"Feature","properties":{"stop_id":"place_8Elb","stop_name":"8th & Elberon"},"geometry":{"type":"Point","coordinates":[-84.566155,39.105647]}},{"type":"Feature","properties":{"stop_id":"place_9&Vi","stop_name":"9th & Vine"},"geometry":{"type":"Point","coordinates":[-84.514041,39.105379]}},{"type":"Feature","properties":{"stop_id":"place_9&Wa","stop_name":"9th & Walnut"},"geometry":{"type":"Point","coordinates":[-84.512434,39.105625]}},{"type":"Feature","properties":{"stop_id":"place_9Cen","stop_name":"9th Street/Central Ave"},"geometry":{"type":"Point","coordinates":[-84.520559,39.10439]}},{"type":"Feature","properties":{"stop_id":"place_Addy","stop_name":"Main & Dinning"},"geometry":{"type":"Point","coordinates":[-84.711612,39.137866]}},{"type":"Feature","properties":{"stop_id":"place_AFry","stop_name":"Anderson Ferry"},"geometry":{"type":"Point","coordinates":[-84.623418,39.077217]}},{"type":"Feature","properties":{"stop_id":"place_Aik","stop_name":"Aiken High School"},"geometry":{"type":"Point","coordinates":[-84.547796,39.191967]}},{"type":"Feature","properties":{"stop_id":"place_AnSt","stop_name":"Town Center Way at Anderson Center EOL"},"geometry":{"type":"Point","coordinates":[-84.350678,39.079185]}},{"type":"Feature","properties":{"stop_id":"place_ArtM","stop_name":"Art Museum"},"geometry":{"type":"Point","coordinates":[-84.49741,39.112828]}},{"type":"Feature","properties":{"stop_id":"place_Bain","stop_name":"Riverside & Bains"},"geometry":{"type":"Point","coordinates":[-84.489769,39.111074]}},{"type":"Feature","properties":{"stop_id":"place_Bank","stop_name":"Bank & Dalton"},"geometry":{"type":"Point","coordinates":[-84.53581,39.119787]}},{"type":"Feature","properties":{"stop_id":"place_Be8M","stop_name":"8 Mile & Beechmont"},"geometry":{"type":"Point","coordinates":[-84.322516,39.072801]}},{"type":"Feature","properties":{"stop_id":"place_BeCo","stop_name":"Beechmont & Corbly"},"geometry":{"type":"Point","coordinates":[-84.387074,39.094023]}},{"type":"Feature","properties":{"stop_id":"place_BeQu","stop_name":"Beekman & Queen City"},"geometry":{"type":"Point","coordinates":[-84.545617,39.126308]}},{"type":"Feature","properties":{"stop_id":"place_BHGa","stop_name":"Bond Hill Garage"},"geometry":{"type":"Point","coordinates":[-84.478228,39.171882]}},{"type":"Feature","properties":{"stop_id":"place_Blue","stop_name":"Blue Ash/Cooper"},"geometry":{"type":"Point","coordinates":[-84.378784,39.231499]}},{"type":"Feature","properties":{"stop_id":"place_BoQC","stop_name":"Boudinot & Queen City"},"geometry":{"type":"Point","coordinates":[-84.604718,39.136309]}},{"type":"Feature","properties":{"stop_id":"place_Bram","stop_name":"Bramble & Whetsel"},"geometry":{"type":"Point","coordinates":[-84.39353,39.151771]}},{"type":"Feature","properties":{"stop_id":"place_BrMo","stop_name":"Brewster & Montgomery"},"geometry":{"type":"Point","coordinates":[-84.469554,39.143691]}},{"type":"Feature","properties":{"stop_id":"place_BrRi","stop_name":"Brotherton & Ridge"},"geometry":{"type":"Point","coordinates":[-84.422974,39.153894]}},{"type":"Feature","properties":{"stop_id":"place_BWNB","stop_name":"W No Blvd & Boud"},"geometry":{"type":"Point","coordinates":[-84.601976,39.162806]}},{"type":"Feature","properties":{"stop_id":"place_CaLo","stop_name":"Casey Loop"},"geometry":{"type":"Point","coordinates":[-84.548661,39.17809]}},{"type":"Feature","properties":{"stop_id":"place_CeEz","stop_name":"Central & Ezzard Charles Drive"},"geometry":{"type":"Point","coordinates":[-84.519947,39.109339]}},{"type":"Feature","properties":{"stop_id":"place_Cent","stop_name":"Vineyard EOL Layover"},"geometry":{"type":"Point","coordinates":[-84.454591,39.281721]}},{"type":"Feature","properties":{"stop_id":"place_ChHo","stop_name":"Christ Hospital"},"geometry":{"type":"Point","coordinates":[-84.508717,39.118964]}},{"type":"Feature","properties":{"stop_id":"place_ChiM","stop_name":"Chicago Ave & Mangham"},"geometry":{"type":"Point","coordinates":[-84.450605,39.248067]}},{"type":"Feature","properties":{"stop_id":"place_ChJo","stop_name":"Cheviot & Joseph"},"geometry":{"type":"Point","coordinates":[-84.599185,39.231484]}},{"type":"Feature","properties":{"stop_id":"place_ChNB","stop_name":"Cheviot & North Bend"},"geometry":{"type":"Point","coordinates":[-84.599294,39.19088]}},{"type":"Feature","properties":{"stop_id":"place_ClNa","stop_name":"Clough Pike & Nagel"},"geometry":{"type":"Point","coordinates":[-84.330382,39.088512]}},{"type":"Feature","properties":{"stop_id":"place_CoGa","stop_name":"Colerain & Galbraith"},"geometry":{"type":"Point","coordinates":[-84.586098,39.220036]}},{"type":"Feature","properties":{"stop_id":"place_CoHa","stop_name":"Compton & Hamilton"},"geometry":{"type":"Point","coordinates":[-84.549495,39.232596]}},{"type":"Feature","properties":{"stop_id":"place_CoHo","stop_name":"Colerain & Hopple"},"geometry":{"type":"Point","coordinates":[-84.537357,39.137059]}},{"type":"Feature","properties":{"stop_id":"place_CoNB","stop_name":"Colerain & North Bend"},"geometry":{"type":"Point","coordinates":[-84.570497,39.191159]}},{"type":"Feature","properties":{"stop_id":"place_CoRo","stop_name":"Colerain & Round Top"},"geometry":{"type":"Point","coordinates":[-84.593558,39.239748]}},{"type":"Feature","properties":{"stop_id":"place_CoTC","stop_name":"Colerain Towne Center"},"geometry":{"type":"Point","coordinates":[-84.602388,39.261493]}},{"type":"Feature","properties":{"stop_id":"place_CP&V","stop_name":"Central Parkway & Vine"},"geometry":{"type":"Point","coordinates":[-84.514464,39.10706]}},{"type":"Feature","properties":{"stop_id":"place_CSyc","stop_name":"Sycamore at Court"},"geometry":{"type":"Point","coordinates":[-84.509374,39.106732]}},{"type":"Feature","properties":{"stop_id":"place_Dana","stop_name":"Montgomery & Dana"},"geometry":{"type":"Point","coordinates":[-84.467856,39.146273]}},{"type":"Feature","properties":{"stop_id":"place_DaRe","stop_name":"Dana & Reading"},"geometry":{"type":"Point","coordinates":[-84.483733,39.15275]}},{"type":"Feature","properties":{"stop_id":"place_DeLi","stop_name":"Delta & Linwood"},"geometry":{"type":"Point","coordinates":[-84.430259,39.128995]}},{"type":"Feature","properties":{"stop_id":"place_Delt","stop_name":"Columbia Pkwy & Delta"},"geometry":{"type":"Point","coordinates":[-84.439286,39.1172]}},{"type":"Feature","properties":{"stop_id":"place_DltE","stop_name":"Delta & Erie"},"geometry":{"type":"Point","coordinates":[-84.426768,39.137968]}},{"type":"Feature","properties":{"stop_id":"place_DrBk","stop_name":"Dreman & Beekman"},"geometry":{"type":"Point","coordinates":[-84.550538,39.153482]}},{"type":"Feature","properties":{"stop_id":"place_DryF","stop_name":"Dry Fork Rd & I-74"},"geometry":{"type":"Point","coordinates":[-84.77053,39.242348]}},{"type":"Feature","properties":{"stop_id":"place_DTSq","stop_name":"Delhi Towne Square"},"geometry":{"type":"Point","coordinates":[-84.610115,39.095236]}},{"type":"Feature","properties":{"stop_id":"place_EaGa","stop_name":"Union Township Park & Ride"},"geometry":{"type":"Point","coordinates":[-84.275999,39.092004]}},{"type":"Feature","properties":{"stop_id":"place_EaLi","stop_name":"Eastern & Linwood"},"geometry":{"type":"Point","coordinates":[-84.416409,39.121614]}},{"type":"Feature","properties":{"stop_id":"place_ElGl","stop_name":"Elm & Glass Alley"},"geometry":{"type":"Point","coordinates":[-84.519809,39.114973]}},{"type":"Feature","properties":{"stop_id":"place_ElLi","stop_name":"Elm & Liberty"},"geometry":{"type":"Point","coordinates":[-84.519318,39.113105]}},{"type":"Feature","properties":{"stop_id":"place_Elm","stop_name":"Elm-Wooster Pike-Givens Rd"},"geometry":{"type":"Point","coordinates":[-84.309086,39.165582]}},{"type":"Feature","properties":{"stop_id":"place_ElSe","stop_name":"Elbrook & Section"},"geometry":{"type":"Point","coordinates":[-84.449076,39.19577]}},{"type":"Feature","properties":{"stop_id":"place_Este","stop_name":"Este Layover"},"geometry":{"type":"Point","coordinates":[-84.489997,39.19459]}},{"type":"Feature","properties":{"stop_id":"place_Ethel","stop_name":"Ethel Taylor Academy"},"geometry":{"type":"Point","coordinates":[-84.551319,39.148139]}},{"type":"Feature","properties":{"stop_id":"place_EuTa","stop_name":"Euclid at Taft"},"geometry":{"type":"Point","coordinates":[-84.508733,39.127708]}},{"type":"Feature","properties":{"stop_id":"place_Evan","stop_name":"Evanston Academy"},"geometry":{"type":"Point","coordinates":[-84.470284,39.135253]}},{"type":"Feature","properties":{"stop_id":"place_EvCo","stop_name":"Evendale Commons"},"geometry":{"type":"Point","coordinates":[-84.426835,39.250529]}},{"type":"Feature","properties":{"stop_id":"place_EvLO","stop_name":"Evendale Commons Layover"},"geometry":{"type":"Point","coordinates":[-84.430148,39.250752]}},{"type":"Feature","properties":{"stop_id":"place_FAME","stop_name":"FAIRFIELD MEIJER & KOLB DR"},"geometry":{"type":"Point","coordinates":[-84.525274,39.30638]}},{"type":"Feature","properties":{"stop_id":"place_FaWi","stop_name":"Farragut & Winton"},"geometry":{"type":"Point","coordinates":[-84.52337,39.267173]}},{"type":"Feature","properties":{"stop_id":"place_FaWo","stop_name":"Fairfax & Woodburn"},"geometry":{"type":"Point","coordinates":[-84.476013,39.135484]}},{"type":"Feature","properties":{"stop_id":"place_Fbnk","stop_name":"Fairbanks & River"},"geometry":{"type":"Point","coordinates":[-84.568988,39.088218]}},{"type":"Feature","properties":{"stop_id":"place_FPPR","stop_name":"Forest Park Park & Ride"},"geometry":{"type":"Point","coordinates":[-84.522657,39.293602]}},{"type":"Feature","properties":{"stop_id":"place_GaHa","stop_name":"Galbraith at Hamilton"},"geometry":{"type":"Point","coordinates":[-84.549468,39.217816]}},{"type":"Feature","properties":{"stop_id":"place_GaPl","stop_name":"Galbraith & Plainfield"},"geometry":{"type":"Point","coordinates":[-84.399595,39.208488]}},{"type":"Feature","properties":{"stop_id":"place_GaVi","stop_name":"Galbraith & Vine"},"geometry":{"type":"Point","coordinates":[-84.473598,39.212371]}},{"type":"Feature","properties":{"stop_id":"place_GCTC","stop_name":"Glenway Crossing Transit Center"},"geometry":{"type":"Point","coordinates":[-84.614929,39.13058]}},{"type":"Feature","properties":{"stop_id":"place_GHPR","stop_name":"Greenhills Park & Ride"},"geometry":{"type":"Point","coordinates":[-84.521278,39.268992]}},{"type":"Feature","properties":{"stop_id":"place_GiEl","stop_name":"Gilbert & Elsinore"},"geometry":{"type":"Point","coordinates":[-84.500068,39.113022]}},{"type":"Feature","properties":{"stop_id":"place_Gmbl","stop_name":"Gamble High School"},"geometry":{"type":"Point","coordinates":[-84.60103,39.140349]}},{"type":"Feature","properties":{"stop_id":"place_Good","stop_name":"Goodman & Burnet"},"geometry":{"type":"Point","coordinates":[-84.500867,39.136617]}},{"type":"Feature","properties":{"stop_id":"place_GrRv","stop_name":"Gracely Dr & River Rd"},"geometry":{"type":"Point","coordinates":[-84.683142,39.103864]}},{"type":"Feature","properties":{"stop_id":"place_GSam","stop_name":"Good Sam Hopsital"},"geometry":{"type":"Point","coordinates":[-84.519681,39.138868]}},{"type":"Feature","properties":{"stop_id":"place_GSq","stop_name":"Government Square"},"geometry":{"type":"Point","coordinates":[-84.511315,39.101502]}},{"type":"Feature","properties":{"stop_id":"place_GWil","stop_name":"Goodwill Industries"},"geometry":{"type":"Point","coordinates":[-84.466259,39.263069]}},{"type":"Feature","properties":{"stop_id":"place_HaEp","stop_name":"Harrison & Epworth"},"geometry":{"type":"Point","coordinates":[-84.599726,39.150184]}},{"type":"Feature","properties":{"stop_id":"place_HaMc","stop_name":"Harrison & McHenry"},"geometry":{"type":"Point","coordinates":[-84.580701,39.140669]}},{"type":"Feature","properties":{"stop_id":"place_HaQC","stop_name":"Harrison & Queen City"},"geometry":{"type":"Point","coordinates":[-84.548165,39.125733]}},{"type":"Feature","properties":{"stop_id":"place_Harr","stop_name":"Harrison Center"},"geometry":{"type":"Point","coordinates":[-84.793933,39.25157]}},{"type":"Feature","properties":{"stop_id":"place_HaWa","stop_name":"Harrison & Washington"},"geometry":{"type":"Point","coordinates":[-84.614819,39.157169]}},{"type":"Feature","properties":{"stop_id":"place_HeEl","stop_name":"Henry & Elm (Rhinegeist)"},"geometry":{"type":"Point","coordinates":[-84.520439,39.117419]}},{"type":"Feature","properties":{"stop_id":"place_HilV","stop_name":"Hillsdale & Vine"},"geometry":{"type":"Point","coordinates":[-84.473658,39.217362]}},{"type":"Feature","properties":{"stop_id":"place_HPPl","stop_name":"Hyde Park Plaza main entrance"},"geometry":{"type":"Point","coordinates":[-84.429176,39.146765]}},{"type":"Feature","properties":{"stop_id":"place_HuCo","stop_name":"Hughes Corner"},"geometry":{"type":"Point","coordinates":[-84.520736,39.128608]}},{"type":"Feature","properties":{"stop_id":"place_Hunt","stop_name":"Hunt Rd Layover"},"geometry":{"type":"Point","coordinates":[-84.375079,39.230067]}},{"type":"Feature","properties":{"stop_id":"place_JeBe","stop_name":"Jefferson & Benson"},"geometry":{"type":"Point","coordinates":[-84.444838,39.222875]}},{"type":"Feature","properties":{"stop_id":"place_K.I.","stop_name":"Kings Island Park & Ride"},"geometry":{"type":"Point","coordinates":[-84.278026,39.339604]}},{"type":"Feature","properties":{"stop_id":"place_Ke42","stop_name":"Kemper Rd at US-42"},"geometry":{"type":"Point","coordinates":[-84.401087,39.282946]}},{"type":"Feature","properties":{"stop_id":"place_KeCh","stop_name":"Kemper & Chester"},"geometry":{"type":"Point","coordinates":[-84.443045,39.28409]}},{"type":"Feature","properties":{"stop_id":"place_KeLo","stop_name":"Kenwood Rd at Kenwood Loop"},"geometry":{"type":"Point","coordinates":[-84.385157,39.160793]}},{"type":"Feature","properties":{"stop_id":"place_KeMo","stop_name":"Kenwood & Montgomery"},"geometry":{"type":"Point","coordinates":[-84.380303,39.199959]}},{"type":"Feature","properties":{"stop_id":"place_KenK","stop_name":"Kenard Kroger"},"geometry":{"type":"Point","coordinates":[-84.513464,39.163816]}},{"type":"Feature","properties":{"stop_id":"place_KiCo","stop_name":"Kirby Colerain EOL"},"geometry":{"type":"Point","coordinates":[-84.572102,39.193428]}},{"type":"Feature","properties":{"stop_id":"place_KIDO","stop_name":"King's Island Drop Off"},"geometry":{"type":"Point","coordinates":[-84.272002,39.34767]}},{"type":"Feature","properties":{"stop_id":"place_KiMl","stop_name":"Kings Mill EOL"},"geometry":{"type":"Point","coordinates":[-84.260022,39.356651]}},{"type":"Feature","properties":{"stop_id":"place_LoLa","stop_name":"Longmeadow & Lamarque"},"geometry":{"type":"Point","coordinates":[-84.423195,39.214611]}},{"type":"Feature","properties":{"stop_id":"place_LoMo","stop_name":"Losantiville & Montgomery"},"geometry":{"type":"Point","coordinates":[-84.428896,39.181742]}},{"type":"Feature","properties":{"stop_id":"place_MaBr","stop_name":"Madison & Brotherton"},"geometry":{"type":"Point","coordinates":[-84.428133,39.154305]}},{"type":"Feature","properties":{"stop_id":"place_MaCo","stop_name":"Main at Court"},"geometry":{"type":"Point","coordinates":[-84.511076,39.106852]}},{"type":"Feature","properties":{"stop_id":"place_Mad","stop_name":"Madeira Layover (Dawson Road)"},"geometry":{"type":"Point","coordinates":[-84.363902,39.187948]}},{"type":"Feature","properties":{"stop_id":"place_Madv","stop_name":"Kenwood Loop"},"geometry":{"type":"Point","coordinates":[-84.385469,39.160507]}},{"type":"Feature","properties":{"stop_id":"place_MaLi","stop_name":"Main & Lila"},"geometry":{"type":"Point","coordinates":[-84.285848,39.177055]}},{"type":"Feature","properties":{"stop_id":"place_MCtr","stop_name":"Museum Center"},"geometry":{"type":"Point","coordinates":[-84.536699,39.109548]}},{"type":"Feature","properties":{"stop_id":"place_MeMo","stop_name":"Meijer P&R on Montgomery Rd"},"geometry":{"type":"Point","coordinates":[-84.294157,39.291261]}},{"type":"Feature","properties":{"stop_id":"place_Meri","stop_name":"Meredith-Hamilton"},"geometry":{"type":"Point","coordinates":[-84.547192,39.243961]}},{"type":"Feature","properties":{"stop_id":"place_MeWe","stop_name":"Mercy West Hospital"},"geometry":{"type":"Point","coordinates":[-84.598802,39.180505]}},{"type":"Feature","properties":{"stop_id":"place_Milf","stop_name":"Milford Layover"},"geometry":{"type":"Point","coordinates":[-84.2789,39.175412]}},{"type":"Feature","properties":{"stop_id":"place_MInn","stop_name":"Wooster Pike & Mariemont Inn"},"geometry":{"type":"Point","coordinates":[-84.374885,39.145163]}},{"type":"Feature","properties":{"stop_id":"place_MitV","stop_name":"Mitchell & Vine"},"geometry":{"type":"Point","coordinates":[-84.504391,39.160587]}},{"type":"Feature","properties":{"stop_id":"place_MLKR","stop_name":"ML King/Reading Rd"},"geometry":{"type":"Point","coordinates":[-84.496892,39.134885]}},{"type":"Feature","properties":{"stop_id":"place_MoAn","stop_name":"Montana & Anaconda"},"geometry":{"type":"Point","coordinates":[-84.584036,39.153659]}},{"type":"Feature","properties":{"stop_id":"place_MOC","stop_name":"5/3rd Bank Madisonville Ops Ctn"},"geometry":{"type":"Point","coordinates":[-84.407143,39.168656]}},{"type":"Feature","properties":{"stop_id":"place_MoCo","stop_name":"Mohawk Corner"},"geometry":{"type":"Point","coordinates":[-84.524835,39.11998]}},{"type":"Feature","properties":{"stop_id":"place_MoEp","stop_name":"Montana & Epworth"},"geometry":{"type":"Point","coordinates":[-84.599921,39.148479]}},{"type":"Feature","properties":{"stop_id":"place_MoKe","stop_name":"Montgomery & Kemper"},"geometry":{"type":"Point","coordinates":[-84.327144,39.272886]}},{"type":"Feature","properties":{"stop_id":"place_MoKy","stop_name":"Montgomery & Kennedy"},"geometry":{"type":"Point","coordinates":[-84.413804,39.188635]}},{"type":"Feature","properties":{"stop_id":"place_MoLe","stop_name":"Montgomery & Lester"},"geometry":{"type":"Point","coordinates":[-84.431467,39.180945]}},{"type":"Feature","properties":{"stop_id":"place_MoRe","stop_name":"Montgomery Road & Remington Road"},"geometry":{"type":"Point","coordinates":[-84.354089,39.228195]}},{"type":"Feature","properties":{"stop_id":"place_MoTy","stop_name":"Montgmery & Tyne"},"geometry":{"type":"Point","coordinates":[-84.41585,39.187821]}},{"type":"Feature","properties":{"stop_id":"place_MP&R","stop_name":"Meijer P&R"},"geometry":{"type":"Point","coordinates":[-84.602775,39.252624]}},{"type":"Feature","properties":{"stop_id":"place_MqMa","stop_name":"Sutter Ave EOL"},"geometry":{"type":"Point","coordinates":[-84.558001,39.141218]}},{"type":"Feature","properties":{"stop_id":"place_MtHe","stop_name":"Hilltop Plaza EOL"},"geometry":{"type":"Point","coordinates":[-84.546888,39.241442]}},{"type":"Feature","properties":{"stop_id":"place_MtSJ","stop_name":"Mount Saint Joseph"},"geometry":{"type":"Point","coordinates":[-84.639567,39.096486]}},{"type":"Feature","properties":{"stop_id":"place_NoEd","stop_name":"North Bend Rd & Edwood Ave"},"geometry":{"type":"Point","coordinates":[-84.538704,39.20248]}},{"type":"Feature","properties":{"stop_id":"place_NoHa","stop_name":"NORTH BEND & HAMILTON"},"geometry":{"type":"Point","coordinates":[-84.547667,39.203016]}},{"type":"Feature","properties":{"stop_id":"place_NoSp","stop_name":"Northland & Springfield"},"geometry":{"type":"Point","coordinates":[-84.485978,39.28241]}},{"type":"Feature","properties":{"stop_id":"place_NoWi","stop_name":"North Bend & Winton"},"geometry":{"type":"Point","coordinates":[-84.520916,39.201345]}},{"type":"Feature","properties":{"stop_id":"place_NTC","stop_name":"Northside Transit Center"},"geometry":{"type":"Point","coordinates":[-84.538291,39.159106]}},{"type":"Feature","properties":{"stop_id":"place_Obsv","stop_name":"Madison & Observatory"},"geometry":{"type":"Point","coordinates":[-84.455129,39.138142]}},{"type":"Feature","properties":{"stop_id":"place_OTC","stop_name":"OAKLEY TRANSIT CENTER"},"geometry":{"type":"Point","coordinates":[-84.423486,39.160846]}},{"type":"Feature","properties":{"stop_id":"place_Park","stop_name":"Parkcrest"},"geometry":{"type":"Point","coordinates":[-84.621172,39.14664]}},{"type":"Feature","properties":{"stop_id":"place_PeCo","stop_name":"Peebles Corner"},"geometry":{"type":"Point","coordinates":[-84.490352,39.125955]}},{"type":"Feature","properties":{"stop_id":"place_Pfei","stop_name":"Montgomery/Pfeiffer"},"geometry":{"type":"Point","coordinates":[-84.344416,39.250461]}},{"type":"Feature","properties":{"stop_id":"place_Pres","stop_name":"President culdesac"},"geometry":{"type":"Point","coordinates":[-84.557702,39.158732]}},{"type":"Feature","properties":{"stop_id":"place_Ra13","stop_name":"Race & 13th"},"geometry":{"type":"Point","coordinates":[-84.516647,39.109156]}},{"type":"Feature","properties":{"stop_id":"place_RaCo","stop_name":"Race & Court"},"geometry":{"type":"Point","coordinates":[-84.515952,39.106293]}},{"type":"Feature","properties":{"stop_id":"place_RaFi","stop_name":"Race at Findlay"},"geometry":{"type":"Point","coordinates":[-84.518548,39.116589]}},{"type":"Feature","properties":{"stop_id":"place_RaLi","stop_name":"Race & Liberty"},"geometry":{"type":"Point","coordinates":[-84.517582,39.112766]}},{"type":"Feature","properties":{"stop_id":"place_RdBr","stop_name":"Red Bank & Brotherton"},"geometry":{"type":"Point","coordinates":[-84.403737,39.151525]}},{"type":"Feature","properties":{"stop_id":"place_Re12","stop_name":"Reading & 12th"},"geometry":{"type":"Point","coordinates":[-84.504311,39.110255]}},{"type":"Feature","properties":{"stop_id":"place_ReEl","stop_name":"Reading & Elsinore"},"geometry":{"type":"Point","coordinates":[-84.503005,39.112267]}},{"type":"Feature","properties":{"stop_id":"place_ReGa","stop_name":"Reading & Galbraith"},"geometry":{"type":"Point","coordinates":[-84.447758,39.211542]}},{"type":"Feature","properties":{"stop_id":"place_RePi","stop_name":"Reading at Pendleton"},"geometry":{"type":"Point","coordinates":[-84.50656,39.109042]}},{"type":"Feature","properties":{"stop_id":"place_RfTC","stop_name":"Riverfront Transit Center"},"geometry":{"type":"Point","coordinates":[-84.515713,39.097414]}},{"type":"Feature","properties":{"stop_id":"place_RHCP","stop_name":"Reed Hartman & Cornell Park"},"geometry":{"type":"Point","coordinates":[-84.374014,39.273615]}},{"type":"Feature","properties":{"stop_id":"place_RosV","stop_name":"Vine & Ross"},"geometry":{"type":"Point","coordinates":[-84.497357,39.16957]}},{"type":"Feature","properties":{"stop_id":"place_RTCen","stop_name":"RiverfrontTransitCenter Entrance"},"geometry":{"type":"Point","coordinates":[-84.518531,39.097009]}},{"type":"Feature","properties":{"stop_id":"place_RTCex","stop_name":"RiverfrontTransitCenter Exit"},"geometry":{"type":"Point","coordinates":[-84.505561,39.098644]}},{"type":"Feature","properties":{"stop_id":"place_SaBu","stop_name":"Salem & Burney"},"geometry":{"type":"Point","coordinates":[-84.37549,39.074172]}},{"type":"Feature","properties":{"stop_id":"place_Salm","stop_name":"Salem/Beacon"},"geometry":{"type":"Point","coordinates":[-84.38288,39.075117]}},{"type":"Feature","properties":{"stop_id":"place_SeHi","stop_name":"Seven Hills EOL"},"geometry":{"type":"Point","coordinates":[-84.561518,39.273815]}},{"type":"Feature","properties":{"stop_id":"place_SeRe","stop_name":"Seymour & Reading"},"geometry":{"type":"Point","coordinates":[-84.46363,39.189195]}},{"type":"Feature","properties":{"stop_id":"place_ShPl","stop_name":"Sharonville Plaza"},"geometry":{"type":"Point","coordinates":[-84.390341,39.295975]}},{"type":"Feature","properties":{"stop_id":"place_Shrd","stop_name":"Shroder HS"},"geometry":{"type":"Point","coordinates":[-84.409674,39.164813]}},{"type":"Feature","properties":{"stop_id":"place_ShWy","stop_name":"Shepherd & Wyoming"},"geometry":{"type":"Point","coordinates":[-84.451521,39.224906]}},{"type":"Feature","properties":{"stop_id":"place_SpPk","stop_name":"OH 4 & Glendale-Milford Rd"},"geometry":{"type":"Point","coordinates":[-84.469277,39.254877]}},{"type":"Feature","properties":{"stop_id":"place_Stan","stop_name":"Stanley & Kellogg"},"geometry":{"type":"Point","coordinates":[-84.440128,39.113607]}},{"type":"Feature","properties":{"stop_id":"place_SuBl","stop_name":"Sutter & Bleecker EOL"},"geometry":{"type":"Point","coordinates":[-84.556434,39.13791]}},{"type":"Feature","properties":{"stop_id":"place_Summ","stop_name":"Reading at Summit"},"geometry":{"type":"Point","coordinates":[-84.455377,39.20288]}},{"type":"Feature","properties":{"stop_id":"place_SuSq","stop_name":"Surrey Square"},"geometry":{"type":"Point","coordinates":[-84.457372,39.158679]}},{"type":"Feature","properties":{"stop_id":"place_UKen","stop_name":"UC Blue Ash"},"geometry":{"type":"Point","coordinates":[-84.39877,39.233812]}},{"type":"Feature","properties":{"stop_id":"place_ViMc","stop_name":"McMillan & Vine"},"geometry":{"type":"Point","coordinates":[-84.511654,39.127319]}},{"type":"Feature","properties":{"stop_id":"place_VINI","stop_name":"Vine St & Nixon St"},"geometry":{"type":"Point","coordinates":[-84.509475,39.137772]}},{"type":"Feature","properties":{"stop_id":"place_ViTa","stop_name":"Victory Parkway & Taft Rd"},"geometry":{"type":"Point","coordinates":[-84.484367,39.127169]}},{"type":"Feature","properties":{"stop_id":"place_Wa&5","stop_name":"Walnut at 5th"},"geometry":{"type":"Point","coordinates":[-84.511341,39.101289]}},{"type":"Feature","properties":{"stop_id":"place_Wa&7","stop_name":"Walnut at 7th"},"geometry":{"type":"Point","coordinates":[-84.512007,39.103933]}},{"type":"Feature","properties":{"stop_id":"place_WaCa","stop_name":"Warsaw & Carson"},"geometry":{"type":"Point","coordinates":[-84.573657,39.111605]}},{"type":"Feature","properties":{"stop_id":"place_WalHls","stop_name":"Walnut Hills High School"},"geometry":{"type":"Point","coordinates":[-84.480181,39.137526]}},{"type":"Feature","properties":{"stop_id":"place_WeHi","stop_name":"Western Hills HS"},"geometry":{"type":"Point","coordinates":[-84.601413,39.124568]}},{"type":"Feature","properties":{"stop_id":"place_WiCo","stop_name":"Winton & Compton"},"geometry":{"type":"Point","coordinates":[-84.509842,39.231206]}},{"type":"Feature","properties":{"stop_id":"place_WiGa","stop_name":"Winton & Galbraith"},"geometry":{"type":"Point","coordinates":[-84.518246,39.215889]}},{"type":"Feature","properties":{"stop_id":"place_WiSt","stop_name":"Winneste & Strand"},"geometry":{"type":"Point","coordinates":[-84.514613,39.187271]}},{"type":"Feature","properties":{"stop_id":"place_WkR4","stop_name":"Kemper at OH-4"},"geometry":{"type":"Point","coordinates":[-84.488659,39.287534]}},{"type":"Feature","properties":{"stop_id":"place_WNMc","stop_name":"WESTWOOD NORTHERN BLVD & MCHENRY"},"geometry":{"type":"Point","coordinates":[-84.572624,39.146285]}},{"type":"Feature","properties":{"stop_id":"place_WoHe","stop_name":"Woodburn & Hewitt"},"geometry":{"type":"Point","coordinates":[-84.475155,39.137596]}}]}